,booking_complete
22526,0
29463,0
36330,0
1028,0
4580,0
41049,0
25990,0
41387,0
44565,0
39937,0
26506,0
4640,0
7642,0
879,0
33441,0
2730,0
49120,1
37222,0
39567,1
26188,0
34112,0
13883,0
16819,0
39408,0
7938,0
179,0
39088,0
9080,0
47826,1
47487,0
25245,0
3802,0
24860,0
27665,0
37184,0
17010,0
17374,0
11189,0
4603,0
18820,0
36856,0
15025,0
47858,0
11664,0
7904,0
11041,0
42867,1
6689,0
39187,0
32669,0
48878,1
30414,1
29480,1
27234,0
32033,0
31223,1
12134,0
11774,1
26795,0
36176,0
5668,1
29086,1
6795,0
18541,1
47070,0
25257,0
21225,0
3207,0
35270,1
26642,0
18192,1
19678,0
6812,0
42098,0
48746,0
37370,0
16449,1
46523,0
31379,1
28207,0
20886,0
31498,0
21027,0
47454,0
10309,0
46707,0
34103,1
40995,0
26049,0
16231,1
48615,0
45088,0
46541,0
12684,0
27319,0
45124,0
33022,0
29565,0
7711,0
7730,0
10563,0
30193,0
34843,0
37578,0
46683,0
140,0
29476,1
15233,0
40330,0
44610,1
20557,0
26019,0
38468,0
27967,1
19776,0
20650,0
45496,0
19119,0
12256,0
21332,0
25560,0
25460,0
5115,0
48535,1
39751,0
4291,0
11818,0
34646,1
44212,1
19585,0
39717,0
46348,0
20658,0
41132,0
46401,1
12681,0
31692,0
35140,1
494,0
35732,0
29706,1
7881,0
22254,0
7239,0
19093,0
25505,0
26659,0
4978,0
25527,0
159,0
34770,0
30689,1
36912,0
35429,0
27514,0
37860,0
22842,1
3542,0
49182,0
35177,0
26492,1
16051,1
502,1
15410,0
38425,0
5694,0
19740,0
30159,0
46414,0
22845,0
21741,0
8355,0
25449,0
16784,0
13378,0
42168,0
28078,0
49039,0
17748,0
39923,0
21657,0
10364,0
32264,0
15951,0
20357,0
9609,0
22840,0
27369,0
29390,0
49375,0
20169,0
1605,1
3749,1
33934,0
12823,0
12965,0
13494,0
36979,0
19299,0
33710,1
11887,0
20348,0
37952,0
13319,0
15047,0
17646,0
33201,0
22485,0
18086,1
10136,0
41781,0
8339,0
18759,0
11296,1
5963,0
7108,0
15319,1
9675,0
41762,0
35556,0
7425,0
49122,1
49652,0
29746,0
16383,1
34546,0
19801,0
44478,0
7414,0
23796,0
16953,0
13077,0
1836,0
27797,0
43192,0
571,0
14467,0
875,1
43042,0
40352,0
12062,0
11925,0
7310,0
20536,0
1126,0
46975,0
45168,0
25556,0
19199,0
24631,0
42942,0
48119,0
9530,0
6979,0
32372,0
13002,0
49545,1
3426,0
20407,0
44052,0
34356,0
27101,0
11730,0
26556,1
33407,0
14014,0
45701,1
37017,0
29243,0
16074,0
14462,0
19187,0
18288,0
3913,0
34441,1
40246,0
44636,0
22276,0
838,0
39873,0
40353,1
3395,0
24342,0
42078,0
6077,0
40064,0
13901,0
16538,0
7148,0
37472,0
24169,0
14140,0
11469,0
43019,0
26692,0
32201,0
44391,0
48363,1
44672,0
15815,0
47066,0
49608,0
37173,0
14208,0
12206,0
21560,0
19868,0
32246,1
12847,0
17615,0
28606,0
3260,0
12882,0
1297,0
38819,0
1639,0
8923,0
13140,0
77,0
33829,1
47721,1
11107,1
27327,0
43135,1
26425,0
31345,0
41130,0
6874,0
47419,0
38517,0
22931,0
208,1
40898,0
16374,0
48671,0
37304,0
21683,0
28874,0
11918,0
39419,0
3672,0
263,0
31962,0
45824,0
11968,0
42311,0
25998,0
13643,0
13141,0
46012,0
41705,0
37140,0
28719,0
32307,1
36742,0
37838,0
41543,1
28914,0
4292,0
27942,0
6424,0
40396,0
2006,1
11863,0
4616,0
1139,0
10781,0
46804,0
2554,0
23195,0
9273,0
31548,0
6928,0
10212,0
22202,0
2754,0
25716,0
35007,0
9532,0
18952,0
22503,0
6933,0
28454,0
9816,0
41427,0
41226,0
35155,0
38550,0
18662,0
5054,0
20575,0
37962,0
1145,0
25035,0
40782,0
17928,0
2805,0
10885,0
47067,0
7570,1
17776,1
18169,0
26272,0
22362,0
48589,0
20214,0
34725,0
41971,0
48524,0
7065,0
49884,1
38174,0
734,0
31121,0
40655,0
35207,0
7271,0
13938,0
8760,0
39721,0
30397,0
28373,0
30868,0
27826,0
953,0
40657,1
14664,0
38485,0
13462,0
44792,0
18466,0
26422,0
25108,0
44744,0
21412,0
49744,0
33519,1
31574,0
40956,0
33295,0
19559,0
8779,0
28681,0
26817,0
10875,0
13483,0
2446,0
39081,1
2762,0
1517,1
30460,0
24673,0
1875,0
25866,0
47021,0
35583,1
30478,0
769,0
15106,0
6627,0
33678,0
14829,0
40695,0
30279,0
427,0
6882,0
48071,0
49705,0
15812,0
36131,0
3871,0
32061,0
39889,0
43685,0
32363,0
1185,0
32584,0
3590,0
31961,0
10209,0
10259,0
1484,0
48172,0
18577,0
13725,0
21498,0
23582,1
30715,0
19061,0
22779,0
13270,0
14270,0
36791,0
15871,0
12688,0
46561,0
25301,0
46474,0
23584,0
38560,0
8520,0
47377,0
37128,0
6889,0
37744,0
12761,0
9493,1
18369,0
42405,0
15035,0
46620,0
48988,0
26993,0
13915,0
44616,0
10671,0
49805,1
31999,0
4505,0
22118,0
24024,0
42379,0
9815,0
13624,0
49228,0
49986,0
26728,0
48450,1
49427,1
24405,0
27906,0
46836,0
49401,0
7929,0
14086,0
17438,0
38793,0
27381,0
45111,0
20804,0
10362,0
24465,1
20967,0
29823,1
29633,1
25534,0
8284,0
10363,0
9502,0
40810,0
20474,0
38124,0
28856,0
36229,0
13927,0
42146,0
5341,0
47126,0
25930,0
7272,0
35076,0
38350,0
25863,0
11792,0
18582,0
43108,1
14911,0
28692,0
21661,0
45597,0
29220,0
49996,0
25363,0
39875,0
31797,0
32409,1
29796,0
5732,0
40662,0
393,0
81,0
10681,0
21202,0
37606,0
47639,0
6659,0
25784,0
4502,0
23355,0
13657,0
7151,0
44494,0
40596,0
1674,0
46239,1
1393,1
46307,0
28011,0
23887,0
17294,0
49297,0
2107,0
12691,0
47506,0
45365,1
18890,0
13666,0
20782,0
20662,0
4653,0
38671,0
44996,0
23765,0
31937,0
36061,0
2136,0
17592,0
34259,0
7215,0
40,0
22812,1
32451,1
49819,1
35067,1
15860,0
23105,0
46112,0
4875,0
49499,0
12005,0
14044,0
14511,0
28782,0
3659,0
14853,0
15567,0
44059,1
27829,0
46143,0
24312,0
40215,0
19201,0
1460,0
46150,0
12431,0
45039,0
37740,0
18797,0
33868,1
26032,1
22615,0
15037,0
49041,0
2716,0
30641,0
38952,0
12367,0
30916,0
3832,0
14752,0
47898,0
10018,0
42627,0
28634,0
25974,0
49138,0
32792,0
34208,0
30829,1
2638,0
15781,1
22832,0
31232,0
34889,0
38914,0
46743,0
20167,0
30269,0
43023,0
25410,0
35745,0
24703,0
44366,0
34034,0
15885,0
13731,0
38404,0
34879,0
6598,0
47932,0
6349,0
18060,1
45846,0
40072,0
42555,0
14418,0
41769,0
13198,0
36999,0
40659,1
10686,1
17676,0
764,1
42829,0
19254,0
42116,1
25148,0
30693,0
18149,0
26398,0
15667,0
22988,1
17525,0
30851,0
20562,0
11947,0
40986,0
31930,0
38694,0
30937,0
48623,0
12922,0
26,0
13531,0
21449,0
5560,0
2619,0
20681,0
13357,0
41953,0
47616,0
45141,0
8244,0
34670,0
24140,1
2109,0
3599,0
5257,0
42883,1
8437,0
43779,1
30639,0
5245,0
15653,0
38756,0
1825,0
42660,0
12415,0
25868,0
33554,1
22231,0
23212,0
29654,0
49994,0
31755,0
3626,0
26046,0
11251,0
28901,1
29952,0
7413,0
8249,0
34233,1
4539,0
13139,0
38071,0
3355,1
18760,0
34660,0
47193,0
12696,0
2140,0
27848,0
15647,0
48474,0
19111,0
41740,0
3023,0
1743,1
1202,0
34583,0
34840,1
224,1
26921,0
39643,0
28502,0
7775,0
30757,1
38969,0
24070,0
9244,0
30213,0
18698,1
27337,0
23393,0
49066,0
10665,0
15799,1
4247,0
13118,0
42100,0
36952,1
45314,0
47060,0
25323,0
21932,0
13648,0
28290,0
47833,0
29379,1
34945,0
20637,0
26382,1
29963,1
49186,0
19064,1
20189,0
36998,0
8327,0
23726,0
17141,1
1595,0
25705,0
6663,0
45458,0
49964,1
34684,0
18543,1
47837,0
41271,0
12543,0
29564,0
34195,0
21094,0
26951,0
3021,0
14847,0
21065,0
39555,1
19344,0
5997,0
46046,1
14338,0
29122,0
10404,0
4236,0
49242,1
451,0
37612,0
4282,0
983,0
23415,0
20877,0
42013,0
33981,0
28344,1
18893,0
15830,0
20606,0
21411,0
34655,0
14528,0
28478,0
5743,0
27796,0
21316,1
42089,0
46366,1
138,0
15696,0
37201,0
48222,0
33890,0
36045,0
7628,0
30923,0
20433,0
47337,1
31522,0
40909,0
32411,0
30888,0
12699,1
14513,0
11813,0
24614,0
2912,0
32204,0
27487,0
11129,0
20396,0
467,1
39039,1
14900,0
11106,0
44365,0
868,0
6487,0
34067,0
23395,0
10082,0
26838,0
8517,0
40883,0
49258,0
31591,0
36302,0
16600,0
11492,0
20643,0
1475,0
40105,0
29453,0
42507,0
43389,1
19721,0
10764,0
28098,0
8758,0
11330,1
24677,0
28446,0
6661,0
33066,0
35902,0
14610,0
5090,0
26815,0
45012,0
47259,0
10459,0
9477,0
23279,0
25795,0
19936,0
11452,0
426,0
40927,0
46558,0
3474,0
34521,0
38224,0
18389,0
25212,0
47366,0
28850,1
36759,1
17023,0
35406,0
27785,0
18306,0
14786,0
20403,0
45371,0
16345,0
47848,0
33904,1
16402,0
21715,1
9546,0
45184,0
29699,0
40985,0
44359,0
6007,0
27356,0
4816,0
27806,0
49547,0
35002,0
52,0
18442,0
7107,0
45488,0
40373,0
8291,0
13684,0
2731,0
45440,0
31111,0
39704,0
21882,1
9768,0
29042,0
6292,0
16087,0
5605,0
162,0
19270,0
46578,0
10596,0
1653,1
12412,0
22204,0
33758,0
41895,0
25400,0
14213,0
2535,0
15551,1
297,0
15282,0
23897,0
27719,0
10168,0
31882,0
24709,0
8265,0
46214,0
26660,1
39085,0
1923,0
48237,0
11666,0
13231,0
6584,0
15492,1
4511,0
47398,0
6859,1
46613,1
45214,0
24640,0
30434,0
44424,0
17598,0
28772,0
33497,0
26624,0
13686,0
22665,0
35800,0
37649,1
25398,0
18814,0
44369,0
34487,0
4465,1
34743,0
20058,0
45253,0
29610,0
27100,0
21448,0
19717,0
7749,0
2036,0
17392,0
31972,0
13440,0
35989,0
8196,0
44203,0
34276,1
14277,0
2227,0
15709,0
9303,0
30831,0
31866,0
5583,0
39387,0
4534,0
8782,0
47142,1
23774,0
39761,0
29975,0
10015,0
5762,0
39611,0
47028,0
18580,0
42690,0
45503,0
35918,0
36063,0
22773,1
23788,0
3271,0
32507,1
37268,0
44443,0
36750,0
600,0
19566,0
5874,0
30198,0
15888,0
3155,0
13234,0
37005,0
49828,1
43438,0
10237,0
40875,0
17872,0
42135,0
35276,0
47671,0
24181,0
37270,0
28244,0
11060,0
21541,0
42677,1
27580,0
1403,0
9401,1
24183,0
26735,0
24951,0
3165,1
10278,0
7959,0
44766,1
41912,0
48398,1
25169,0
43599,0
5616,0
34022,1
31827,0
17520,0
40911,1
30123,0
12060,0
6545,0
43597,1
43156,1
24306,0
18942,0
1575,0
41283,1
41499,0
11636,0
4038,0
32118,0
43285,0
17320,1
15121,0
14010,0
17101,1
17955,0
15588,0
36481,0
45874,1
20199,0
48514,0
44990,0
7338,0
11658,0
247,0
17084,0
44299,0
6775,0
27224,0
18256,0
11726,0
43283,1
41925,0
10765,0
26246,0
38906,1
17145,0
39798,0
37109,1
8540,0
20423,1
46499,0
41485,0
26230,0
49215,1
9572,0
20437,0
35521,0
5276,0
13026,0
18112,1
45845,0
22185,0
45800,0
43277,0
34755,0
6557,0
45107,0
10300,0
40944,0
18713,0
18375,0
29896,0
13518,0
929,0
24319,0
24325,0
20397,0
32427,1
46456,0
35101,0
7376,0
17349,0
1167,0
19903,0
21830,0
20090,0
16459,0
49967,1
21708,0
11717,0
34922,0
37996,0
31971,0
11909,0
44833,0
12360,0
31172,0
42244,0
13059,0
44205,0
2069,1
36459,0
44228,1
21891,0
34651,1
12959,0
26223,0
7103,0
16292,0
823,0
19990,1
27435,0
40420,0
41994,0
3917,1
7912,0
10870,0
11859,0
5082,0
19132,0
2856,0
26116,0
49507,0
47625,0
30771,1
10552,0
40808,0
38431,0
31696,0
12165,1
35578,0
49207,1
48441,1
27803,1
27887,0
6797,0
37618,0
15048,0
5837,0
48707,0
10357,0
27624,0
44600,1
22401,0
34066,0
3439,0
6017,0
6599,0
663,0
45398,0
42856,0
7538,0
37721,0
28662,0
14471,0
13499,0
34496,0
14547,0
48877,0
14656,0
43532,1
30014,0
8957,0
8281,0
20927,0
19978,0
10257,0
46872,0
42870,0
27415,0
40151,0
47794,1
9597,0
7157,0
8934,0
48348,0
43665,0
30368,0
12643,0
32076,0
29328,1
17420,0
48880,1
23850,0
42224,1
2124,0
49717,0
33685,0
0,0
47329,1
21020,0
12300,0
24358,0
13772,0
40531,1
16481,1
33642,0
5982,0
49963,0
43998,0
22352,0
27467,0
10811,1
23822,1
48043,0
36768,0
4308,1
33140,0
33953,1
31082,0
16015,0
17481,0
680,1
8421,0
4145,0
36561,0
49206,0
20564,0
5260,0
41124,0
27907,1
29023,0
32945,0
2040,0
30472,0
48166,0
38867,1
41838,0
13978,0
44543,0
14466,0
10865,0
25887,0
21392,0
42240,1
19284,1
37521,0
42097,1
8234,0
2231,0
33218,0
7039,0
28348,0
31357,0
26935,0
44021,0
25193,1
49765,1
24136,0
47147,0
22245,1
29875,0
34374,1
39870,0
14253,0
27046,0
35259,1
1815,0
18393,0
12233,0
16294,0
27586,0
41375,1
14346,0
16553,0
44838,0
1919,0
24767,0
49754,1
10629,0
47018,0
27050,0
15276,1
28123,0
28539,1
47170,0
49070,0
22945,0
24244,0
45732,0
36827,0
11806,0
4164,0
10101,0
45674,0
48876,1
41664,1
5454,0
20129,0
39689,0
12279,0
11861,0
40230,0
35368,0
39047,0
36807,1
18084,0
5764,0
44009,0
10882,0
1608,0
18071,0
17533,1
2804,0
44344,0
41808,0
49156,0
26364,1
30258,0
40347,0
48352,0
39826,0
23457,0
13205,0
14132,0
46096,0
47954,0
41689,0
36426,0
23497,0
573,0
41846,0
14823,0
45174,0
40768,1
30631,0
20934,0
7364,0
49264,0
21370,1
22279,0
4501,0
22157,0
9322,0
6811,0
14646,0
7030,0
33716,1
38041,0
2537,0
28443,0
31504,0
17188,0
34430,0
35353,0
36786,0
43635,0
45933,0
36673,0
10002,0
46419,1
34909,0
1423,0
18787,0
35435,0
14519,0
21835,0
38916,0
42948,0
24019,0
1837,0
25488,0
45652,1
21810,0
46224,0
23170,0
45058,0
3816,1
25220,0
30788,0
46896,1
42464,1
3870,0
31525,1
1024,0
26757,0
25484,0
26878,0
26930,0
34361,0
18367,1
29486,1
28141,0
29000,1
47444,0
6209,0
30261,0
41812,0
3286,0
25276,0
1398,0
22985,1
49165,0
3326,0
2035,0
14997,0
41061,0
30808,0
48168,0
41400,0
37502,0
24684,0
44056,1
37766,1
11465,0
28369,1
9777,0
30988,0
43160,0
10549,0
3685,0
11325,0
8939,0
20308,0
28419,0
568,0
20036,0
13596,0
19394,0
42010,1
5491,0
14176,0
42973,0
14592,0
19341,0
14331,0
25030,0
41394,0
8688,0
21719,0
7902,0
46297,0
5899,0
21790,0
39839,0
20127,0
16963,0
22948,0
44255,0
1347,0
7964,0
47956,0
6827,0
3437,0
13795,0
19352,0
46409,0
29604,1
36145,0
49131,1
16607,0
45852,0
30332,0
10545,0
19109,0
17004,0
29460,0
17061,0
9395,0
33184,1
30101,0
8058,0
28554,0
27338,0
39107,0
49369,0
46336,0
76,0
26720,0
625,0
19376,0
15727,0
12218,0
39108,0
9784,0
49010,0
40033,0
45218,0
561,0
11428,0
7756,0
14632,0
24975,0
27711,0
27093,0
40737,0
31110,0
22732,0
7188,0
12908,0
35503,0
1906,1
609,0
42452,1
17380,0
31024,0
37997,0
4759,0
24863,0
11454,0
29659,1
23073,0
38852,0
36518,0
35627,1
15330,1
6830,0
40459,0
23923,0
14443,0
18198,0
5813,0
30378,1
27037,1
17708,0
38240,0
41099,0
47901,0
20074,0
19859,0
16850,0
439,0
31427,0
482,0
21738,1
40276,0
29942,0
32940,1
41459,0
17070,0
46891,1
5838,0
25032,0
2511,0
39845,0
32818,0
33287,0
12276,0
49719,0
7174,0
34341,1
38289,0
41526,1
25015,1
11322,0
42183,1
46013,0
32782,0
41120,0
72,0
38229,0
42166,1
9518,1
17072,0
45250,0
26075,0
345,0
45821,1
21062,0
2284,0
10952,0
19876,0
30118,0
7690,1
17603,0
38880,0
37305,0
38921,0
17949,0
38331,0
18218,0
28751,0
22635,0
47565,1
35670,0
42350,1
13129,1
29499,0
16179,0
31058,0
36495,0
18209,0
34267,1
31960,0
7576,0
31402,0
17597,0
7999,0
25240,0
7122,0
18833,0
38280,0
7862,0
37749,1
26441,1
8663,0
16618,0
17341,1
6151,0
41699,0
40925,0
47964,0
27092,0
18627,0
22302,0
35674,0
45328,0
7228,0
16842,0
28946,0
45571,0
6417,0
6582,0
22678,0
39560,0
28008,0
8075,0
32175,1
5190,0
40193,0
33112,0
46964,0
47659,0
19034,0
15210,0
41503,0
36070,0
21897,1
6147,0
17138,0
21073,1
38147,0
48058,0
22766,0
35879,1
23981,0
21283,0
15572,1
12327,0
11449,1
2981,0
29970,0
20406,0
26588,1
48052,0
1052,1
23863,0
901,0
19921,0
37038,0
36377,0
25217,0
29858,0
695,0
25823,0
35958,1
30223,0
17503,1
31617,0
6060,0
47753,1
1343,0
33133,0
20702,0
9467,0
20368,0
27811,0
25000,0
42823,0
4530,1
12720,0
22882,0
32603,0
38291,0
2500,0
35439,1
35214,0
26372,0
16359,0
33629,0
4911,0
12264,0
19327,0
15487,0
23932,0
23253,0
15672,0
1434,0
40661,0
47939,0
17594,0
13724,0
11045,0
24992,1
1103,0
17034,0
22135,0
3468,0
48266,0
40992,0
22564,1
24986,1
17765,1
23466,0
19997,0
3755,0
12785,0
6560,0
48159,0
2926,0
6423,0
45682,0
13161,0
7890,0
36447,0
28978,1
14145,0
6283,0
17628,0
29611,0
41025,1
24045,0
20854,0
21633,0
2323,0
39132,0
10186,0
4916,0
40214,1
1162,0
19673,0
12087,0
45410,0
11459,0
45651,0
36549,0
7937,0
6399,0
15947,0
27525,0
12527,0
13500,0
38922,0
27088,0
13962,0
9904,1
14948,0
5322,0
32187,0
8306,0
21937,0
4561,0
40405,0
21894,1
48918,0
24168,0
21597,0
6970,0
21088,0
44174,0
12391,0
12987,1
24258,0
39345,0
47612,0
28875,1
7974,0
32071,0
42424,0
22632,1
42885,1
10492,0
437,0
21379,0
26771,0
17232,0
39796,0
41272,0
12605,1
39957,0
25289,0
1232,0
47654,0
6455,0
10201,0
31234,0
38299,0
43612,0
22427,0
11837,0
26751,1
21622,0
4846,0
30277,0
34553,0
46611,0
36870,0
30881,0
43148,1
4092,0
43384,0
24819,0
16028,0
35133,0
3043,0
45221,0
1982,0
16310,0
18102,0
20590,0
14180,0
23064,1
26582,0
37808,1
22680,0
59,0
42729,0
7253,0
49100,0
9682,0
48984,0
28522,0
9289,0
18981,0
47920,0
14280,0
33793,1
14914,0
3293,0
5179,0
12877,0
2908,1
46864,1
38046,0
10450,0
33795,0
5756,0
28031,0
24737,0
11355,0
15541,0
15366,0
3647,0
30000,0
36361,1
16136,0
49965,0
9634,0
45546,0
16628,0
42273,0
36135,0
28015,0
21238,0
852,0
12650,0
14153,0
5773,1
31783,0
26732,0
23623,0
20342,0
36866,0
7821,0
42549,0
46172,0
751,0
47320,1
8579,0
34564,1
47921,0
4159,1
20052,0
4602,0
36391,1
32935,0
14357,0
6536,1
1306,0
30328,1
40235,1
4155,0
16715,0
14031,1
2379,0
18535,0
32766,0
29603,0
45555,0
49775,1
22407,1
35029,0
4734,0
39851,0
31832,0
20695,0
43519,0
48380,1
25385,0
17824,1
25565,0
42559,0
25031,0
47112,0
6945,0
26108,0
11272,1
13822,0
15263,0
45475,0
22949,0
27632,1
7835,0
27541,0
27839,0
38594,0
25776,0
34358,1
26958,0
23714,0
14411,0
39424,0
34795,1
32633,0
43551,1
34026,0
48558,0
26112,0
3812,0
48540,0
4890,0
38114,0
31656,0
48508,0
41348,0
37574,0
20932,0
38620,0
36057,0
17029,0
44516,0
35726,1
17224,0
20174,0
2530,0
40095,0
26711,1
28026,0
47415,0
37313,0
22019,0
35939,0
1329,0
39634,1
16505,0
23186,0
19243,1
21154,1
1548,1
14118,0
4360,0
10252,0
6464,0
29931,1
35781,0
24983,0
35795,1
39326,0
25588,0
15842,0
13361,0
1119,0
44633,0
34931,0
45618,0
21596,0
46424,0
48980,1
44989,0
1209,0
20731,0
4817,0
894,0
152,1
37930,0
38616,0
20279,0
2653,0
47071,0
32564,0
29521,0
19269,0
5248,0
28513,0
43403,0
29989,0
32193,0
10228,0
3049,0
12690,0
47076,0
5974,0
18707,0
19734,0
39062,0
32304,0
45086,0
37854,0
1461,0
22430,0
41820,0
35870,0
32653,0
40783,0
47096,1
14560,0
44680,1
534,1
12996,0
40674,0
527,0
47143,1
8254,0
11073,0
42770,0
1467,0
13959,0
37797,0
10675,0
33757,0
10116,0
46436,0
1325,1
411,1
27219,0
17764,1
30710,0
35325,0
30796,0
29658,0
32600,0
7387,0
45706,0
31041,0
45853,0
4736,0
13878,0
30994,0
35419,1
5343,0
9475,0
1818,0
35085,0
12957,0
43826,0
48208,1
46937,1
4568,0
14335,0
38829,0
45663,1
35453,0
9345,0
13561,0
37599,0
8809,0
46222,0
27639,0
37918,0
31583,0
43795,0
45426,0
9069,0
3580,0
32310,1
21446,0
46055,0
10904,0
3247,0
29586,1
19533,0
19121,0
2358,0
25175,0
45648,0
41225,0
9265,1
19116,0
35734,0
7440,0
41890,0
36271,1
25366,0
45983,0
30875,0
1981,0
43988,0
32365,0
28710,0
14452,0
31715,0
3848,0
3845,0
26724,0
39880,0
10123,1
35121,0
15918,0
14554,0
12701,0
32515,1
15045,0
48356,0
39206,1
8197,0
1334,0
40439,0
28960,1
12065,0
16086,0
2409,0
33278,1
8880,0
42979,0
23285,0
5617,0
28370,1
12097,0
48368,0
194,0
11948,0
6002,0
27909,1
46566,0
37779,1
28895,0
13441,0
20459,0
47614,0
6635,0
47287,0
38137,1
16466,0
574,0
23772,0
44058,0
16513,0
33,0
18226,0
11653,0
32403,0
23350,0
44900,0
5158,0
15460,0
34718,0
608,0
9342,0
20532,0
32217,0
41412,1
3751,0
19798,0
24051,0
43425,1
30026,0
21124,0
6693,0
19840,0
3625,0
43949,0
36443,0
24713,0
35232,0
44603,0
20948,0
11622,0
34291,0
7540,0
34287,0
5214,0
26311,0
42453,0
33906,0
35446,0
43636,0
16865,0
28221,0
17846,0
699,0
27668,0
36182,0
14705,0
23400,0
20992,0
48897,1
41027,0
41261,1
14413,0
44407,0
14860,0
14816,0
9494,0
28866,1
25256,0
22821,0
14710,0
20687,0
12786,0
40199,0
12813,0
41980,1
25475,0
7410,0
42733,0
12741,0
15165,0
40704,0
45962,0
45478,0
27532,0
7248,0
21617,0
15144,0
33003,0
19927,0
212,0
39508,0
17891,0
10423,0
17985,0
27222,0
8736,0
42871,0
11019,0
48807,0
43972,1
29831,0
33328,1
4390,0
41859,0
28159,0
22912,0
43325,1
10685,0
385,0
6764,0
39969,0
14870,0
43563,0
2057,0
42848,0
36769,0
25793,0
44140,0
4849,0
44474,0
10582,0
25929,0
8896,0
24738,0
34676,0
3254,0
32877,0
15846,0
5534,0
12474,1
32482,0
22984,1
39350,0
3621,0
49960,0
38349,0
45110,0
10969,0
36591,0
46217,0
8680,0
38333,0
31986,0
20460,0
12903,1
13329,0
31070,1
40127,1
21260,0
35707,0
32830,0
5789,0
43084,1
17177,0
38190,1
3377,0
38472,0
12615,1
20471,0
9076,0
9159,1
23812,0
23896,0
49494,0
28298,0
36460,0
34411,1
43037,1
29227,1
42137,0
4198,0
7990,0
46208,0
39617,0
30885,0
42198,0
30339,0
1871,0
26114,1
26439,1
18425,0
49200,0
40629,0
41255,0
19513,0
31761,0
37441,0
40790,1
35497,0
6466,0
29133,0
22843,1
4877,0
17570,0
12121,0
5237,0
22928,1
34483,0
19047,0
38895,1
21783,0
5122,0
17316,1
15697,0
48365,0
44079,0
17591,0
7643,1
10995,0
38607,0
36698,0
44572,1
41414,1
12571,0
43528,0
19659,1
28304,0
12702,0
43895,0
38920,0
605,1
9655,0
40185,0
39093,0
14797,0
13964,0
20831,1
10,0
14707,0
47874,0
41666,1
7175,0
30002,0
47031,0
6911,0
32140,0
28597,0
6236,0
22884,0
18129,0
21889,0
11845,0
3322,0
35078,0
32548,0
8113,0
46954,0
1195,0
8537,0
33316,0
9931,0
20551,0
19960,0
25699,0
41220,1
42251,0
18028,0
10836,0
10600,0
485,1
38714,0
3450,0
39138,0
14520,0
6069,0
39608,0
37547,0
16175,0
47749,0
45007,0
22738,1
13570,0
1997,1
15464,0
49683,1
215,0
24466,1
17136,0
14782,0
30357,0
27392,0
7051,0
44147,0
36938,0
29898,0
24617,0
48872,0
31649,0
41024,0
24439,1
49473,0
38868,0
31304,0
20837,0
30690,0
30371,1
31391,0
20690,0
49458,0
28181,0
48938,0
43336,0
38537,0
1309,0
18511,0
598,1
34811,0
45494,0
26280,0
38580,0
5492,0
4771,0
13712,0
10319,0
39209,0
49149,0
3624,0
1764,0
42534,0
47328,0
1887,0
37967,0
25469,0
25808,1
26970,0
48529,0
21335,0
17583,1
11389,0
16180,0
38340,0
16726,0
15017,0
35049,0
7942,0
17880,0
14037,0
4246,0
42857,1
15342,1
12024,0
47266,1
41643,1
16021,1
36583,0
45173,1
42081,0
3815,0
35031,0
44279,0
41975,0
30528,0
38372,0
45084,1
15767,0
13967,0
29346,0
46630,0
10085,0
23775,0
9442,0
749,1
23245,0
11569,0
21707,0
48267,0
13960,1
38765,0
47492,1
14435,0
319,1
16655,0
43699,0
28229,0
46298,0
32869,0
12504,0
17235,1
24926,1
45028,1
3127,0
33973,0
48594,0
25007,0
23615,0
5278,0
42479,0
3158,0
13402,0
7790,0
15101,0
5753,1
34591,0
33247,0
43582,0
11874,0
4800,0
17868,0
36151,0
25799,0
6809,0
14115,0
15290,0
4287,1
37004,0
612,0
27672,0
11110,0
23228,0
21092,0
39252,0
16373,0
34669,1
33300,0
21854,0
7417,1
22983,1
37058,0
11282,0
7443,1
1483,0
35679,0
20156,0
48097,0
6149,0
29357,0
22428,0
28416,0
7845,0
784,1
32123,0
16285,0
17404,1
820,0
7309,0
18747,0
27926,0
46503,0
22861,0
17310,0
2705,0
15260,0
41106,0
3252,0
16833,0
9699,0
14130,0
34807,0
14838,0
14873,0
6551,0
29888,1
29082,0
10223,0
35855,0
8190,0
36289,0
16923,0
158,1
17108,0
20657,0
45202,0
26004,0
39570,0
20621,0
29861,1
47005,0
6431,0
3406,0
40979,0
23564,0
23226,0
36303,0
26247,0
12020,0
10501,0
3686,0
6645,0
36204,0
40372,1
24094,0
13283,0
26257,0
48960,1
15866,1
44955,0
43512,0
39181,0
10165,0
31102,0
49067,0
14146,0
42517,1
32733,0
12572,0
49469,0
5339,0
44267,0
7315,0
21307,0
40481,0
21658,0
32558,0
20283,0
40568,0
45863,0
37068,0
21026,0
35703,0
40763,0
47936,1
18205,0
30845,0
27218,0
9005,0
6352,0
34855,1
9476,0
43432,0
27591,0
45487,0
16315,0
40068,0
43907,0
7858,0
20042,0
21034,0
45385,0
11020,0
36457,0
12590,0
18840,0
17845,1
23540,0
23771,0
36110,0
12816,0
19363,0
35498,0
1231,0
2995,0
29230,1
13111,0
46077,0
18694,1
7438,0
27078,0
36087,1
4106,0
26780,0
49095,0
1254,0
36392,1
33484,0
35722,0
16342,0
47925,0
8682,0
32643,0
840,0
47564,0
32377,0
13716,0
25309,0
9505,0
1562,0
1079,0
25261,0
39670,0
33638,0
44609,0
20046,0
18533,0
20923,0
46803,0
41236,0
5792,0
30947,0
42573,0
24489,0
44972,0
39364,1
43715,1
23280,0
13186,0
19316,0
12742,0
10092,0
7118,0
2978,0
24458,0
32174,0
22317,0
26906,1
41131,0
36132,1
39504,0
31924,0
17087,0
42739,0
23344,0
25682,0
7488,0
25103,0
16591,0
37670,0
14012,1
42787,0
41991,0
17577,0
45726,1
28184,0
22951,0
35924,0
48664,0
48819,0
27425,1
2270,0
2388,0
18123,0
23763,0
10773,0
6662,0
40282,0
8829,0
45860,0
13593,1
42999,0
49644,1
2419,0
25156,0
19792,0
39819,1
48088,1
7222,0
40021,0
17140,0
14088,0
41609,1
6248,0
31680,0
14733,0
15499,0
16054,0
9296,0
32125,0
49695,0
30617,0
38832,1
25794,0
30633,0
4688,0
44742,1
36618,1
49442,0
42433,0
45465,1
36543,0
32090,0
32164,1
20566,0
1003,1
24272,0
35582,1
43257,0
40241,0
29116,0
5403,0
16799,1
11655,0
40183,0
49225,1
15179,1
8279,0
35246,0
37069,0
38368,0
20420,0
7687,0
7762,0
11943,0
40275,0
25118,0
23797,0
42647,0
23972,0
34673,0
21893,0
22242,0
48031,0
48404,1
23349,0
13856,0
27382,0
46673,0
2355,0
35693,0
48906,0
36240,0
42982,1
33608,0
27314,1
27988,1
20615,0
34328,1
23962,0
2278,0
30599,0
10069,0
38426,0
46774,1
14087,0
19980,0
15471,1
19392,0
16366,0
14926,0
32810,0
22047,0
4531,0
8154,0
23418,1
44166,0
12548,0
36273,1
24796,0
3268,0
10065,0
45276,0
36779,1
8160,0
41720,0
6039,0
3196,0
36386,0
4277,1
43021,0
45637,0
18642,0
41511,0
38238,0
42175,0
10004,0
3183,0
16844,0
17154,0
49294,1
2678,0
39972,0
1817,0
3674,0
8137,0
17875,0
27232,0
523,1
29638,0
4146,0
46894,0
24741,0
39038,0
39311,0
35757,0
6522,0
5411,0
24273,0
47863,0
25224,0
8732,0
47664,0
48823,0
8165,0
4289,0
30344,1
46501,0
20679,0
11667,0
34634,0
26818,1
17367,0
21686,0
8600,0
30448,0
29549,1
30508,0
25761,0
3245,1
9792,0
4021,1
7873,0
24851,0
9852,0
7997,0
42151,0
25208,1
20449,0
3275,0
3690,0
30504,0
14582,0
4415,0
31422,0
25769,0
27627,0
6519,0
24969,0
37532,0
32122,0
9733,0
17574,1
28120,0
10130,0
47165,0
4375,0
17069,0
40626,0
24822,0
33688,0
43217,0
46274,1
34621,0
9337,0
14046,1
17784,1
14874,0
26157,0
11983,0
41239,0
39282,0
3338,0
26976,0
37487,0
16236,0
30282,0
13818,0
12117,0
406,1
42929,1
40260,1
39137,0
31358,1
34215,0
23202,0
12456,0
49842,1
34677,0
46045,0
34761,0
4871,0
42396,1
8652,0
19569,0
49489,0
43303,1
26802,0
23404,0
17943,0
2945,0
21868,0
31087,0
41467,0
25251,0
13926,0
32861,0
39706,0
22769,1
6451,0
28243,0
8599,0
4471,0
46378,0
29041,1
34707,0
11214,0
42474,0
24507,0
36703,0
26039,0
34042,0
30909,1
44071,0
5649,0
28636,1
15296,1
45260,0
26467,0
18177,0
33780,1
1978,0
11518,0
28220,0
33659,0
38593,0
4798,0
43234,0
1379,0
18300,0
9721,0
27992,0
32074,0
27876,0
19853,0
10407,1
2215,0
5688,0
29290,0
37957,0
32188,0
25480,0
18595,0
35655,0
28291,1
1220,1
35912,0
29756,0
9936,0
8333,0
42021,0
10352,0
1004,0
33261,1
13221,0
14455,0
17602,1
11016,0
37731,0
15174,0
24787,0
48115,0
8440,1
16748,0
35891,0
32287,0
636,0
30718,0
12728,0
7665,0
13116,0
21750,0
2048,0
47661,0
39178,0
12961,0
47082,1
23530,0
505,0
15850,0
44649,1
1124,0
43460,0
1805,0
12686,0
42170,0
8433,1
39321,0
31446,0
35183,1
7976,0
43329,1
12821,0
2941,0
48479,0
29329,1
35253,0
15983,0
4173,0
23630,0
19981,0
38751,0
23194,0
27151,0
1168,0
9614,0
38058,0
27299,0
23554,0
43580,0
23754,0
47011,1
20983,1
9999,1
15054,0
5638,1
8091,0
47947,0
39322,1
42687,0
10551,0
28314,0
43533,1
23890,0
1198,0
38429,0
30586,0
456,1
8227,0
4055,0
8616,0
4763,0
24106,0
3257,0
6118,0
30556,0
16023,1
32511,0
22479,0
1668,1
45089,0
13577,1
24921,0
17164,0
17505,0
10034,0
5531,0
35824,0
41515,0
42527,0
37818,0
22835,0
36988,1
22508,0
27279,0
2091,0
39927,0
20365,0
33818,0
45665,0
25342,0
9990,0
48735,0
34907,1
22846,0
9383,0
29261,0
47769,1
35310,0
3376,0
15517,0
44127,1
2637,1
44448,0
6553,0
33009,0
25510,0
13776,0
41,0
7549,1
22742,0
13544,0
14043,0
10281,0
7463,0
44012,0
38653,0
48383,0
9122,0
28813,1
41611,0
18968,0
15090,0
29925,0
43253,1
11883,0
25529,0
25719,0
18472,0
9043,0
45785,0
4098,0
11158,0
9712,0
36497,0
19880,0
2104,0
20166,0
39645,0
6186,0
35872,0
47034,1
14405,0
3166,0
30943,0
38143,0
14453,0
14898,0
1613,0
12002,0
11645,0
20706,0
43113,0
1838,1
11976,0
21179,0
17008,0
44199,0
32200,1
29470,0
12745,0
16107,0
37353,0
10881,0
27330,0
35040,1
49037,0
46291,0
24092,0
43706,0
36250,0
21090,0
41933,0
3628,0
7191,0
14399,0
17604,1
38942,0
23828,0
24934,0
4337,1
19334,0
30443,0
31346,0
17567,0
12593,1
9995,0
22753,1
37725,0
13236,1
32985,0
27214,1
7112,0
33589,0
43238,0
47628,0
14510,0
48656,1
40903,0
35961,0
46885,1
28543,1
47489,0
45050,1
23122,0
23429,0
40038,0
20653,0
4487,0
36904,0
20045,0
6837,0
16424,0
16219,0
8072,0
46161,0
30892,0
43297,0
37812,0
14310,1
46532,0
16333,0
13501,0
1514,1
49339,0
33822,0
8285,0
41344,0
39486,1
21664,0
47977,1
33846,0
30485,0
6740,0
38809,0
40026,0
35311,1
21616,0
28648,0
31453,0
26140,0
46373,1
24724,1
35060,0
49902,0
37409,0
46817,0
18568,0
18053,0
44485,0
42179,1
12656,0
14079,0
33583,1
48790,0
22470,0
46361,0
2799,0
30901,0
40570,1
8551,0
14057,0
43255,0
39111,1
28608,0
32267,0
38435,0
5574,0
13971,0
34160,0
34934,0
7251,0
10730,0
20797,1
46631,0
4509,1
31198,1
1767,0
46664,0
37337,0
4776,0
48490,0
39066,0
41290,0
41041,0
39735,0
17338,1
42029,0
408,0
14323,0
11339,1
31331,1
40862,0
48486,0
28316,0
45156,0
17388,0
18031,0
21175,0
10089,0
34745,0
4323,0
39614,0
21422,0
31461,0
23341,0
26617,0
42866,0
15685,0
30665,1
25373,0
22164,0
2442,1
5104,0
1059,1
5717,0
13574,0
36215,0
6355,0
25283,0
34836,0
25010,0
41573,1
47255,1
16050,0
47326,0
4823,0
41763,0
4380,0
40981,0
23973,0
32696,0
13115,0
4577,0
13151,0
89,0
27792,0
19772,0
38348,0
27349,0
28265,0
38966,0
18477,1
38663,0
35289,0
48561,0
29194,0
29759,0
5701,0
49356,0
9434,0
32277,1
14136,0
24198,0
11571,1
28552,1
10713,0
29405,0
6478,0
20810,0
4544,0
166,0
28460,0
19639,0
43772,0
49052,0
10830,0
2313,0
27956,0
23946,0
25921,0
35189,0
46742,1
46786,0
47188,0
39680,0
39471,0
45875,0
46640,0
2779,0
255,0
48604,0
38710,0
23362,0
42502,1
21081,0
12925,0
11836,0
43167,0
20355,0
11829,0
15381,0
30190,0
10481,1
20722,0
32757,0
26265,0
21798,0
48547,1
40258,1
47438,0
44246,1
30301,0
48870,0
23823,0
29783,0
48848,0
47961,0
3886,1
13552,1
364,0
32331,0
18373,0
41237,1
2093,0
15992,0
23874,0
37874,0
19808,0
44306,0
31319,0
10754,0
11236,0
25134,0
7120,0
10878,0
29743,0
32434,1
29923,0
13955,1
21181,0
11521,0
48432,0
38611,0
36756,0
33689,1
1151,0
10938,0
15399,0
28256,0
28953,1
2721,0
48677,0
25250,0
15281,1
38542,0
30907,0
49605,0
7735,0
32460,0
13081,0
9218,0
16970,0
2248,0
21071,0
13313,0
45261,0
1038,1
19770,0
32585,0
26269,0
22234,0
9066,0
7836,0
25074,0
10451,0
18677,0
11592,0
45627,0
28365,0
27276,0
38377,0
19218,1
33213,0
12428,0
3330,0
8052,0
21398,0
18097,0
26396,0
25226,0
4752,0
42682,0
36981,1
2973,0
44512,0
4460,0
243,0
15690,0
11138,0
35908,0
29178,0
36468,0
9821,0
18757,0
47079,0
16419,0
18134,0
37978,0
10391,0
38091,1
15669,0
7505,0
15060,0
8983,0
40743,1
47723,1
23985,0
44654,1
42488,1
16622,1
43079,1
49758,0
41303,0
35724,0
23070,0
3033,0
42496,1
19579,0
11007,0
46843,0
46060,0
32101,0
1666,0
38872,0
38217,0
10298,0
6649,0
39821,0
49085,0
48061,1
47423,1
20883,0
7996,0
27557,0
33740,0
30186,0
4359,0
17815,0
32995,0
22711,0
47830,0
35152,1
10787,0
40132,0
12103,0
3020,0
3026,0
32360,0
11783,0
42130,0
13411,0
11418,0
27399,0
1065,0
43103,1
3767,0
38757,0
28121,0
39815,1
22976,0
15091,0
21946,0
21564,0
34650,0
13567,0
34659,0
4255,0
33706,0
13027,0
2261,0
11053,0
31620,0
42031,0
33174,0
23480,0
15598,1
16975,0
48137,1
33794,0
22348,0
43459,0
37844,0
3554,0
9603,0
39789,0
38069,0
46296,0
13604,1
24519,0
12862,0
43361,0
13638,0
13292,0
5844,0
34959,0
14680,0
44291,0
35224,0
36387,0
26514,0
25166,0
47944,0
16893,0
18506,0
13220,0
33119,0
11178,0
17563,0
39740,0
8943,0
8348,0
25080,0
14736,0
28670,0
14297,0
45379,0
18594,1
43012,0
16896,0
25569,0
48814,0
42557,0
8277,0
43342,1
48019,0
22069,0
46701,0
21216,0
35849,0
3697,1
9720,0
37345,0
16798,0
11917,0
1206,0
30731,0
9633,0
33569,0
20683,0
3607,0
8542,0
36931,1
47806,1
39635,0
49682,0
9523,0
19009,0
1943,0
47811,1
6603,0
29709,0
29259,0
416,0
1222,0
35742,1
15226,1
25723,0
49127,1
30621,0
34386,0
36260,0
34724,0
16831,0
26365,0
47903,1
49376,0
10208,0
16158,0
23255,0
12640,0
47490,0
36955,0
39122,0
37816,0
20081,0
43214,0
22215,0
22138,0
14661,0
41423,0
34653,0
42745,0
2472,0
12278,0
11772,0
23156,0
12058,0
44073,0
35144,0
4251,0
32135,0
43718,0
14252,0
44733,0
18663,1
19169,0
4638,0
11394,0
49433,1
12730,0
19686,0
10239,0
29855,0
34620,0
33863,0
44335,0
17920,0
15568,1
17495,1
16936,0
39464,0
30240,0
7268,0
4908,0
20360,0
24117,1
18043,0
10304,0
4996,0
10769,0
16690,0
15948,0
8110,0
11542,0
13533,0
18902,0
25637,1
29192,0
19668,0
22426,0
9714,1
19900,0
45722,0
39024,0
30981,1
19124,0
35231,1
37102,0
11392,0
1433,1
30061,0
45906,0
35141,1
27360,0
46252,0
9522,0
6327,0
7776,0
29164,0
18905,0
13940,0
20416,0
44793,0
15909,0
13692,0
42019,0
17509,1
30816,1
29642,0
9272,0
32517,0
6057,0
17619,1
12112,0
49707,0
25281,0
4091,0
16380,0
12739,0
33200,0
25781,0
47905,0
20364,0
13039,0
46816,0
3424,0
48881,1
14588,0
9580,0
14002,0
5895,0
16974,0
26961,0
9528,0
6705,0
16407,0
49970,1
27820,0
41779,0
14648,0
1929,0
6989,0
16314,1
41652,0
23057,1
26600,1
45386,0
15610,1
44386,0
11679,0
25346,0
16776,0
29624,1
31089,0
37938,0
25572,0
17888,0
1672,0
13876,0
18836,0
33727,0
957,0
6434,0
19855,0
2178,0
48457,0
15913,0
36310,0
16283,0
6683,0
6954,0
22145,0
30897,0
712,0
25432,0
47500,0
44462,0
25846,0
43682,0
44118,0
42674,0
17149,0
15603,1
23621,0
30415,0
24161,0
7260,0
28257,0
46346,0
5569,0
46417,0
27619,0
18622,0
47978,0
43176,0
18315,0
17650,1
11531,1
13685,0
42668,1
26696,1
8056,0
1067,0
32009,0
6309,0
3507,0
24276,0
47465,0
23097,0
32316,0
22597,0
20027,0
43716,0
34832,1
25677,1
30740,0
25912,0
43855,1
683,1
29381,0
19379,0
34750,0
7345,0
32473,0
19084,0
45713,0
2845,0
14821,0
28386,0
8806,0
361,0
41492,0
3804,0
31171,0
17065,0
22866,0
42655,0
41943,0
5510,0
20157,1
38175,0
30529,0
1773,1
24455,0
35414,0
42548,0
41048,0
44143,0
38911,0
35440,0
49694,0
32618,1
45787,0
39591,0
4222,1
15498,0
41385,1
26829,0
7744,0
35536,0
46996,0
43063,0
33429,0
21745,1
23944,1
26606,1
11152,0
13071,0
39883,0
33767,0
14390,0
45134,0
39110,0
20267,0
16106,0
740,0
11790,0
10400,0
5159,0
9435,0
14861,0
13344,0
49840,0
22560,0
19506,0
20776,0
785,0
11068,0
17697,1
47322,1
44331,0
47064,0
49905,0
5661,0
7176,0
24130,0
31948,0
17496,0
15274,1
35238,1
43674,0
16276,0
25882,0
35263,1
26512,1
42966,0
37284,0
20620,0
2990,0
43660,1
36080,0
12467,0
29998,0
22511,1
26992,0
21660,0
16286,0
28379,1
18932,0
34968,0
46773,1
3119,0
36349,0
29059,0
31642,0
34448,1
19630,0
37105,0
1137,1
1322,0
33854,0
47832,0
15196,0
10672,0
8205,0
851,0
31023,0
35134,0
47810,0
39127,0
18104,1
24866,0
32279,0
27546,1
45603,0
866,0
48153,1
23544,0
22087,0
27373,0
36784,0
25071,0
47990,0
24605,0
38707,0
42416,1
4472,0
31385,1
25171,1
20773,0
9894,0
9807,0
14851,0
35876,0
9589,0
21935,1
10762,0
36213,0
16737,0
11913,0
12980,0
3308,0
10086,0
15932,0
5514,0
44587,0
29782,0
24695,0
40574,1
16539,0
39786,0
40448,1
43502,0
5078,0
11403,0
19126,0
13606,0
18610,1
29313,0
13558,0
5555,0
44047,0
19809,0
39812,1
9163,0
40216,1
41465,0
18262,0
38079,0
22645,0
46651,0
23401,0
45103,0
28964,0
33518,0
24888,0
36874,0
34122,1
18565,0
5417,0
9829,0
491,0
35809,0
11356,1
9363,0
26903,0
12953,0
10900,0
30128,0
24256,0
27584,0
31224,0
12569,0
46553,0
41069,1
40825,0
30149,0
6194,0
18157,1
27618,0
6698,0
26851,0
47590,0
32023,0
9041,0
8172,0
4090,0
2599,0
550,0
37050,1
24512,0
49330,0
38535,0
3515,0
4855,0
44515,0
45636,0
13137,0
24462,0
38157,0
36650,0
16778,1
13705,0
35092,1
9594,0
13646,0
22819,0
45752,0
3034,0
16155,0
25604,0
41796,0
19971,0
39483,0
17836,0
45457,0
23314,0
16018,0
11455,0
21166,0
46193,0
1556,1
28094,0
3423,0
36466,0
38801,0
32706,0
26533,0
49338,0
37963,0
45245,0
8473,0
18789,0
8307,0
14913,0
10043,1
13718,0
20465,0
39000,0
45429,0
21522,0
25763,0
20227,0
43546,0
39784,1
31552,0
35572,0
24073,0
42214,0
21032,0
1916,0
39938,0
13849,0
29385,1
26187,0
5427,0
46765,1
48935,0
12934,0
20579,0
5204,0
26005,0
18911,1
15714,0
44455,0
3340,0
34878,1
21659,0
32950,0
31104,0
16298,0
25827,0
13761,0
30483,0
22457,0
44167,1
17683,0
2848,0
7098,0
7024,0
25830,0
15776,0
28024,0
7635,0
26925,0
11611,0
41110,0
29813,0
30849,0
5069,0
8447,0
47868,1
37899,0
8,0
41330,0
31074,0
41374,1
16063,0
23816,0
32841,0
32036,0
10321,0
15030,0
34124,0
3900,0
9986,0
27949,1
13614,0
14149,0
3909,0
42796,0
18170,0
11219,1
17054,0
39500,1
6392,0
37255,0
36965,1
24792,1
23851,0
42879,0
1196,0
31424,0
22737,0
31179,0
37469,0
43655,0
42630,0
28626,0
6908,0
31835,0
39714,0
30567,0
13484,0
12899,0
566,0
47019,0
31718,1
22097,0
22997,0
6973,0
11668,1
27067,0
35468,0
41429,0
11437,0
24460,1
14596,0
13343,0
49342,0
35410,1
18229,0
46939,0
1948,0
44121,1
39917,0
21579,0
48959,0
37326,0
31264,1
49045,0
8360,0
90,0
36812,1
9514,0
43761,1
27718,0
10670,0
44364,0
48887,0
41863,0
39467,0
40999,0
5883,0
40354,0
33424,0
38628,0
44834,0
23741,0
30475,0
44840,0
19568,0
29360,1
16684,0
27293,0
9027,0
32027,0
48160,1
14158,0
42312,0
7819,0
12689,0
12617,0
44253,1
23784,0
12775,0
4552,0
860,0
4583,0
6146,0
8032,0
9086,0
33453,0
14819,0
19830,0
34277,1
12489,0
28313,0
39449,1
36115,0
30773,0
27704,0
29845,0
26610,0
27592,0
20708,0
11514,0
9133,0
18193,0
19839,0
25594,0
20994,0
39279,0
8117,0
43008,0
37675,0
3008,0
17564,0
44826,0
13260,0
20072,0
32098,0
24286,0
26241,0
38571,0
28882,0
6636,0
4579,0
44272,0
32378,0
35132,0
33178,1
37413,0
1023,0
33369,0
22461,0
43766,0
9397,0
47991,0
3304,1
33075,0
32198,0
35113,0
15075,0
30005,0
38206,0
43187,1
30096,0
39046,0
31709,1
500,1
25704,0
9751,0
47275,0
39794,1
8390,0
25714,0
18600,0
34135,0
46081,0
35860,0
27308,0
41760,1
26841,0
24083,0
20612,0
16223,0
28723,0
32525,1
16483,1
9010,0
11506,0
45806,0
36839,0
8927,0
37868,0
17329,1
31022,1
6278,0
47069,0
25433,0
6315,0
3482,0
17205,0
39266,0
4724,0
31342,1
27075,0
3343,0
26105,0
21068,1
38786,0
9292,0
42806,0
10689,0
20555,0
22029,0
35315,0
34148,0
14937,0
30905,0
34242,0
27362,0
7444,1
5383,0
36623,0
30942,0
532,0
5796,1
31599,0
24754,0
48718,0
13040,0
7082,1
4276,0
14678,0
7689,0
43345,0
17135,0
23075,0
45869,0
40501,0
7187,0
41561,1
38980,0
27134,0
38477,0
18792,0
11850,0
30015,0
19581,0
35778,1
42839,1
24297,0
47979,1
23800,0
32536,0
40598,0
49684,0
39503,0
23678,0
44590,0
30404,0
7891,0
41345,1
22071,0
10150,0
43930,1
9103,0
23320,0
5465,0
45803,1
7086,0
13333,0
17794,0
38745,0
7594,0
48863,0
11535,0
35871,0
34157,0
39308,1
11365,0
32744,1
37666,0
28877,1
29971,0
21189,0
39100,0
14463,0
26219,1
34429,1
6426,0
23081,0
38483,0
42280,1
42165,1
32793,0
26131,0
11613,0
45392,0
36465,0
47822,1
45480,0
38392,0
47448,0
25735,0
19446,1
17671,0
723,0
26681,0
3980,0
16445,0
16495,0
1582,0
49990,0
21245,1
260,0
29662,1
20470,0
45459,1
46004,1
41095,0
31178,0
37733,0
1061,0
23622,0
20111,0
10783,0
24498,0
18800,0
20694,0
19410,0
28246,0
49869,1
9381,0
5525,0
23894,0
30956,0
39374,0
33019,0
3427,0
31299,0
22375,0
49559,1
39012,1
28683,1
44024,0
32151,1
36309,1
22072,0
40954,0
47158,0
11093,0
49211,0
13786,0
39430,0
22717,0
15446,1
16771,0
21044,0
32320,0
31623,0
26466,0
15147,0
29046,1
33536,0
47333,1
10067,0
12886,0
17816,0
39119,0
7624,0
12837,0
11701,0
19525,0
47425,0
45857,0
28937,0
48448,0
13514,0
17867,0
11864,0
29679,0
2194,0
13204,0
38734,0
45798,1
21947,0
6204,0
3976,0
25920,0
32402,0
32355,1
19262,0
8638,0
8594,0
36150,0
30669,0
25816,0
2163,0
988,0
11166,0
4285,0
13925,0
42040,0
27723,0
17696,0
24775,0
43588,0
303,0
7160,1
15627,0
38236,0
39409,0
46877,1
38524,1
3600,0
46226,0
541,0
11036,0
39835,0
19092,1
31081,0
44800,0
36183,1
2685,0
19771,0
2572,0
33207,0
49397,0
17272,0
5765,0
31478,0
46609,0
11644,0
197,0
35938,0
32184,0
13304,0
34257,0
45759,0
26504,0
28171,0
17526,0
4536,1
18211,0
41902,0
19576,1
27157,0
5507,0
25069,0
13757,0
22162,0
240,0
10605,0
14409,0
43787,0
36937,0
48862,1
29173,0
24065,0
25447,0
251,0
11499,0
32748,0
45472,0
40760,0
31568,0
19973,0
24453,1
30605,0
11420,0
4447,0
43757,0
15733,1
29398,0
4548,0
31309,0
28384,0
8316,0
32790,0
42826,0
19908,0
30779,0
39805,1
11393,0
2356,0
46682,0
5310,0
8303,0
26694,0
39028,1
41911,0
27307,0
1730,0
31506,1
23137,0
20059,0
24333,0
28347,0
24040,0
3492,0
45412,0
17906,0
37862,1
13676,0
24791,0
17779,1
16167,1
32752,0
13637,1
13986,0
37474,0
13372,0
19205,0
2957,0
14776,0
31193,0
21473,0
42768,0
11065,0
33224,0
9071,0
22661,1
46044,0
5163,0
27667,0
47111,0
29785,0
24726,1
18064,1
21369,0
39432,0
5313,0
25380,0
27749,1
22366,0
16007,0
12372,0
17753,0
15440,1
24586,0
25367,0
15655,0
1367,0
4135,1
8625,0
8062,0
7330,0
19940,0
42305,1
9158,0
3776,0
39549,0
49640,0
46557,0
21157,0
40166,0
11099,0
15514,1
18415,0
43306,0
39476,0
31637,1
1326,1
783,0
39546,0
32609,0
1355,1
44444,0
15072,0
46219,0
17659,0
14481,0
15944,0
27901,0
33065,0
33790,0
27084,0
47304,1
3867,0
49013,0
23707,0
48598,1
49059,0
37477,0
22146,0
27793,0
25667,1
1886,1
44473,0
12646,0
25059,0
30571,1
10541,0
44817,0
49357,0
2235,0
38116,0
16299,0
26228,0
17297,0
9454,0
16033,0
1163,0
15668,0
13830,0
32572,0
37357,0
22879,0
1829,0
46303,0
15206,1
39968,0
5594,0
49973,0
16929,0
49155,0
5642,0
26023,0
12770,0
31834,0
11167,0
10340,0
17028,0
11215,0
33444,0
35869,1
43469,1
32236,0
47732,0
44436,0
6437,0
40525,1
44311,0
1857,1
1844,0
1450,0
47756,0
35420,0
8400,0
6477,0
10283,0
44156,0
17075,0
27398,0
511,0
11796,0
28391,0
18993,0
3969,1
27312,0
31281,0
46145,0
27400,0
3898,1
29885,0
22381,0
46980,0
7621,0
45575,0
41147,0
13503,0
42967,0
8574,0
30215,1
39832,0
18146,0
18065,0
31784,0
36727,1
48126,1
12746,0
40811,0
38586,0
25666,0
36966,0
33141,1
42776,1
26518,0
4712,0
49262,0
19131,0
40713,0
23060,0
20172,0
20483,0
21505,0
48311,1
5423,0
48506,0
39561,0
47922,0
4585,0
42234,0
44577,0
3383,0
16304,0
12241,0
8587,0
11086,0
39741,0
39804,0
24060,0
13369,0
3733,1
15613,0
31202,1
19991,0
6148,0
23799,0
35012,0
13092,0
46657,0
2469,0
2879,0
47260,0
49419,1
9644,0
34862,0
41988,0
30914,0
32912,0
9942,0
6925,0
1288,0
35243,1
21253,0
20037,0
12120,0
44752,0
16296,1
15482,0
33880,0
15211,0
943,0
43956,1
20960,0
19817,0
1533,0
29136,0
3351,0
47228,0
34055,1
25875,1
1155,0
41029,1
39395,0
39403,0
2179,0
46186,0
12553,1
8950,0
30409,1
5208,0
15155,0
49243,0
21236,0
17555,0
1211,0
14864,0
32342,0
28749,0
29288,0
9704,1
17982,0
45859,0
43146,1
38045,0
3741,0
22811,0
12403,1
10592,0
12863,0
5391,0
48882,0
48462,0
29244,0
49567,0
49777,0
44861,0
49526,0
36004,0
31348,0
12066,0
21148,0
17122,0
23425,0
24635,0
5213,0
3571,0
20484,0
10107,0
15549,1
18964,0
18118,0
21577,0
35107,1
49068,0
40243,1
15891,0
21565,0
5869,1
154,0
1218,0
19290,0
10269,0
20730,0
47336,0
19928,0
38064,0
2864,0
14090,0
36723,0
41837,0
17181,0
26709,0
24157,0
7514,0
46830,1
6266,0
768,0
12507,1
34986,0
14983,0
47994,0
33043,0
17527,1
2680,0
44045,1
28223,0
33150,1
25814,1
42601,0
5787,0
32789,0
18843,1
28035,1
11163,0
8905,0
46031,0
41105,0
12602,0
15847,1
48048,0
33871,0
19698,0
19884,0
46488,0
29761,0
3897,0
43308,0
37077,0
7911,0
12479,0
29395,0
2161,0
23004,1
46380,1
30513,0
41415,1
8139,0
4147,0
37867,0
41368,0
40169,0
19183,0
47469,1
39235,1
23420,0
31733,0
27249,0
11901,0
48199,1
44077,0
702,0
28745,0
845,0
2142,0
36263,0
15110,0
33588,0
48861,0
34838,1
2295,0
36853,0
41877,0
40263,0
15969,1
12880,0
39125,0
23852,0
23593,0
16635,1
32080,0
3996,0
1361,0
1012,0
47358,1
21570,0
10585,0
11012,0
48353,0
27540,0
32570,1
20648,0
38489,0
4865,0
34984,0
49415,0
49229,0
5320,0
14899,0
34760,0
34074,0
17704,0
24680,0
30588,0
18156,0
46879,0
18537,0
48116,0
6914,0
7534,0
47681,0
839,1
21573,0
25402,0
2533,0
39417,0
47203,0
10029,1
17170,0
45899,0
32731,0
30192,0
17857,1
19007,0
45136,0
42449,1
38908,1
32505,0
46766,0
8444,0
49313,0
35265,1
33573,0
31881,0
39602,0
21051,1
19729,0
46936,0
3509,1
44802,0
47778,0
43808,1
6184,0
5361,0
18830,1
43617,0
47776,1
26553,0
10504,0
33551,0
18992,0
29160,0
25616,0
43452,1
36017,0
6159,0
46699,0
9685,0
3629,1
20595,0
9146,0
3328,0
44094,0
42859,0
17289,0
5681,0
15699,1
42022,0
11486,0
8239,0
913,0
49618,1
7791,0
925,0
19580,0
44035,1
15925,0
9647,0
12679,0
30209,0
14372,0
41472,1
22707,0
6887,0
24870,0
13044,0
22334,0
15724,1
37467,0
38276,0
9881,0
40135,0
38510,0
34592,0
1171,0
48798,0
5043,0
17381,0
43610,0
37199,0
17939,0
3098,0
45530,0
35267,0
44849,0
5799,0
30396,0
35629,0
16113,1
16727,0
25144,0
30962,0
40067,1
41921,0
24250,0
20370,0
11405,1
32710,0
44408,0
40584,0
41533,0
33103,0
1010,0
44023,0
9962,0
3822,0
2285,0
46331,0
38592,0
43224,1
1768,1
45013,1
47040,0
1020,1
15093,0
29062,1
7137,0
3222,0
18460,0
46231,0
14957,0
10570,0
7727,0
15473,0
12068,0
17313,1
29807,0
26086,0
25494,0
40886,1
7042,1
42622,0
13860,0
365,0
37394,0
42790,0
12055,0
3012,0
47831,0
31721,0
47303,1
13311,0
47273,1
44825,0
1686,0
32112,0
7193,0
18562,0
8428,0
25728,0
22755,1
3883,0
32550,0
1351,0
31246,0
26300,0
23679,1
49234,0
37531,0
40489,0
15228,0
4980,0
45769,0
23153,1
100,0
42141,0
28696,0
27879,0
30114,0
7149,0
42569,0
13742,0
12528,0
40311,1
545,0
39931,1
8605,0
23995,0
35900,0
45009,1
19462,0
28194,0
29945,0
20560,0
37293,0
12670,0
28360,0
37079,0
36629,0
18509,0
38699,0
43041,0
41215,0
48744,0
2958,0
20860,0
4369,0
20674,0
20393,0
5452,0
1097,0
20206,0
18630,0
14773,0
30151,0
18753,0
14813,0
35398,1
29272,1
43893,1
7783,0
9763,0
21592,0
2830,0
44006,1
12917,0
17239,0
30187,0
15335,1
1157,0
31734,0
38117,0
21122,0
4894,0
7323,1
45851,0
48661,0
48405,0
10884,1
45352,1
30210,0
3914,0
22128,0
4452,0
2699,0
30742,0
15166,0
13557,0
8996,0
21315,1
48228,0
42707,0
37076,0
46731,1
34044,0
13066,0
32220,0
33864,0
31634,0
26227,0
22070,0
11893,0
33117,0
12866,1
30346,0
4233,0
23724,0
19369,0
45071,0
27252,0
1337,0
49799,1
43721,0
20019,0
21162,0
6763,0
38619,0
13525,1
38812,0
15794,1
9285,0
39732,0
24972,0
18931,0
43623,0
34140,0
4213,0
35700,0
37282,0
36915,0
30091,1
25096,0
15247,0
4704,0
38798,0
20913,0
41088,0
6821,0
44542,0
37594,0
8496,0
8904,0
37580,0
24160,0
45322,0
21018,0
22186,0
47952,0
45102,0
3555,0
23947,0
24520,0
34767,0
15243,1
21080,0
19453,0
49124,0
21052,0
33888,0
49078,0
28575,0
3397,0
7857,0
31969,0
37964,0
45401,0
19032,0
49709,1
22851,0
36328,0
11520,1
15484,0
16270,0
2452,1
33971,0
31366,0
14704,0
48721,0
42805,0
5324,0
6904,0
5527,0
9686,0
36773,0
34355,1
15583,0
26868,0
5887,0
28027,0
28010,0
18351,0
8810,0
28974,0
24043,0
4574,0
17134,0
5663,0
45580,0
5532,0
28005,1
23782,0
4253,0
14341,0
38031,0
35713,1
44524,1
39180,1
34123,0
31736,0
38930,0
35949,0
13613,0
21348,0
31647,0
41288,0
14035,0
39126,0
45347,0
10050,0
34030,0
1643,1
23326,0
16809,0
11998,0
23321,0
20307,0
9356,0
36031,0
20634,0
40914,1
4027,0
46665,0
49671,0
9917,0
43645,0
1081,1
29540,0
3661,1
25213,0
34491,0
6768,0
46115,0
24914,0
2657,0
22121,0
10699,0
16903,0
30322,1
35341,0
47293,0
1661,1
21301,0
43,0
38281,0
43392,1
22786,0
48433,0
45315,0
24189,1
26943,0
8123,0
37815,0
6027,0
37584,1
12067,0
29213,0
44985,0
36776,0
30052,1
16090,0
12503,0
11673,0
25252,1
626,0
2200,0
25891,0
46725,0
17142,1
19505,0
13886,0
31536,0
34096,0
19656,0
34423,1
22149,1
27812,0
18495,0
338,0
25515,0
1055,0
45249,1
9137,0
34737,0
14702,0
18548,1
27287,0
5174,0
29337,0
29475,0
2449,0
11108,1
11759,0
42456,1
44655,0
8805,0
31681,0
12053,0
32395,1
17970,0
41793,0
20857,0
38961,0
40422,0
35203,0
25742,0
6231,0
39434,0
25664,1
37168,0
47675,0
6471,0
33031,0
21309,0
3120,1
5041,0
21726,0
13540,0
47762,0
23626,0
12488,0
15985,0
15034,0
1543,1
531,0
18949,0
41121,0
38747,0
48396,1
13464,0
47844,0
39511,0
16745,0
34511,0
390,0
46629,0
37748,0
18144,0
21185,0
45940,1
30184,0
3175,1
24592,0
20586,0
10538,0
40242,0
9527,0
6924,0
3760,0
23451,0
16891,0
12095,0
19530,0
24347,1
16208,0
33021,0
14228,0
25762,0
39495,0
25355,0
24336,0
40157,0
46268,0
28107,0
42485,1
11770,0
16588,0
14869,0
14515,0
15154,0
13001,0
13021,0
44458,0
4586,0
22368,0
43151,1
48497,0
26902,0
15347,1
32897,0
10226,1
1318,1
41347,0
17449,0
29776,1
31653,0
35090,1
35485,0
38800,1
40497,0
35045,0
14624,0
29462,0
48350,1
15994,0
38669,0
16184,1
36680,1
40221,1
31021,0
17588,1
8226,0
23655,0
1660,0
29032,0
26068,0
39720,0
21360,0
28431,0
39054,0
27221,0
6040,0
42268,0
23231,0
40781,1
14600,0
44591,0
32294,0
928,0
41168,0
5519,0
45010,1
48783,0
49586,0
8233,0
31350,0
42062,0
22304,0
16908,0
25090,0
32999,0
15411,0
5165,0
33004,0
35719,0
34869,0
33489,0
39950,0
6835,0
19504,0
25274,0
71,0
49992,0
9455,0
49391,0
10177,0
9743,0
685,0
21063,0
45981,1
27943,0
11675,0
47974,0
28247,0
28395,1
19340,0
49466,1
33360,1
44501,0
20106,0
25953,0
16839,0
40386,0
35227,1
41930,0
45119,0
4909,0
22815,1
27322,0
37900,0
36745,0
45607,0
34121,0
9067,0
9541,0
3834,0
48094,0
28529,0
36009,0
28361,0
48244,0
31259,1
15151,0
6673,0
10084,0
42414,1
3717,0
4,0
29996,0
49551,0
10714,0
22088,0
41574,1
44157,0
49252,0
453,0
3145,0
39935,1
45464,0
43943,0
7096,0
27602,0
22727,0
7562,0
199,0
18887,0
6789,0
47849,0
15458,1
35476,0
36491,0
42201,0
24761,0
28235,0
40540,0
22873,0
20684,0
2208,0
12035,0
17050,0
4593,0
4560,0
19584,0
43131,0
26295,0
41266,0
19857,0
26202,0
22244,0
17557,0
45926,0
38833,1
6475,0
12123,0
7498,0
36082,0
16168,0
9642,0
23200,0
27207,1
42390,0
32439,1
5846,0
48231,0
47706,0
24041,0
33101,0
32309,1
9762,0
5483,0
9309,0
19594,0
22392,1
20298,0
34253,0
8111,0
19961,0
23558,0
30532,0
44880,0
16503,0
21936,0
20918,0
42,0
34014,0
6577,0
47900,0
25338,0
7883,0
38112,0
9456,0
35244,0
32351,0
33726,0
19749,0
35699,0
18006,0
10577,0
30200,0
4948,0
38456,0
13691,0
20975,0
31450,0
49541,0
9143,0
45920,0
9722,0
3847,0
32860,0
17223,0
43377,0
26782,0
14625,0
11629,0
36084,0
2787,0
1928,0
42562,0
14686,0
5374,0
46986,0
4753,0
24785,0
42197,0
38230,0
24603,0
7774,0
46184,0
12178,0
46559,0
19873,0
32596,0
24029,0
33334,1
42503,0
5518,0
14179,0
5954,0
9169,0
41378,0
39646,0
18161,0
44346,0
16593,0
42704,1
48653,0
19244,0
17231,0
12173,0
49063,0
36916,0
2862,0
22100,0
44481,1
10641,1
35115,1
2298,0
49418,1
41848,0
18758,0
30042,0
17692,1
12092,0
36165,0
46823,0
49742,0
35251,0
23509,0
14311,0
35163,0
33331,0
11462,0
49773,0
35982,0
22622,1
47288,0
8109,0
43644,0
36203,0
23895,0
9617,0
27577,0
10934,0
14542,0
4533,1
26786,1
20280,0
38140,0
9074,0
3925,0
35247,1
41489,0
31925,0
32092,0
12192,0
26267,1
14395,0
19759,0
11662,0
36925,1
11980,0
11639,0
12081,0
45882,1
49871,0
28239,0
30066,0
6321,0
44475,0
18983,0
26840,0
3608,0
32639,1
30375,1
41746,0
5187,0
30692,1
25601,0
38077,0
28351,0
18353,0
4137,0
16542,0
48317,1
26470,0
4946,0
20941,0
46052,0
38658,0
15522,1
40488,0
4241,0
31764,0
1694,0
3212,0
49895,0
14975,0
38776,0
8892,0
36850,0
12768,0
41748,1
1591,0
5071,0
9545,0
15512,0
3164,1
8492,0
33811,0
45161,0
37982,0
38209,0
5646,1
11788,0
18783,0
2492,0
49718,0
49607,1
44190,0
35352,0
32440,0
27144,0
11477,0
40529,0
15889,0
42837,0
38891,1
34965,0
26984,1
10427,0
47085,0
38827,0
11713,1
19022,0
10075,0
49516,1
2316,0
45730,1
4570,0
48251,0
23121,0
28826,0
8455,0
9060,0
26594,0
16550,0
49446,1
44968,0
47997,0
44510,0
4330,0
5216,0
4907,0
25361,0
23826,0
36184,0
27543,1
38158,1
20795,0
13707,0
5940,0
22446,0
43272,0
28018,0
37910,0
5730,0
26205,0
44429,0
30477,0
16937,0
20097,0
24639,0
27422,0
32637,0
33123,0
41876,0
17735,0
28799,0
45781,0
3954,0
18343,0
420,0
37691,0
33595,0
48856,1
3879,1
23841,0
47532,0
3565,0
3128,0
38963,0
4051,0
18643,0
20537,0
38178,0
18282,0
5737,0
45900,0
32621,0
1265,0
6484,0
28808,0
29146,0
29710,0
47934,0
14364,0
19442,0
36772,0
24973,0
36365,0
13726,0
18162,0
37135,0
8729,0
13336,0
9695,1
49304,1
28984,1
8617,0
39955,1
39775,0
19065,0
31974,0
4071,1
17345,0
39744,0
463,0
42354,0
17782,0
6525,0
41764,0
29352,0
40717,0
32470,0
24376,0
15396,0
40798,0
28392,0
43922,0
10486,0
13356,0
19472,0
33153,0
2612,0
16110,0
8153,0
5675,0
23446,0
29004,0
6435,0
33445,1
20001,0
17399,0
48648,0
14630,0
2812,1
48630,0
14377,1
5172,1
28063,1
1399,0
14530,0
1832,1
36484,0
42933,0
46671,0
9463,0
4674,0
43375,0
11008,0
34861,0
41229,0
15595,0
18240,0
7888,0
47449,0
45692,0
26770,0
22544,0
7751,0
11715,0
25278,0
34958,0
37451,0
36321,1
17360,0
21539,0
3223,0
13680,0
25125,0
49399,0
14936,0
3960,0
8604,0
49984,1
47882,0
25442,0
2384,0
37144,1
35400,0
46437,0
42706,0
26842,0
12938,0
46696,0
468,0
13813,0
2792,0
43863,0
22095,0
16312,0
29060,0
38555,0
41962,1
20251,0
25788,0
7696,0
36603,0
49367,0
14342,0
41525,1
38085,1
49810,1
9930,0
46573,0
25341,0
1699,0
25643,0
9840,0
47399,0
15058,0
7864,0
41033,0
48511,1
22321,0
10646,0
24996,0
44016,0
45783,0
697,0
34519,0
1736,0
31911,0
48492,0
42447,0
8882,0
42845,0
7235,0
38241,0
31616,0
8173,0
25813,0
49781,1
28941,0
15169,0
580,0
43739,0
47352,1
36266,0
9753,0
34652,1
11825,0
32233,0
6302,0
8799,0
22493,0
39655,0
11221,0
47660,0
2000,0
374,0
3587,0
44447,0
20985,0
1890,0
8069,1
35242,1
14827,0
3129,0
28583,0
24547,0
19372,0
29959,1
41098,0
20247,0
29780,0
3967,0
26055,1
7331,0
26353,1
46968,0
47951,0
14532,0
2508,0
21524,0
7918,0
572,1
38871,0
48515,0
20764,0
24581,0
4852,0
46608,0
32415,0
35442,0
8689,0
44819,0
26565,0
4197,0
31005,0
23501,0
13998,0
44958,0
9813,0
4327,0
39411,0
29866,1
26375,0
17517,0
37459,0
47024,0
39774,0
49033,0
33500,0
27663,0
6773,0
12904,0
20756,0
31810,0
27015,0
46544,0
7335,0
45881,1
9623,0
20029,0
15134,0
24370,1
21008,0
26528,0
49750,1
20513,0
14198,0
3194,0
11637,0
3632,1
16041,0
25045,0
40503,0
42206,0
26638,0
8899,0
26390,0
29760,0
12082,0
31914,0
12630,0
49835,0
35019,0
25025,0
29362,1
2003,0
45829,0
6131,0
39656,0
38781,0
26705,1
8566,0
39074,0
28052,1
10553,0
5120,0
46157,0
6704,0
47411,0
27868,0
10061,0
18352,0
24905,0
45715,0
23556,0
10036,0
25223,1
7097,0
5516,0
42514,0
13306,0
34893,0
42125,0
41704,0
44351,0
40427,0
14993,0
26016,0
45321,0
8001,0
13184,0
13527,0
30183,0
14726,0
41722,0
10000,0
47850,0
30580,0
28292,0
42046,0
9880,0
13395,0
9119,0
10571,0
36226,1
43522,0
48157,1
5381,0
12273,0
17687,0
39069,0
24059,0
42945,0
38987,0
43099,0
41195,0
39412,0
35457,0
6375,0
23462,0
12718,0
13342,0
11285,0
48970,0
45754,1
20237,0
26421,0
4596,0
42241,0
12497,0
16827,0
39903,1
29528,1
33437,0
7450,0
26996,0
3620,1
26733,1
47642,0
28092,0
10560,0
47184,0
1170,0
13934,0
37127,0
9533,0
21372,0
29955,0
13296,0
49113,0
23512,0
24285,0
31714,0
11047,0
19679,0
23071,0
20443,0
13485,0
49850,0
20859,0
49485,0
33111,1
25459,0
22270,0
45060,1
27213,0
32990,0
47009,0
16724,0
35897,0
10982,0
42628,0
40035,0
11133,0
35383,0
7049,0
42348,1
33430,0
22406,0
21663,0
3881,0
5885,0
37780,0
10173,0
26637,0
19602,1
13758,0
16196,0
35043,0
9282,0
11337,0
35971,0
12849,0
46798,0
4368,0
43999,1
5457,0
4499,0
41091,0
10981,0
26980,0
44776,0
35618,0
13302,0
7327,0
31746,0
10394,0
16099,0
22730,0
15770,0
9981,0
44663,0
11700,0
43455,0
32996,1
27960,0
38231,0
18,0
40498,0
28357,0
42699,0
9092,0
40513,0
34791,0
48006,1
17249,0
29039,0
46758,0
33225,1
38054,0
41045,0
12383,0
5977,0
41661,0
45257,0
29873,0
45116,0
40823,0
39534,0
23023,1
46897,1
8144,0
3633,0
43539,0
39574,0
26053,1
34858,1
43410,0
1723,1
48139,1
5612,0
21229,0
5230,0
7936,0
20408,0
27769,0
23495,0
42755,1
40709,0
32100,0
39971,0
32750,0
28157,0
33754,0
23527,0
26522,0
40389,0
30324,0
34570,0
28380,1
33356,0
17963,0
32872,0
8357,0
3409,0
9305,0
33526,0
35992,0
28802,0
11253,0
1365,0
33183,0
45778,1
46905,0
21012,0
47181,0
21794,0
3213,0
39293,0
14093,0
19171,0
14432,0
21774,0
23848,0
9007,0
14835,0
24472,0
6583,0
49248,1
25392,0
42294,0
29805,0
6084,0
46735,0
17033,0
28341,0
36548,0
12674,0
24692,0
43028,0
992,1
40463,0
2723,0
49989,0
29448,0
31138,0
3713,0
25607,1
29713,0
49075,0
26526,0
16282,0
28551,1
46781,1
49284,1
26134,0
35747,0
11367,0
3916,1
40120,0
42835,0
35970,0
23386,0
29407,1
48313,0
39588,0
47598,0
47593,0
40318,0
28616,1
40804,0
29090,0
13449,0
38338,0
35540,0
893,0
26509,0
47645,0
41715,0
45581,0
33820,1
3279,0
33786,1
26564,0
651,0
42521,0
9673,0
38032,0
3562,0
16425,0
22463,0
22450,1
24663,0
10986,1
46284,0
28545,0
44398,0
46466,0
13052,0
14445,0
42737,0
20285,0
41356,0
36728,0
13819,0
21447,0
48991,0
25042,0
43510,0
18775,0
2405,1
24444,0
41300,0
35100,0
460,1
37980,0
3115,0
15605,0
33621,0
24988,1
27020,0
37346,0
8238,0
30411,0
37758,1
49606,1
23919,0
3644,0
19039,1
37510,0
43865,0
26198,0
1235,0
10038,0
36340,0
34683,0
5501,0
4578,0
12844,0
36635,0
31481,0
21328,0
20989,0
38561,0
25479,0
1609,0
38837,0
3086,0
7426,0
48213,0
21855,0
14229,0
22409,0
950,0
3053,0
34793,0
32431,0
35733,1
8855,0
20259,0
35880,0
13529,0
23379,0
45308,0
33605,0
7025,0
3541,0
7073,0
18459,0
6776,0
22468,0
27255,0
5669,0
25825,0
40832,1
20599,0
9798,0
880,1
18831,0
13745,0
38772,0
5473,0
26634,0
14768,0
7046,0
15355,1
26482,0
42250,0
48545,1
22723,0
16592,0
24883,1
18636,1
26243,0
38519,0
14970,0
43686,1
35993,1
22657,0
21639,0
26822,1
18494,0
49481,0
43184,0
13010,0
17688,1
15674,0
12629,0
27132,0
15209,1
24806,0
47160,1
49404,0
3306,0
18525,0
46349,0
19070,0
27560,0
35788,0
48271,0
26124,0
13919,0
4500,0
1031,1
4897,0
39095,0
13020,0
30996,0
3460,0
11294,0
25259,0
19054,0
3779,0
2154,0
4971,0
10740,1
26222,1
46267,0
46107,0
18402,0
31735,0
12779,0
37656,0
4858,0
1508,0
48182,1
27980,0
30703,0
32665,1
26702,1
4721,0
15133,0
27649,1
44758,0
23133,0
18553,0
39060,0
20249,0
18255,0
31030,0
8408,0
15723,0
44551,0
17718,0
34926,0
14804,0
21373,0
28248,0
17894,0
42589,0
36156,0
23609,0
14991,0
32386,0
7970,0
20306,0
15570,1
49101,0
44266,0
45986,0
26978,0
30451,0
13197,0
44032,0
13470,0
49093,0
42314,0
31994,0
49827,1
6432,0
29809,0
28827,1
45127,0
39216,1
21961,0
32629,0
34887,0
27423,0
47668,0
43499,0
5038,1
4516,0
16408,0
6041,0
22399,0
14933,0
27827,0
10190,0
39363,1
6250,1
46213,0
25006,0
6097,1
44604,0
14897,0
38816,0
16302,0
1116,0
12992,0
36630,0
16221,0
12875,0
43428,1
12542,1
13149,0
12529,0
32659,0
35985,0
1496,0
6891,0
46026,0
4307,1
31463,0
47117,1
37961,0
45568,0
2519,0
42129,0
22955,0
29995,1
5496,0
33061,0
23119,0
7684,0
13130,1
33235,0
48481,0
25942,0
20855,0
29990,0
3673,0
21169,0
18138,0
24558,0
10448,0
45792,0
1820,1
12322,0
35805,0
37114,1
11808,0
41942,0
10558,0
4210,0
4966,1
5590,0
30130,0
39015,1
1564,0
34078,0
11678,0
40165,0
38199,0
43073,0
36942,1
22686,1
31038,0
42026,0
28743,0
39169,0
25225,0
12789,0
36678,0
42884,0
8022,0
24242,0
17795,1
32394,0
37306,1
38003,0
15097,0
24284,0
21149,0
38678,0
21532,0
25111,0
29439,1
12219,0
23575,0
28249,0
28619,0
11417,0
42364,0
44022,0
11149,0
36404,1
14141,0
13973,0
7701,0
12891,1
10096,0
45258,0
28587,0
1885,0
32393,0
4873,0
13995,0
47441,0
20277,0
7766,0
40968,0
30361,0
49769,0
11994,0
6454,0
40188,0
6897,0
43698,0
6996,0
39481,0
34904,0
36277,0
41478,1
1412,0
837,0
29724,0
25210,0
45630,0
34796,0
33086,0
33817,0
6342,0
12468,0
39827,1
37226,0
35522,0
7889,0
45150,0
28913,0
28530,0
43705,0
48766,0
9369,0
46957,0
32886,0
21910,0
30428,0
2611,0
21714,0
30912,0
19841,0
5048,0
12898,1
23505,0
42506,1
47010,0
16351,0
41595,0
14945,0
17252,0
11485,0
34171,0
36950,1
49539,1
35638,0
23158,0
45265,0
36424,0
10707,0
40057,1
26602,1
15645,1
19099,0
16480,0
3301,0
5915,0
40998,0
14247,0
33311,1
47101,0
37789,1
6805,0
19820,0
23235,0
29036,1
41738,0
41026,0
17038,0
6111,0
4267,0
37682,1
8209,0
34109,0
5630,0
264,0
35199,0
12537,0
40357,0
30022,1
47187,0
1187,0
7691,0
16677,0
31915,0
40380,1
15730,1
3530,0
48534,0
11646,0
27119,0
25519,0
16492,0
39749,0
14623,0
45171,1
6265,0
24371,1
24753,0
42015,0
33409,1
41094,0
31717,0
27486,0
3936,0
43470,1
2224,0
40720,0
39564,0
26856,0
22386,0
1558,0
16735,1
12132,0
35571,1
32176,0
19950,0
19122,1
15917,0
40712,0
39583,0
28694,0
23412,0
20952,0
25561,0
8504,0
31500,0
6062,0
47087,0
48574,0
1598,0
16525,0
30792,0
26252,1
23538,0
15344,0
38797,0
41990,0
17448,0
38861,0
7130,0
35562,1
4683,0
37884,0
44553,0
26258,0
8740,0
6499,0
42252,0
47745,1
32640,1
8272,0
6340,0
35480,0
21342,0
18172,0
28674,0
33076,0
18839,0
38881,0
6616,0
46144,0
48388,0
13874,0
27122,0
716,1
33736,0
33601,0
17723,1
10268,0
38018,1
26698,0
14832,0
4840,0
37145,0
29968,0
20005,0
7839,0
44414,0
48583,1
9407,0
47241,1
45362,0
15449,1
44418,0
9059,0
4940,0
13660,0
36774,0
2560,0
40102,1
36758,1
44004,0
9459,0
33371,0
42844,0
2831,1
19944,0
31134,1
33128,0
41346,0
11628,0
30049,0
39973,1
23342,0
48379,0
42841,0
46785,0
12607,1
43820,1
34344,1
22022,0
43497,0
44507,0
26346,0
25423,1
30874,0
4405,0
33669,0
41322,0
37968,0
40772,0
43744,0
13303,1
29859,0
34477,0
42111,1
4620,0
31294,0
27837,0
5141,0
30918,0
40298,0
17551,1
13906,0
10510,1
14682,0
9452,0
6920,0
18078,0
10320,0
28449,0
26129,0
10151,0
24947,0
34686,0
14444,0
10253,0
29715,0
18327,0
20142,0
16185,0
1345,1
41233,0
18426,0
12860,0
14822,0
23132,1
3513,1
8569,0
38154,1
7434,0
48149,0
47178,0
7868,0
10998,0
38159,0
1946,1
49813,0
12487,0
38336,0
46128,0
11484,0
25314,0
36760,0
44288,0
20312,0
43840,0
42428,0
48967,0
32336,1
8047,0
6332,0
47883,1
48892,0
309,0
2745,0
9368,0
6076,0
17865,0
41757,0
48942,0
47410,0
7703,0
49836,0
21352,0
35636,0
42893,0
32737,0
41827,0
33545,0
9912,0
36474,0
33903,0
32433,0
43813,1
43916,1
941,0
26538,0
38263,0
31900,0
2871,0
20830,0
12366,0
17208,0
27929,0
37836,0
19780,0
7064,0
1812,0
49855,0
45377,0
9233,0
30569,0
26879,0
34821,0
42458,1
39806,0
12393,0
3396,0
12368,0
31106,0
3942,0
11332,0
49359,0
47651,0
22360,0
30698,0
40482,0
40507,0
23250,0
24666,0
11172,0
5718,0
13715,0
14275,0
27274,0
22175,1
10648,0
44563,0
39888,1
25201,0
1746,1
37361,0
38446,0
7352,0
45211,0
47940,0
43942,0
11366,0
42935,0
7838,0
26521,1
39597,0
45201,0
31805,0
19589,1
7126,0
2597,0
10003,0
27404,0
32274,0
46070,0
25544,0
19995,0
9301,0
22709,1
33744,0
29498,1
49688,1
15729,0
11230,0
10277,0
43150,1
22612,0
41010,0
35721,1
14775,0
30814,0
18362,0
7702,0
15556,0
3342,0
15746,0
8417,0
43671,0
28135,0
45560,0
34379,0
8567,0
32989,0
5803,0
7466,0
38841,0
37360,0
8560,0
37753,0
6990,0
1712,0
35452,1
9933,0
48896,0
20699,0
13073,0
6748,0
26456,0
26826,0
33847,0
35252,0
6814,0
24766,0
25448,0
12470,0
40121,1
33652,1
28610,0
37855,0
45033,1
30741,1
45624,0
14694,0
39227,0
7139,0
2408,1
4581,0
38703,0
27273,0
24293,0
398,0
14569,0
13454,0
70,0
32707,0
14135,0
36588,0
38490,0
11164,0
10401,0
31659,0
22867,0
22037,1
38651,0
28884,1
10847,0
45519,0
43607,0
23437,0
46405,0
3696,0
34987,0
37205,0
44413,0
25646,0
2375,1
24544,0
37655,0
35548,1
17151,0
1999,0
1568,0
15539,0
49358,0
27941,0
33052,0
35281,0
24274,0
3394,0
4102,0
34541,0
40350,0
11090,0
20628,0
18624,0
6224,0
25253,0
23442,0
9183,0
46240,0
34963,0
34859,1
38121,0
14761,0
15856,0
26334,1
33402,1
45364,0
46130,1
25597,0
7183,0
23434,0
36777,1
24191,1
12248,0
45035,0
16325,0
8274,0
35097,0
30701,0
39466,0
36816,1
36564,0
6257,0
41673,1
44851,0
36516,0
6054,0
35671,0
31514,0
22448,0
40173,0
31748,0
22871,0
2987,0
37372,0
3080,1
16629,1
29714,0
31803,0
43290,1
18732,0
13353,0
46082,0
32771,0
28869,0
22369,0
24409,0
25652,0
41071,0
6804,0
48903,1
37859,0
45550,0
235,1
44328,0
45101,0
32963,1
33964,1
19913,0
28829,0
3583,0
31462,0
5907,0
29212,0
41759,1
22528,0
24475,0
36079,0
46913,0
7650,0
35529,1
2621,1
45609,0
49582,0
26236,0
11335,1
42445,0
37583,0
1240,1
45878,0
36049,0
30789,0
19849,0
36144,0
21266,0
29705,0
21425,0
16570,0
44924,0
1618,1
22307,1
26510,0
43490,1
48731,0
42247,0
31429,0
42385,0
48840,0
18234,0
9140,0
45720,0
1967,1
2536,0
36113,0
2464,0
48644,1
10804,0
40205,0
49680,1
28787,0
34599,0
30747,0
42030,0
28898,0
16396,0
32787,0
36797,0
11493,0
32574,0
41619,0
8074,0
16244,0
810,0
31292,0
13225,0
17848,0
47987,0
38166,0
20814,0
10291,0
31533,1
29645,0
27893,0
48622,0
41404,0
35692,1
30930,0
42827,0
6543,1
44087,1
23361,0
16682,0
10874,0
14749,0
38464,0
35196,0
21233,0
39097,0
32915,0
8269,0
34179,0
23709,0
44555,0
24196,0
43437,1
40485,0
21067,1
6957,0
18897,0
7496,0
15218,1
4288,0
18408,0
4631,0
44085,0
9588,0
15687,0
2072,0
26446,0
37493,0
26954,1
47137,0
28199,0
16218,1
42292,0
47807,1
39831,0
4258,0
32111,0
21339,0
20996,0
17326,1
28685,0
855,1
41301,0
1130,1
33917,0
21629,0
44124,0
41907,0
39523,0
46076,1
15322,0
17369,1
47077,0
24393,0
20998,0
35866,0
48871,0
20861,0
46392,0
4086,0
16755,0
44605,0
10962,0
39001,1
48749,0
2968,0
29572,1
29838,0
25393,0
18243,0
41806,0
12232,1
12345,0
23941,0
3444,0
10140,1
10989,0
21727,0
47108,0
8925,0
36083,0
45939,1
31052,0
37041,0
27045,0
7265,0
18631,0
776,0
2029,1
46617,0
36197,0
29518,1
12841,0
35736,0
13179,1
803,0
27370,0
44918,0
24930,0
27174,0
6488,0
28053,0
24533,0
14992,0
7491,0
2522,0
6831,0
6725,0
38335,0
15242,0
12574,0
114,0
19140,0
2061,0
15692,0
10556,0
9890,0
26289,1
30534,0
29620,0
42070,0
30453,0
41926,0
18572,0
24744,0
11168,0
31247,0
7474,0
13384,0
22860,0
19703,0
38362,0
35291,0
5546,0
44873,0
35575,0
38182,0
42263,1
21444,0
19789,0
30578,0
41476,0
660,0
27053,0
17265,0
7979,1
6651,0
12059,0
30365,0
38098,0
10478,0
2117,1
9174,0
28538,0
1858,0
44115,1
7101,1
30652,0
19135,0
44896,0
582,0
44101,0
43938,0
7431,0
15262,1
38275,0
4230,0
44892,0
28591,0
48329,0
23893,0
8251,0
42282,0
37643,0
387,1
13575,0
27641,0
10471,0
39103,0
29353,0
44048,0
2401,1
39900,0
21374,0
36233,1
48215,1
27568,0
27798,0
2880,0
12207,0
12763,0
30798,1
35567,0
12486,0
8568,0
17237,0
18689,1
10251,0
5882,0
7896,0
19570,0
48694,1
44135,0
44476,0
28311,0
47792,0
22363,0
8061,0
23997,0
7378,0
15099,0
34176,1
18784,0
2191,0
4262,0
15249,1
10801,0
20150,0
48839,1
41729,1
47871,1
29825,0
19813,0
26062,0
39926,1
13058,0
46376,0
23824,0
21437,0
43298,0
17278,0
7802,0
49568,1
13242,0
37354,0
34759,0
31421,0
19248,0
3344,0
13545,1
38705,0
33319,0
33599,0
32019,0
35663,0
49238,0
48136,0
18187,1
33078,0
11242,0
29681,1
33602,0
6899,0
23965,0
8073,0
23084,0
47652,0
45138,1
9895,0
10935,0
5554,0
49153,0
43804,0
43601,0
22398,0
19521,1
6126,0
47766,1
18126,0
22305,0
42709,1
15600,0
49112,0
21908,0
37216,0
25128,1
30886,0
9329,0
36472,1
46972,0
7195,0
5161,0
9955,0
27397,0
34729,0
10789,0
1005,0
39934,1
26892,0
32265,0
8719,0
29452,1
46304,0
8136,0
7152,0
26607,0
39420,0
17,0
46622,0
40066,1
42977,0
22272,0
17462,0
33662,0
18878,0
47496,0
30140,0
16195,0
43401,0
20477,0
23205,0
44629,0
805,0
1691,0
25318,0
8418,0
15329,0
43693,0
15016,0
26097,0
46588,0
16849,1
38176,0
1454,0
10031,0
8914,0
10202,0
11995,0
21878,0
31503,0
1169,0
14442,0
7041,0
16941,0
17442,0
14185,0
38006,0
13799,0
14990,0
3320,1
11376,0
24501,0
31151,0
4990,0
15038,0
48609,0
23535,0
44233,1
35119,1
24085,0
40750,0
26593,1
45036,1
21312,0
39454,0
47157,0
45333,0
21047,0
36602,0
46560,0
3314,0
8258,0
42235,0
21059,0
20852,0
7646,0
19645,0
43427,0
12202,0
5346,0
24987,0
296,1
28641,0
17307,0
45985,1
6867,1
15490,1
47466,0
21296,1
14150,0
43714,1
29824,1
12142,0
41869,0
34637,0
17513,0
44518,1
34712,0
47992,0
46808,0
27497,0
49613,0
24940,0
9703,0
16783,0
41197,0
10663,0
7007,0
48012,0
3820,1
23405,0
47851,0
49275,0
26803,0
44541,0
39776,0
22735,0
25578,0
9903,0
15137,0
12174,0
28783,0
11139,0
35361,1
24064,0
40576,1
25562,0
30028,0
21572,0
3652,0
5990,0
24486,0
30226,0
23787,0
519,0
45508,1
39565,0
30401,0
8329,0
44915,0
12772,0
42571,1
29081,0
30167,0
8395,0
31267,0
35271,1
14590,0
23001,0
4697,0
42377,0
2930,0
8369,0
41714,0
32456,0
24154,0
23808,0
6467,0
19390,0
48633,0
6681,1
41970,0
27927,0
39524,0
11187,0
41981,0
26761,0
45995,0
3746,0
2852,0
34910,0
35710,0
8888,0
43903,0
2052,0
7557,1
34897,0
26944,0
12530,0
13951,0
26191,0
36505,0
43226,0
28076,0
35804,0
9313,0
20892,0
3339,0
4836,0
43740,0
16476,0
28069,0
39563,0
19821,0
1341,1
38101,0
13318,0
41638,0
45855,0
42076,0
32419,0
21881,0
29505,0
48649,0
45788,0
27116,1
12350,0
28744,0
15543,0
38558,0
28442,0
6368,0
39755,0
26194,0
28568,0
48689,1
42332,0
35878,1
74,0
13332,0
11695,0
46855,1
18885,0
43174,0
19898,0
33782,0
33547,1
16222,0
29537,0
48822,0
28716,0
32333,1
48700,0
1718,0
12352,0
40051,1
3637,0
44193,0
30446,0
563,0
41886,0
44317,0
32760,0
25842,0
28707,0
2839,0
20352,0
10068,0
22959,1
107,0
24348,1
40770,0
36598,0
3974,0
32239,0
16391,0
737,0
4179,0
24450,0
24758,0
8684,0
25049,0
37987,0
30418,1
38743,0
24243,0
30968,0
19063,0
35947,0
25464,0
6533,0
31403,0
32967,0
18386,0
19011,1
19558,0
14783,0
30047,0
9893,0
19488,0
46732,0
40901,0
32991,0
32145,0
23902,0
13506,0
46099,0
26885,0
44947,0
12726,0
13127,0
14690,0
1700,0
1803,1
24938,0
34279,0
16611,1
15684,0
27555,0
3951,0
2846,0
29864,0
1935,0
13458,0
3876,1
40473,0
12287,0
36316,0
27251,0
41145,0
40891,0
37946,0
34661,0
27477,0
44993,0
14721,0
34151,0
46369,0
28273,1
34799,0
19487,0
5592,0
2507,1
39312,1
10610,0
3539,0
28836,0
46985,0
46874,0
26347,0
35168,0
5580,0
3251,1
44613,1
8845,0
21419,0
40884,0
15818,0
24363,0
18826,0
8555,0
37133,0
12032,0
36141,0
49077,0
47370,0
7558,0
4076,1
638,0
5795,0
569,0
13442,0
15803,0
44725,0
8319,0
17080,1
40887,0
1453,0
4475,1
48811,0
11142,0
35136,0
42932,0
28329,0
18108,0
37567,0
13507,0
41060,0
11608,0
1250,1
30612,0
20879,0
27740,0
46473,0
13051,0
23169,0
20630,0
3146,0
8988,0
13439,0
4080,0
16245,0
30416,0
5788,0
19618,0
4186,1
47155,1
18883,0
48085,0
46644,0
40367,1
44384,0
6286,0
9677,0
40450,0
47734,0
4219,0
9375,0
27855,0
39014,0
24215,0
13701,0
40304,0
4988,0
8042,0
20482,0
28482,0
26491,0
20190,0
16166,0
28237,0
1719,0
32375,0
49496,0
22082,0
12316,0
29345,0
10249,0
34462,1
17937,0
4785,0
5075,0
8407,0
39215,1
37246,0
18963,0
2939,0
36830,0
25566,0
32110,0
36364,1
16134,0
45066,1
22278,0
34131,1
43359,0
42658,1
7468,0
43181,0
39478,0
8737,0
27655,0
22325,0
20780,0
37195,0
30964,0
18165,0
4690,0
33359,0
9549,0
40356,0
17435,0
691,0
32209,0
49429,1
33623,0
15745,0
19133,0
37373,0
38129,0
23884,0
28283,1
8116,0
35832,0
19051,0
43690,0
26385,0
33537,0
18743,0
15425,0
42340,1
47179,0
47482,1
45081,0
29351,0
48568,0
42724,1
26226,0
14454,0
42096,0
703,0
13723,0
48606,0
23484,0
6010,0
16925,0
30590,1
21744,0
30618,0
22575,0
46587,1
41968,0
42970,0
31858,0
7811,0
31510,0
30807,0
41096,0
49110,0
23422,0
30976,0
3186,0
45504,1
4958,0
23426,0
22152,0
48706,1
19746,0
49865,0
20614,0
15184,0
29860,0
13486,0
30275,0
3928,0
13063,0
44064,0
31302,0
18062,0
12046,0
9003,1
34198,1
21114,0
32162,0
14091,0
28849,0
34738,1
1201,0
32907,0
37499,0
38422,0
15480,0
27895,0
35685,0
18363,0
11495,0
35927,0
36167,0
8959,0
4244,0
18037,0
23098,0
6991,0
22163,0
187,0
3838,0
42300,1
29073,0
9537,0
24028,0
9038,0
37877,1
35181,0
5604,0
25203,1
28233,0
21712,0
20415,1
23167,0
5169,1
46942,0
32851,0
43154,0
1822,1
39995,1
41813,0
1085,0
37181,0
12879,1
26644,0
34822,0
21603,0
28494,0
39030,0
13015,0
25158,0
37712,0
36431,0
16313,0
47692,0
24246,0
7569,0
29691,0
37430,0
1072,0
4861,0
46311,0
41545,1
43228,0
47435,1
15374,0
13427,0
37706,1
22009,0
25864,0
369,0
37447,0
35197,1
11663,0
35486,0
20908,0
46512,0
3140,0
35219,0
25837,0
486,0
6221,0
22144,0
18489,0
35937,0
21621,0
30817,0
25357,0
16515,0
28193,0
29589,1
11055,0
2079,0
43584,0
44216,0
47485,1
12902,1
17461,0
14638,0
9595,0
30783,0
2622,0
19882,0
22436,0
4242,0
45832,0
44556,0
17572,1
46451,0
39536,0
15790,1
12321,0
46428,0
19176,0
539,1
37667,1
45453,0
45442,1
49954,0
4730,0
14065,0
35923,0
34454,0
20010,0
15507,0
45188,0
28711,0
44740,0
3262,0
23810,0
41906,0
11105,0
46394,0
33742,0
21553,0
330,1
49966,1
1466,0
47389,0
1889,0
49603,1
19694,0
37633,0
49579,0
14451,0
31375,0
6843,0
39693,0
41056,0
34594,0
39988,0
17673,0
16053,0
3278,0
42656,1
27679,0
27953,1
34774,0
49962,0
14570,0
26941,0
44007,1
13630,0
2593,0
10118,0
35543,0
24252,0
17559,0
27638,0
23373,0
5144,0
39498,0
9700,0
2991,0
45142,0
40836,0
7975,0
44619,0
27421,0
2251,0
13018,0
12308,0
382,0
36304,0
42917,1
16650,0
10615,0
18342,0
12210,0
30564,0
40645,0
12314,0
30558,0
6721,0
37403,0
46627,1
47896,0
8844,0
10285,0
38531,0
7590,0
3966,0
29011,0
20238,0
15711,0
31093,0
26893,0
29106,0
18498,0
40599,1
48591,0
44844,0
343,0
24314,0
238,1
32297,1
22798,0
14503,0
4073,1
34851,0
16789,0
29647,1
42676,0
49245,0
41128,0
16670,1
6381,0
32531,0
44532,0
18403,0
16658,0
8469,0
27736,0
38239,0
45880,0
28625,0
23759,0
24852,0
23719,0
9875,0
17904,0
24300,1
38313,1
43614,0
38001,0
7827,0
6711,0
29752,0
31154,0
38996,0
44885,0
31278,1
29853,0
24562,0
37089,0
47638,0
36374,0
13548,0
3264,0
48114,0
17736,0
6853,0
42003,0
18368,0
49412,1
26850,0
31236,1
45143,1
45242,1
581,0
33658,0
15501,0
26531,0
39021,0
4252,0
18175,0
23922,0
21393,0
39993,0
1418,0
12707,0
11647,1
8142,0
47274,1
41880,0
39303,0
21638,0
14074,0
44657,0
14408,0
25524,0
15822,0
32107,0
16470,0
24176,1
8999,0
15807,0
46915,0
21123,1
5586,0
7465,1
34506,0
2934,0
16830,0
39450,1
8219,0
37113,0
42308,0
38243,0
34693,0
38570,0
29695,0
32796,0
25545,0
39258,1
24867,0
19360,0
18540,1
17245,0
16885,0
14998,0
18873,0
10543,0
19881,0
24122,0
11321,1
39817,0
47035,0
37073,0
24119,0
14431,0
25303,0
18854,0
10157,0
2841,0
35785,1
26395,0
45723,0
3488,0
14107,0
20968,0
9974,0
44149,0
47129,0
31432,0
2827,0
614,0
32910,0
26479,0
5561,0
49224,1
21176,0
24579,0
30078,0
33915,0
31530,1
2517,0
44283,0
2994,0
27199,0
21173,0
3593,0
33185,1
36172,0
29909,0
8076,0
23727,0
40045,0
39899,0
21281,0
33756,0
18709,0
2761,0
39809,1
47718,0
13000,0
10022,0
15189,0
16002,0
48324,0
34983,0
11586,0
32178,1
949,0
26199,0
21429,0
26026,0
27865,0
23872,0
5573,0
13611,0
49630,0
26291,0
14875,0
24772,0
36781,0
6726,0
49133,1
24995,0
20466,0
45751,0
22651,1
34672,0
45549,0
28080,0
33628,0
39499,0
43964,0
40539,0
38316,0
2834,0
29198,0
48095,0
4425,0
34211,1
23802,0
37969,0
23815,0
27136,0
18819,0
41213,0
17097,1
43202,1
18650,1
10642,1
6356,0
16572,0
624,0
311,0
19088,0
12835,0
40588,0
2960,0
31876,0
27886,0
35425,0
46949,0
22971,0
16206,0
49263,0
1633,1
6397,0
35680,0
30922,0
15361,0
8252,0
39349,1
15862,0
32462,0
26577,1
31390,0
42193,0
10439,0
31594,0
42034,0
17877,0
20454,0
20350,0
27450,0
17325,1
18752,0
7177,0
40710,0
19744,0
5598,1
606,1
43505,0
12962,0
32017,0
43026,0
36885,1
47269,1
40226,0
3253,0
3708,0
984,1
32938,0
5384,0
39754,0
31850,0
4401,0
1522,0
36169,0
3589,0
39882,0
12138,1
45115,0
25935,1
48713,0
5523,0
16990,0
48305,1
42431,1
30379,0
24337,1
35230,0
35048,1
7767,0
11781,0
44098,1
25145,1
3740,0
34715,0
15535,0
37456,0
17661,0
1915,0
4497,0
44981,0
44395,0
28805,0
2919,0
6367,0
30680,0
14566,0
16971,0
2821,0
18106,0
44770,0
21984,0
47298,0
5521,0
2125,0
12337,1
46923,1
14744,0
8874,0
49393,0
42800,0
41598,1
44336,0
30550,0
14635,0
47796,0
21386,0
48026,0
8621,0
3391,0
39974,0
3123,0
3231,0
912,0
8656,0
15524,1
17387,0
12302,0
44827,0
44678,1
18491,0
35586,1
19787,0
24186,0
43330,1
21776,0
1580,0
15433,0
43632,0
34419,0
28860,1
46568,0
4366,1
33195,1
43016,0
47022,0
7910,0
5879,0
26500,1
26776,0
39657,0
14164,0
9341,0
46242,0
4540,0
9171,0
28371,1
31363,0
46606,0
23862,0
17152,0
29282,0
39022,1
42406,0
5116,0
1148,0
14484,0
4970,0
45166,0
2626,0
6421,0
19091,0
39860,0
29497,1
14805,0
31795,0
14477,0
42006,0
36747,0
39285,1
24802,0
12039,0
49536,0
38062,0
45070,1
34038,0
24341,0
28033,0
39289,0
43180,0
33490,0
49267,1
25954,0
39956,0
6473,0
49192,0
42927,1
25055,0
22467,0
40397,0
33825,0
9306,1
28886,1
12187,0
19851,0
28332,1
15765,1
10796,0
1600,0
26067,0
7056,0
4562,0
34363,0
21998,0
47413,0
39089,0
12171,0
48341,1
11601,0
37123,0
34876,0
36127,0
39145,0
15352,1
41263,0
29342,1
29350,1
20049,0
33049,0
19166,1
10308,0
16331,0
16442,1
43164,0
31601,0
29762,0
15768,0
5645,0
3675,0
3318,0
44946,0
44858,0
30304,0
17787,1
41671,0
24058,0
21973,0
7736,0
27357,0
4830,0
41118,1
38463,0
12636,0
45222,1
41111,1
47325,0
32376,0
41772,0
12673,0
36198,0
10896,0
2014,0
9083,0
9179,0
47862,0
34711,0
44804,0
4218,0
5497,0
30127,0
16097,0
49812,0
17210,1
21963,0
36437,0
26276,0
21952,0
15757,0
42905,0
37230,0
23154,0
32282,0
34161,1
43657,1
21853,0
47619,0
15579,0
45917,0
861,1
34865,0
17518,0
48275,0
41804,0
16772,1
34200,0
26190,1
23723,0
47755,1
7597,1
47250,0
36415,0
1883,0
38815,0
48076,0
18863,0
28758,1
16048,0
7675,0
12064,0
47865,0
34372,1
36967,1
41751,0
18513,0
15117,0
7178,0
44010,0
7182,0
41831,0
9274,0
6828,0
18951,0
39833,0
6523,0
38686,1
34264,1
37630,0
48797,0
5547,0
10381,0
22822,0
14831,0
45172,0
44327,0
20438,0
26096,0
43794,0
10457,0
44483,0
27685,0
12568,0
20441,0
41469,0
6672,0
488,0
29262,0
12648,1
36283,0
23232,0
16105,1
24239,0
37131,1
25651,1
4283,0
21793,0
7401,0
48838,1
8171,0
42408,0
31000,1
32414,1
5577,0
29377,1
38329,0
15722,0
10311,0
4879,0
6526,0
1775,0
35708,1
43158,0
898,0
21156,0
23419,0
705,1
16787,0
13530,0
39194,0
14673,0
39844,0
37092,0
6654,0
3868,0
47132,0
12751,1
48575,0
9855,1
41065,0
44694,0
34534,0
30220,0
32407,0
42184,0
46057,0
8705,0
28833,0
25205,0
10987,0
48161,0
34310,0
9818,0
34193,1
15192,0
730,0
26192,0
6074,0
7760,0
3833,0
31394,0
17895,0
5151,0
26915,0
33684,0
2556,0
2583,0
40336,1
13740,0
5435,0
15468,1
9386,0
12603,0
12911,0
33698,0
11537,1
40161,0
42600,1
7792,0
480,0
40840,0
8337,0
14706,0
49722,0
40016,0
49032,0
10055,0
24495,0
39531,0
34697,0
6573,0
34647,0
8474,0
49456,1
12939,0
29491,0
16450,0
9730,0
40561,0
24523,0
14396,0
33286,0
37450,0
34016,1
11844,0
9739,0
39525,0
31088,0
9333,0
1680,0
1215,0
31311,0
28286,1
20422,0
33709,1
44120,0
49808,1
10993,0
25050,0
11501,0
7368,0
38999,1
14336,1
3116,0
27390,0
40268,0
43321,0
25218,0
14177,0
19896,0
6715,0
46779,0
43399,1
7369,0
30289,0
6779,0
44856,0
13091,0
6061,0
917,1
10388,0
16752,0
11063,0
11278,0
3872,0
49130,1
13594,1
42874,0
2983,1
44795,0
44673,0
16713,0
6931,0
26534,1
5068,0
3211,0
9928,0
3256,0
11879,0
23013,1
40267,0
32257,0
12437,1
37362,0
34886,0
16730,1
36014,0
4926,0
10951,0
4005,0
26639,0
21474,0
11162,0
1373,0
7946,0
19671,0
28691,0
22524,0
29932,0
24650,0
30107,0
16096,0
41316,1
39236,1
17402,0
119,0
44574,0
8255,0
17093,0
17400,0
37782,0
18222,0
32130,0
8784,0
23963,0
27950,0
9949,0
46615,0
25130,0
32025,0
49909,1
25325,0
43908,0
22439,0
43581,0
22217,0
3605,0
32096,0
20179,0
2422,0
15922,0
20678,0
578,0
26641,0
33910,0
22590,0
25429,0
26308,0
43289,0
46947,0
3101,0
46892,0
13305,0
25461,0
38341,0
4524,0
37954,0
24931,0
15015,0
24608,0
11018,0
7019,0
22489,0
28102,0
42608,0
3282,0
4294,0
20880,0
4976,0
16240,0
2447,1
30111,0
40114,0
32489,0
35436,0
48982,0
20826,0
46790,0
15841,0
17975,0
17021,1
48099,0
8169,0
5007,0
290,1
6486,0
11171,0
2859,0
48672,0
24553,0
42511,0
30894,0
24338,0
17454,0
31953,0
1488,0
44357,0
12443,0
49531,0
10530,1
6677,0
29954,0
23090,0
43061,0
37138,0
25394,0
13076,0
22303,1
11318,1
9843,0
8324,0
27324,0
42916,0
9293,0
8803,0
43668,0
41325,0
25729,0
4165,1
26890,0
1177,0
49009,0
31719,0
1846,0
13162,0
2290,0
7337,0
41411,0
48370,0
43883,1
23160,0
15564,0
49377,0
13390,0
24750,0
24380,0
31330,0
34182,0
43624,0
7867,0
720,0
15960,0
18081,0
35292,1
20917,0
46759,0
29849,0
35235,0
18199,0
22189,0
26218,0
26354,0
1944,0
10523,0
17125,0
22018,1
1909,0
24381,0
36507,0
46815,0
13093,0
2150,1
48351,0
17440,0
7262,0
19149,0
3585,0
17106,0
12305,0
35080,1
40107,1
33026,0
26952,0
34232,0
48008,0
31291,0
8984,0
25304,0
24610,1
15919,0
14017,0
40445,0
9061,0
26963,0
13119,0
33396,0
48487,1
205,0
20505,0
21733,0
29145,0
24013,0
18764,0
10817,0
42598,0
33252,0
28965,1
19375,0
49807,1
45195,0
45517,0
32688,0
8637,0
1300,0
28126,0
33718,1
14389,0
3228,0
20424,0
584,0
48517,0
6718,0
45207,0
35343,0
47700,0
1224,0
36721,0
27460,0
24364,0
36370,0
16661,0
47055,1
7606,1
21151,0
25017,0
17247,0
25774,1
38753,0
45097,0
1190,0
19259,0
44196,0
5476,0
41665,0
31389,1
3947,0
565,0
9443,0
12981,0
5702,0
23667,0
10037,0
32330,0
12285,0
48867,1
49056,0
17102,1
11615,1
3566,0
36092,0
14267,0
20316,0
5927,0
41054,0
8679,0
37271,0
40458,0
37377,0
12864,0
48445,0
37990,0
6777,0
44564,0
24199,0
6794,0
43381,0
32786,0
48886,0
12619,0
49847,0
25328,0
7451,0
8749,0
36869,1
45658,0
14023,0
23611,0
37817,0
16287,0
48525,0
11787,0
37921,0
47761,0
15660,1
9343,0
46494,0
2886,0
10330,0
9239,0
28507,1
42138,0
32370,1
47959,0
35495,0
2737,1
34717,0
11130,0
48141,0
15864,1
15679,1
33027,0
23403,1
4584,0
30750,1
1402,0
10856,0
26798,0
11896,0
13649,0
18524,0
48128,0
2019,0
49368,0
21554,1
33703,0
5295,0
27080,0
10195,0
4788,0
44595,0
37588,0
39105,0
9278,0
30760,0
5227,0
28268,1
14841,0
43434,1
49741,1
24210,0
48424,1
15887,0
3373,0
48844,0
28345,0
26128,0
17727,1
13216,0
13782,1
25027,1
43067,0
11010,0
44526,0
21376,0
15808,0
35278,0
22872,0
33787,0
29841,0
24139,0
47227,0
24456,0
44816,0
22546,0
334,1
3199,0
23920,0
49341,0
38845,0
39400,0
25350,0
37157,0
32763,0
23332,0
25692,0
13582,0
27464,0
31260,0
2642,0
48241,0
20693,0
32148,0
24720,0
10566,0
42180,0
43124,1
42058,0
27900,0
8645,0
37445,0
33071,0
1796,0
42321,0
34944,0
7893,0
38958,0
836,0
11966,0
24257,0
34762,0
24375,0
41822,0
19348,0
17447,0
13385,0
31386,1
31290,0
9431,0
41905,0
26337,0
9922,0
38063,1
4981,0
3028,0
34624,0
33033,0
28582,0
45235,0
31316,0
32775,0
27671,0
26255,0
7164,0
6447,0
28893,0
42158,0
34917,0
26420,0
39572,0
18049,0
30182,1
5626,0
17761,0
19733,0
47563,0
43260,0
31541,1
5074,0
46201,0
13749,0
30502,0
18934,0
20971,0
42383,1
26948,0
30251,0
30157,0
21788,0
45087,0
30467,0
43294,0
23940,0
47672,0
4646,0
11132,0
4416,0
47856,0
43295,1
49515,1
42710,0
21461,0
44954,0
10323,0
6420,0
43983,0
19619,0
18588,0
24321,0
37232,0
9538,0
24808,0
44387,0
47037,1
45916,1
14170,0
20585,0
48530,0
13591,0
41728,0
18039,0
33404,0
27885,0
2732,0
15452,1
2296,0
2282,0
27008,0
2631,0
5866,0
35941,1
24569,0
31458,0
4042,1
40559,0
30310,0
29697,0
12245,0
31663,0
31664,0
34081,1
32364,0
33314,0
45411,0
28844,1
9117,0
13004,0
21656,0
29929,1
34237,1
21317,0
9194,0
18490,0
21207,0
35523,0
34079,1
5015,0
38696,0
1094,1
11154,0
38249,0
5643,0
2780,0
37084,0
8582,0
44499,0
5627,0
6602,0
4547,0
27142,0
38564,0
32794,0
11435,0
49635,0
45915,1
10509,0
3923,1
11292,1
34800,0
26909,0
24725,0
17327,0
41366,0
30094,0
16057,0
12461,0
1590,1
18555,0
35366,0
34916,0
2851,0
43704,0
42200,0
28638,0
31065,0
2541,0
18124,0
46974,0
17013,0
24894,0
3919,0
452,1
22640,0
41244,0
49171,0
49886,0
13459,0
129,0
6876,0
35014,0
496,1
19469,0
47251,0
4660,0
46619,0
48156,0
14909,0
19004,1
42675,0
37669,0
49306,0
48852,0
7441,0
12513,0
27225,0
31945,1
22939,0
8787,0
42939,0
25884,0
49778,0
15933,0
33635,0
10464,1
44994,0
30583,1
4466,0
42446,1
5578,0
5101,0
2424,0
7373,0
13126,0
46849,0
30321,0
1242,1
26586,0
9953,0
24937,0
29256,0
4019,0
41610,1
18786,0
44396,0
33166,0
13271,0
35349,0
49285,1
48855,1
27748,0
22996,0
30600,0
20273,0
2068,0
46926,1
27936,0
18307,0
19272,0
40156,0
15521,1
18279,0
24500,0
30351,0
8100,1
26101,0
32502,0
22502,0
32012,0
18171,0
4459,0
20520,0
15916,0
49953,1
34315,0
36609,0
29781,0
2097,0
10922,0
11705,0
20893,0
19966,0
29442,0
18328,0
22691,0
29187,0
17190,0
6238,0
37292,1
28841,0
6386,0
17250,0
49326,0
1862,0
11661,0
1045,1
47710,0
13288,0
35170,0
38818,0
1572,0
14972,0
27443,0
15283,0
3734,0
22423,0
40817,0
5993,0
4227,0
1112,0
37894,0
41718,0
12318,1
47817,0
32616,1
9360,0
21413,0
46679,0
4887,0
47738,0
29917,0
12231,0
43831,0
34413,1
22619,0
39695,0
2694,1
7843,0
31027,0
7467,0
12438,0
9525,0
4951,0
7421,0
38933,0
39548,0
38508,0
27552,0
27133,0
23286,0
48154,1
33329,0
49069,0
40571,0
15577,1
27485,0
2151,1
4185,1
30037,0
5083,0
16191,0
8793,0
10756,0
47280,1
711,0
38132,0
42220,0
4122,0
18714,1
1545,0
48174,0
24201,0
33560,0
47430,1
3519,0
46389,1
17113,0
21724,0
30137,0
46084,0
37153,1
27603,0
35240,1
1203,0
12941,0
23099,0
47442,0
14941,0
31289,0
31307,0
25730,0
22367,0
26810,0
29361,0
46375,0
23718,0
38172,0
25568,0
47343,0
25557,0
6850,0
4367,0
38146,0
40786,0
47015,0
47451,0
1811,0
7644,0
35123,0
13628,0
36440,0
9747,0
41268,0
2658,0
34186,0
38544,0
37577,0
10030,0
234,0
15957,0
24132,0
28407,0
33999,1
33393,0
9235,0
23139,0
13844,0
31444,0
12748,0
26981,1
1683,0
23108,0
12160,0
31992,0
20202,0
13285,0
14516,0
6760,0
39221,1
7150,0
46116,0
22893,0
34127,0
42552,0
25658,0
10028,0
18779,0
27143,1
29535,0
14367,1
1370,0
38487,0
21906,0
4842,0
41640,1
42072,0
22205,1
5900,0
47679,0
39780,1
18424,0
39703,0
30307,0
29183,0
15857,0
18145,0
34447,1
36787,0
12972,0
47514,0
26440,0
24576,0
9316,0
9148,1
46914,0
4298,0
44381,0
42254,0
23283,0
27051,0
43096,0
34017,1
40595,0
9779,0
34138,0
16729,0
49768,0
47656,0
37382,0
46818,0
24027,0
37757,0
42554,0
49108,0
39401,0
41910,0
42543,0
28062,1
39429,0
29608,0
48889,0
34955,0
6269,0
9628,0
25133,0
21078,0
18914,0
6910,0
30822,0
21133,0
33534,0
46185,0
32898,0
49780,1
37581,0
39747,0
22460,0
21074,0
41191,0
44702,0
31454,0
36636,0
7460,0
43703,0
26914,0
15639,0
33765,0
17775,0
3981,1
46014,0
4760,0
26710,0
40100,0
18724,0
295,0
4896,0
6183,0
17834,1
21643,0
26367,1
34939,0
6128,1
40816,0
44615,1
34704,0
4142,1
43433,0
10137,1
268,0
48542,1
23659,1
19718,0
25511,0
11935,0
26210,0
48083,0
34174,1
12883,0
28649,0
5392,0
42415,0
134,0
7722,0
10564,0
37036,0
13334,0
26897,0
9841,0
8380,0
42720,0
3495,0
14194,0
42054,0
14584,0
36191,0
7329,1
19544,0
36616,0
18855,0
9579,0
30035,0
18303,1
5703,0
3103,1
15702,0
22324,0
17976,0
6613,0
22901,0
5620,0
28947,0
4528,0
15293,1
3843,0
43571,0
31109,0
3048,0
43227,1
46338,0
29410,0
44456,0
40249,0
32551,0
19417,0
12181,0
14053,0
4316,0
35358,0
28164,0
8259,0
47130,0
35539,0
13195,0
8479,0
2327,0
13778,0
26932,0
4711,0
21416,0
23175,0
1086,0
9775,0
20451,0
41418,1
36896,0
6199,0
24981,0
34763,0
34792,0
49364,0
40930,0
27676,0
17277,0
14441,0
36299,0
18633,1
43517,0
21119,1
5859,0
41909,0
25896,0
49314,1
31505,0
37415,0
29416,1
48391,0
36700,1
31470,0
17643,1
23927,0
10826,0
7586,0
5203,0
4057,1
27480,0
37420,0
30860,0
31529,0
26494,0
18381,0
39663,0
49232,0
30979,0
46359,0
39367,0
2045,0
47407,0
8463,0
41684,0
14464,0
33427,1
25386,0
11811,0
34578,0
32454,1
38082,0
22281,0
13605,0
13985,0
1696,0
26883,0
23854,0
42388,0
35596,1
48712,0
29843,1
44899,0
13122,0
96,0
13328,0
49073,0
314,0
24944,0
37000,0
29323,1
33382,0
13360,0
1673,0
14299,0
24005,0
7799,0
21599,0
19000,0
33830,1
6313,1
22580,0
32383,0
48285,0
4594,0
47461,1
24110,0
38725,0
22292,0
4666,0
2759,0
2458,1
15742,0
33345,0
22226,0
17609,1
35066,1
49286,0
40291,0
48240,1
3462,0
25657,0
22336,0
24425,0
48291,0
30006,0
2940,0
9240,0
31120,0
11956,0
29584,0
29076,0
21428,0
521,0
39540,0
42052,0
11751,0
35922,0
5747,0
25638,1
34827,0
10872,0
39638,0
48650,0
46564,0
46898,1
49647,0
760,0
46750,0
33766,0
43205,0
48722,0
36130,0
20794,0
21106,0
6398,0
48634,0
14436,0
46292,0
47887,1
32964,0
26889,1
32524,0
24844,1
42880,1
46649,0
26148,0
23017,0
26162,0
44069,0
21103,0
12850,1
30329,1
44561,0
32850,0
10738,0
29449,0
32132,0
36958,0
37593,0
10027,0
15928,0
1176,1
8654,0
15111,0
26297,0
23266,0
49720,1
20468,0
5249,0
42692,0
9833,0
47097,0
16606,0
43372,0
8597,0
21968,0
40676,0
6869,0
30305,0
49475,0
36798,1
35187,0
26253,0
40538,1
10814,0
9916,0
43789,1
27654,1
27944,0
35118,1
6495,0
27633,1
9389,0
2273,0
34883,0
24910,0
34360,0
3177,0
1911,0
45992,0
31894,1
29218,0
31091,0
34812,0
2338,0
36319,0
14839,0
25898,0
4995,0
2712,0
26647,0
19089,0
23406,1
30347,0
42444,0
36668,0
20013,0
47185,0
30649,0
26587,0
33750,0
17306,0
48784,0
23966,0
4635,0
8470,0
26706,0
29402,0
43602,0
6496,0
11234,0
22970,0
25984,1
49689,0
28100,0
39183,0
27506,0
37295,0
44865,0
7144,0
43343,1
39392,0
15371,1
39453,0
18217,0
3337,0
1804,1
269,1
31337,0
48273,0
31904,0
14117,0
57,0
43178,0
47736,0
3324,1
1880,0
12119,0
27706,1
28134,0
33841,0
49257,1
38789,0
8240,0
49651,0
1233,1
25269,1
7328,0
31300,0
21706,1
10261,0
6316,0
34345,1
41627,0
6193,0
4862,0
32874,0
6982,0
24748,0
25064,0
11923,0
45316,1
9009,0
23025,1
45351,0
35531,1
1687,0
46819,0
27010,0
27511,0
47114,0
34555,0
30858,1
22140,0
12803,0
25644,0
45146,0
30271,0
48096,0
23865,0
38453,0
2724,0
46908,0
36574,0
17019,0
20121,0
12420,1
29918,0
35297,0
20224,0
39365,0
39393,0
47912,0
10039,0
30093,0
34258,0
41998,1
28175,0
24207,0
2659,0
46134,0
20276,0
25857,0
18935,1
1477,0
25037,1
4221,1
13877,0
4854,0
19681,0
27168,0
17194,0
29334,1
24856,0
46350,0
1985,0
28569,0
29226,0
41491,1
25067,0
25542,0
22194,0
49382,0
26460,0
16412,0
4382,0
10653,0
21851,0
12509,1
28374,1
7697,0
6441,0
13932,0
37375,0
31706,1
35309,1
28490,0
15929,0
15224,1
23414,1
44699,1
42056,0
6025,0
40146,0
13511,0
6067,0
13088,0
35274,0
12618,0
24255,0
25932,0
32660,0
49877,0
12122,0
47283,0
24074,0
18496,0
44201,1
25086,0
16372,0
28540,0
38962,0
47306,0
35901,1
16109,0
43527,0
45323,0
6502,0
18813,0
39587,0
49943,1
5953,0
46425,0
46944,0
40601,0
14009,0
18927,0
28929,0
3677,0
24534,0
43014,0
44025,0
23839,0
31991,1
45380,0
3544,0
24249,0
8087,0
11641,1
8304,0
19512,0
14628,0
40116,0
41273,0
4691,0
13625,0
40424,0
48120,0
45363,0
18366,0
26745,1
35026,0
32139,0
9778,0
20297,0
47655,0
17296,0
25586,0
48375,0
933,0
3964,0
40597,0
17186,0
35237,1
8050,0
35631,0
25951,0
6136,0
31938,1
19541,0
24511,0
24959,1
42546,0
17017,0
25233,0
46572,0
42952,0
48460,0
15415,0
12659,0
18544,1
28917,0
16496,0
8445,0
9571,0
12440,0
29252,1
10276,0
32848,0
35166,0
13713,0
37516,0
46656,0
6567,0
45063,0
14318,1
17596,0
47533,0
20243,0
11517,1
29510,1
16160,0
36040,0
45561,0
23114,0
19761,0
39158,0
40700,0
43337,1
4708,0
43886,0
37019,0
8928,0
25910,0
8490,0
35645,0
18051,0
29571,1
18319,0
31107,1
42804,1
46131,1
45871,0
21306,0
34780,1
34574,0
35186,1
38522,0
17690,1
3745,0
44209,1
12738,0
45647,0
3031,0
20655,0
8952,0
24053,0
45105,0
4910,0
37217,0
43280,0
16510,1
7714,0
4480,1
19173,0
13853,0
43405,1
10529,0
3359,0
40974,0
5482,0
14779,0
40537,0
30076,0
6418,0
29770,0
19844,0
25094,0
22519,0
30871,0
1099,0
2164,0
49907,1
9975,0
1963,0
719,0
49244,0
43058,1
1490,0
33199,0
17666,1
25537,0
39072,0
38970,1
18438,1
17270,0
33285,1
33956,0
38210,0
26904,0
17946,0
20385,0
7367,1
15754,0
18660,0
47845,0
11598,0
38391,1
18639,1
18095,0
27047,0
30833,0
17292,0
15222,1
40706,0
15370,1
2525,0
39091,0
27386,0
4053,0
8318,0
33255,1
21007,1
16626,0
5250,0
3325,0
6817,0
30622,0
21186,0
32675,0
45831,1
3786,0
5030,0
25733,0
19144,0
30510,0
42702,0
28260,0
45329,0
30012,0
14740,0
14011,1
46868,0
38145,0
24369,1
16252,0
27572,0
17275,0
21343,0
46708,0
16743,0
41406,1
18238,0
36592,0
24842,0
8231,0
575,0
7510,1
36688,0
4714,0
700,0
49450,1
23125,0
10587,0
26374,0
10777,0
33113,0
38211,0
39654,0
11441,0
24109,0
10112,0
41425,1
29180,0
1569,0
27350,0
45566,0
42033,0
2320,0
29099,0
48520,0
40036,0
9814,0
44449,0
28481,0
46196,0
14050,0
9666,0
37573,0
49315,0
38406,0
1000,0
8944,0
14327,0
48247,0
18805,1
23537,0
16935,0
16868,0
33190,0
18615,0
2181,0
33581,0
31747,0
48551,0
5979,0
15858,1
3055,0
29067,0
11151,0
41783,0
27647,0
37245,0
5017,0
27085,0
27372,0
27503,0
48915,0
16174,0
39153,0
42318,0
34572,0
11654,1
11869,0
22106,0
27993,0
45553,0
45432,0
40083,1
40054,0
30402,0
30863,0
38203,0
3711,0
47724,0
49894,1
24344,0
27593,0
25581,0
49430,0
19889,0
34891,0
9097,0
33083,0
27588,0
21161,0
1446,0
24025,0
1853,1
23618,0
35589,1
15801,0
25052,0
33487,0
15338,1
48911,0
2539,0
35283,0
11359,1
9952,0
6022,0
38017,0
39867,0
35748,0
21004,0
32369,1
6091,0
7953,0
42451,0
7782,0
10016,0
644,0
35920,0
38288,0
12983,0
28549,1
28816,1
27062,0
23236,0
49595,0
11281,0
25110,0
6556,0
8623,0
46576,0
1366,0
26741,1
44002,0
2267,1
42210,0
20947,0
30696,0
28967,0
43357,0
24882,0
17578,0
18762,0
33806,0
22909,0
18010,0
21773,0
26036,0
37879,1
24318,0
405,0
49365,0
44484,0
21999,0
28467,0
48057,1
1785,0
28968,0
34815,0
49097,0
30538,0
30682,0
36320,1
18620,0
26281,0
16826,0
45233,0
6227,0
45729,0
31069,0
10843,0
31887,0
41624,0
36730,0
34873,0
2849,0
40715,0
8860,0
36976,0
34590,0
25551,0
45049,0
26764,1
16711,1
41712,0
474,0
30001,0
9820,0
23033,0
9481,0
7109,0
29856,1
21827,0
2720,0
14414,0
46832,0
37386,0
34013,0
11112,0
46301,0
4328,1
39120,1
44325,0
28521,0
35318,0
40294,0
21883,0
11768,0
41853,0
10220,0
27604,0
358,0
12111,0
2113,0
19636,0
44814,0
39114,1
38760,0
33467,0
33120,1
26676,0
33211,0
16319,0
49007,0
42218,0
23706,0
19079,0
10905,1
27544,1
18364,0
23124,0
4987,0
26232,0
2427,0
25376,0
23499,0
31905,0
20234,0
23128,0
24859,0
26665,0
18516,0
424,0
34900,0
25676,0
20953,0
44639,1
22306,0
20607,0
36767,0
37804,1
28526,1
9015,0
19455,0
8931,0
47886,0
8963,0
24722,0
45290,0
49203,0
32497,0
9499,0
2293,0
6623,1
49323,0
37364,0
48910,1
33434,0
41623,0
37269,0
5347,0
41964,0
8989,0
39195,0
37539,0
21246,0
9736,0
27323,1
29815,0
15508,0
10719,1
3744,0
41716,0
11202,0
31524,0
18404,0
12011,0
34927,0
23148,0
5404,0
37696,0
31939,0
13785,0
32715,0
40233,0
39143,0
28879,1
7489,0
18075,0
21159,0
20135,0
20735,0
15116,0
31791,0
18945,0
4396,0
650,0
45180,0
11754,0
14468,0
24362,0
18674,0
49961,0
1271,0
21705,0
29130,0
1316,0
31160,0
37543,0
12710,1
1063,1
17890,0
18961,0
18990,0
45373,0
15311,1
6189,0
2397,0
45336,0
27321,0
36658,0
13366,0
31173,0
48303,1
28765,0
21691,0
13983,0
15924,0
17352,0
20642,0
43542,0
4731,0
18708,0
17993,0
6956,0
17487,0
28125,0
19955,0
23849,0
42422,1
7738,0
35326,0
9457,0
48533,1
4160,0
23174,0
4059,0
10910,0
28339,0
33341,0
38885,0
6787,0
40480,1
22817,1
28798,0
20895,0
17896,0
5056,0
34373,1
44232,1
47351,0
17035,0
41264,0
16862,0
37091,1
46733,0
47488,1
8512,0
8024,0
8780,0
33508,0
27583,0
21475,0
45279,0
8850,0
18739,0
7877,0
29080,0
20743,0
30373,1
45594,0
34323,1
19461,0
4838,0
5351,0
37163,0
19296,0
38923,1
40733,0
19727,0
21512,0
29997,0
30591,0
36935,0
49997,0
10066,0
23684,0
21070,0
27781,0
17469,0
11721,0
23100,0
38068,1
13237,0
43720,1
25804,0
15180,0
34272,0
9332,0
36126,0
39161,0
4777,0
40410,0
3826,1
6391,0
21978,0
36201,0
26000,0
49202,0
43062,0
46688,0
48738,0
22562,0
3118,0
35405,0
24125,0
6554,0
29469,0
25334,0
33814,0
4839,0
48730,0
22491,0
34663,0
20,0
26458,0
1014,1
30876,0
17150,0
18772,0
21389,0
9789,0
30294,0
1410,0
20792,0
2425,0
37082,0
2376,0
40401,0
104,0
40034,1
41504,0
10345,0
35542,1
12818,0
37351,0
34691,0
31083,0
11515,1
38482,0
8858,0
20803,0
3290,0
20902,0
29951,0
49910,0
32944,0
31269,0
23798,0
9669,0
26386,1
5812,0
37863,0
46216,0
28306,0
46198,0
22613,0
32060,0
36894,1
9790,0
43396,0
27831,0
17431,0
10967,0
36550,0
27566,0
2009,0
36258,0
13872,0
24872,0
18915,0
39438,0
26874,0
19188,1
46357,0
2332,0
36646,0
49420,1
49944,0
17225,0
6944,0
31677,0
49065,0
281,0
1927,0
30194,0
46516,0
22109,0
48361,0
15069,0
21121,0
9300,0
1160,0
31547,0
6110,0
42002,0
4935,0
18561,0
20891,0
47584,0
30610,0
28792,1
15740,1
27864,0
24816,0
41927,0
3126,0
46139,1
7955,0
36410,0
6815,0
45157,0
40416,0
16583,0
21836,0
27937,1
31845,0
4422,1
2512,1
37887,0
24127,0
12074,0
26787,0
19926,0
37347,0
48436,0
49751,1
1649,0
41164,1
17958,0
19800,0
43122,0
26450,0
30688,0
16688,0
40947,0
15973,0
19878,1
23159,0
14221,0
11425,0
16497,1
34742,0
25075,0
46254,0
43489,0
32873,0
5937,0
36571,0
38730,0
36847,0
36334,0
40514,0
25786,0
1841,0
40319,0
9561,0
7507,1
12381,0
48018,0
40738,0
47620,0
7339,0
21940,0
25563,0
20647,0
26102,0
15491,0
42105,0
27250,0
8576,0
5685,0
16138,0
38708,0
17253,0
8801,0
19356,0
39020,0
13324,0
10355,0
19812,0
31768,0
11360,0
34393,1
12523,1
36306,0
33383,0
15118,0
38373,0
11175,0
31197,0
12578,0
13406,0
20467,0
44764,0
16709,0
7349,0
35662,0
10880,0
30031,0
21758,0
25315,0
1380,0
22482,1
29708,0
2041,0
29533,0
4201,1
48007,0
25518,0
29321,0
40025,0
12399,0
48098,0
17077,0
26323,0
19364,0
18957,1
48439,1
18429,0
18603,0
3982,1
49772,1
33994,0
6844,0
15811,0
34209,1
34327,1
42553,1
31144,0
48944,1
25184,0
15869,0
12494,0
25330,0
49092,0
32436,0
1478,1
7854,1
2750,0
33346,0
25268,1
37870,0
9598,0
49820,1
18795,0
7801,0
13579,0
37352,0
30422,0
34942,0
43416,1
8922,0
35108,0
11411,0
37185,0
32179,0
20322,0
37852,0
5458,0
17953,0
48937,0
24445,0
29219,0
19852,0
36428,1
15488,0
46259,0
3296,1
48080,1
23259,0
22690,0
6537,0
12814,0
17693,0
333,0
35245,0
19030,0
41636,0
43976,1
13428,0
12365,0
910,0
24322,0
44783,0
3722,0
41066,0
42114,0
14672,0
31324,0
4642,0
43713,0
33339,1
9237,0
25113,0
43745,0
7296,0
43518,0
43183,0
5062,0
42260,0
42000,0
42039,0
29703,0
49917,1
19976,0
10815,0
21204,0
3463,0
3093,0
18100,0
31650,0
13539,0
42758,1
28299,1
35673,1
41447,0
681,0
44812,0
19499,0
15735,0
1253,0
44261,0
20574,0
22764,0
40966,0
11508,1
46152,0
29928,0
38274,0
2244,0
4483,0
24408,0
35069,1
17031,0
25995,0
31248,0
46748,0
34181,0
2457,0
47210,0
14863,0
37703,1
20515,0
27329,0
37883,0
1695,0
38579,0
17212,0
20282,0
6676,0
49400,0
1037,0
33983,0
1960,0
21787,0
13022,0
15095,0
31557,0
15657,0
43719,1
360,0
45562,0
17886,0
36824,1
5369,0
49190,1
41471,0
2280,1
37355,1
18027,0
2146,0
9118,0
10960,0
42876,1
13523,0
814,0
42113,0
18184,0
17802,1
32926,0
44689,1
38170,0
5388,0
47246,0
2334,1
9008,0
45382,0
43822,0
47213,0
30481,0
48184,1
16556,0
32820,0
33093,0
6562,0
3459,0
26753,0
43107,1
49779,0
1951,1
36749,0
18365,0
5973,0
22415,1
40510,0
34526,0
38467,0
12776,0
9260,0
729,0
7408,1
35783,1
14475,0
20847,0
44086,0
48943,0
42815,0
19305,0
4384,1
20203,0
10906,0
6778,0
8559,0
2506,0
11044,0
46756,0
36317,0
3121,0
41359,0
38363,0
42793,0
20340,0
2402,1
32594,0
9164,0
7920,0
31448,0
33459,0
31061,0
19448,1
15926,0
24688,0
6251,0
24449,0
23197,1
32352,1
23161,0
42847,0
41351,0
39352,0
1950,0
10749,0
38470,0
5367,0
25957,0
49537,0
21138,0
46528,0
147,0
5412,0
18978,0
40381,0
6130,0
4243,0
43993,0
49563,0
28424,1
5024,0
17798,0
15624,0
23382,0
21117,0
3300,0
35683,0
32955,0
38834,0
23599,0
37775,0
40921,0
2708,1
12007,1
39606,0
31353,0
43446,1
21694,0
4412,0
32144,0
44489,0
6388,0
17837,1
42345,1
38960,0
16263,0
26875,0
15447,0
14211,0
42670,0
9225,0
41129,0
42738,1
17222,0
36818,0
48347,0
18406,0
45122,0
40773,0
22142,0
23464,0
27089,0
14969,0
27833,0
32943,0
6610,0
40266,0
41354,0
10798,0
32852,0
10829,0
35443,0
22799,0
48147,0
35139,0
46659,0
4783,0
2004,0
26152,0
17279,0
11468,1
40225,1
40642,0
45598,0
22207,0
46821,0
29216,0
49696,0
48759,0
25349,0
2031,0
10456,1
20073,0
49885,0
27090,0
20066,0
4361,0
44399,0
3940,0
4204,0
31050,0
26828,0
41016,0
27395,0
37196,0
32958,0
6336,0
42361,1
18462,0
48809,0
18802,0
16694,0
22119,0
29455,0
43508,0
31877,0
30387,0
9256,0
47145,1
24539,0
26127,1
26558,0
42889,1
19600,0
44978,1
25467,0
25828,0
23915,0
32632,1
30154,0
10162,0
17397,0
35590,1
29406,1
43182,1
18972,0
35206,0
45724,0
3977,0
19310,0
37841,0
37777,0
12416,0
34775,0
39770,1
37772,0
24184,0
31419,1
30616,0
5924,0
34949,0
47747,0
37674,0
164,0
35956,0
28609,0
17332,0
18302,0
21871,0
33107,1
45167,0
25662,1
27292,0
17060,0
44225,1
49222,1
1583,0
36261,1
40762,1
20016,0
32281,0
43622,0
112,0
9012,0
30254,0
36235,0
19423,0
45957,0
18284,0
41513,1
18340,0
19048,0
4342,0
1064,0
30864,1
21355,1
28509,0
262,1
8647,0
13224,0
18357,0
10370,0
13154,0
15428,1
17612,0
47597,0
39589,0
27490,1
16126,0
12159,0
49977,1
34368,0
21598,0
47059,1
30877,0
21201,0
16441,0
34610,0
30199,0
24697,0
6005,0
9453,0
2702,0
27301,0
29818,0
17999,0
378,0
35434,0
18413,0
39307,1
34773,0
20625,0
863,0
23109,0
12154,1
32718,1
11882,0
48312,1
12124,0
14225,0
3824,0
47556,1
35258,1
4439,1
7717,0
25408,0
19463,0
5312,0
28730,0
42649,0
10099,0
6428,0
20765,0
27359,0
27974,0
43856,1
3627,0
8115,0
45708,0
33094,0
23956,0
13618,1
8037,0
33520,0
46599,0
12304,0
32491,0
48276,1
6229,0
18987,0
31182,0
7050,0
31483,0
45642,1
37764,0
24146,0
30643,1
27474,0
46845,0
3727,0
9247,0
32021,1
13273,1
48033,0
18132,0
23534,0
36059,0
23523,0
46851,1
42110,0
21143,0
33503,0
28804,0
37759,1
30363,0
13202,0
758,0
16274,0
31815,0
38261,0
1956,0
48808,0
4857,0
35921,0
19549,0
18479,0
29306,0
5801,0
48755,0
14951,0
31063,0
4863,0
3430,0
45999,1
45430,1
18482,0
4812,0
15872,0
42133,1
21949,0
19031,0
21536,0
43973,0
8081,0
48485,0
31054,1
31257,0
14285,0
40771,1
239,0
19447,0
47204,0
23248,0
45000,0
44768,0
38769,0
45419,0
17020,0
18080,0
42577,1
15840,0
43606,0
36174,0
30163,0
33831,0
46124,0
42328,0
15068,0
27975,0
33269,1
2482,0
25247,0
1540,0
28532,1
13867,0
9972,0
35268,0
16006,0
6103,0
6605,0
30057,0
18011,0
32292,0
536,1
30542,0
593,0
20275,0
21466,0
49985,0
36390,0
27753,0
7887,0
31495,0
8938,0
11400,0
23578,0
45955,0
35388,0
17331,1
36300,0
23277,0
13284,0
2709,0
47057,1
24690,0
49030,0
5570,0
26626,0
48874,1
18591,0
14723,0
23130,0
17677,0
18000,1
36536,0
293,0
35684,0
10461,0
8546,0
30203,0
20239,0
2204,1
9458,0
36116,0
29440,0
48165,0
5517,0
13599,0
37893,0
32278,0
1298,1
9638,0
38401,0
16468,0
26632,0
18072,0
47136,0
11775,0
11223,1
5047,0
29465,0
37015,0
5888,0
30381,0
32717,0
8293,0
8280,0
17064,0
2800,0
6813,0
33262,0
495,0
10264,0
43130,1
26409,0
15287,0
43975,1
3291,0
19220,1
31349,1
3405,0
2649,1
22600,0
10127,0
22963,0
47216,0
43175,0
12976,1
22483,0
28979,0
49504,1
993,1
8256,0
38860,1
42154,0
1907,0
26324,0
38303,0
40172,0
23960,1
9045,0
39250,0
7121,0
13929,0
7012,0
13269,1
29425,0
3480,1
21330,0
16288,0
16535,0
13696,0
41678,0
30442,0
40186,0
43267,0
41265,0
10293,0
48726,0
35753,0
46492,0
49691,0
46262,0
26535,0
19620,1
13452,0
3797,1
7362,0
26675,1
25019,0
40475,0
48610,0
19313,0
15621,0
37798,0
7816,0
20313,0
19037,0
41072,1
27698,0
25715,0
48333,1
27800,1
2434,0
15168,0
2828,0
35614,0
6080,0
7,0
10332,0
35042,0
17335,1
34641,0
27578,0
44821,0
48434,0
47704,0
48066,0
33228,0
513,0
15502,1
26407,0
49199,0
39456,0
22634,1
47383,0
7127,0
14780,0
3747,0
3163,0
42027,0
39745,0
28459,0
32385,0
39431,0
2967,0
8665,0
44936,0
44866,0
25382,0
21244,0
47543,1
8841,0
46459,0
37756,0
12354,0
18794,0
34888,1
27147,0
1120,1
45525,0
6073,0
23233,0
20128,1
3064,0
11748,0
35284,0
41302,0
45045,0
41043,0
3739,0
9961,0
35509,0
4647,0
21042,0
41602,1
1839,0
14580,0
25243,0
2470,1
32317,0
42461,1
8915,0
13770,0
27700,0
2127,0
15331,0
2133,0
2944,0
37552,0
19216,1
12910,0
4864,0
35969,0
3572,0
12375,0
42117,0
30795,0
14244,0
28266,1
17304,0
29435,0
24727,0
28654,0
39902,1
27688,0
29154,0
22044,0
32242,0
19460,0
49743,0
37468,0
11398,0
27453,0
41851,0
4485,0
40384,0
35898,0
9515,0
22995,0
24237,0
6234,0
9941,0
22471,0
37267,0
36793,0
23889,0
14586,0
38187,0
20816,0
16153,0
46531,0
36343,0
48987,0
27838,0
12491,1
41468,1
11839,0
36294,0
44869,0
10506,0
49878,0
20770,0
42419,0
15561,1
6580,0
46856,0
25605,0
18423,0
24835,0
7851,0
44152,1
36770,0
27675,0
39318,1
12852,0
14755,0
37327,0
2044,0
37945,0
4156,0
37506,0
38184,0
42478,0
20480,0
38839,0
43210,0
29600,0
17263,0
17451,0
35751,1
36613,0
31315,0
31632,0
13042,0
44470,0
40858,0
13771,0
3656,0
45766,0
7667,0
12655,0
26715,0
43552,0
44380,0
33696,0
42462,0
29840,1
4358,0
23392,0
28091,0
46769,0
12423,0
17204,0
40449,0
38679,0
8539,0
41901,0
31137,0
5291,0
43153,1
30482,0
37790,0
42752,1
22607,0
13502,0
30890,0
34482,0
17763,1
49715,0
19922,0
1499,0
29424,1
16630,0
34048,0
24892,0
43592,0
46255,0
16518,0
25764,0
19253,1
24546,0
42239,1
48946,0
28409,0
15990,0
45817,0
3375,0
1339,0
37872,0
854,0
39683,0
40415,0
19999,0
48059,1
25173,0
43105,1
37995,1
42593,0
26050,1
37218,0
692,0
43045,0
38476,0
30506,0
22542,0
41811,0
18246,0
12801,0
42436,0
23213,0
42903,0
38844,0
3184,1
6528,0
36101,0
30658,0
30543,0
36644,0
3408,0
2032,1
5672,0
24982,0
33042,0
42726,1
12237,0
24549,0
49081,0
20138,0
22414,0
37281,0
28838,1
43651,0
15019,0
10978,0
41445,0
20502,0
20587,0
46921,0
11528,1
33310,0
19136,0
7781,0
11977,0
20571,0
21483,0
43418,0
19426,0
7290,0
6752,0
19661,0
48922,0
11136,0
7922,0
23310,0
34577,0
46339,0
46225,0
14501,0
9114,0
5610,0
32272,0
33064,0
29832,1
46577,0
17780,0
43199,0
49174,0
44438,0
6515,0
38384,0
22998,0
48971,0
28103,0
29038,1
28873,0
22504,0
45197,0
30025,0
34757,0
41693,0
25690,0
29355,0
38318,0
35461,1
6009,0
42257,0
7400,0
17187,0
29553,1
2387,0
12184,0
14363,0
6052,0
33420,0
35972,0
42084,0
6144,0
24391,0
4448,0
21586,0
23735,0
26854,0
35473,0
16782,1
8186,0
3700,1
11051,0
40593,0
3844,0
19142,1
46984,0
5330,0
37850,0
37659,0
37311,0
36373,0
28627,0
26968,0
16268,0
30842,1
428,0
36706,0
25981,0
18682,0
10142,0
6997,0
29877,0
31765,0
20903,0
30959,0
2547,0
44067,0
47663,0
9653,0
47226,0
46396,0
26830,0
32765,0
38773,0
28465,1
13616,1
13641,0
46175,0
30655,0
39173,0
42017,0
7515,0
5311,0
18875,0
12439,0
38947,1
39828,1
40803,0
9153,0
36811,0
46477,0
22610,1
19537,0
21417,0
35336,0
17117,0
47735,0
3901,0
21797,1
35987,0
26455,1
42341,0
15870,0
12131,0
2287,1
20064,0
26156,0
4438,0
27268,0
38737,0
11233,0
32561,1
12189,0
43832,0
6952,0
8246,0
33349,0
2953,0
4194,0
3545,0
14083,1
15784,0
38345,0
25179,0
26326,1
4068,1
22239,0
30980,0
5477,0
44451,0
35487,0
40342,1
6357,0
24837,0
16750,0
46767,0
35148,1
1769,0
21575,0
38007,1
21649,0
16882,0
33670,0
11303,0
32516,1
4414,0
30561,0
26519,0
41541,0
32015,0
27284,0
30103,0
7341,0
38577,0
25877,0
23548,0
19907,0
14929,0
47200,0
507,0
40272,0
45170,0
29969,1
24643,1
25933,0
42107,0
15938,0
23654,0
28916,0
28940,0
39050,0
40137,0
36922,0
21784,0
42716,1
42723,0
21826,0
3365,0
39687,0
5876,0
25455,0
10408,0
30343,0
2509,0
30993,0
5622,0
20212,0
5443,0
36072,1
18248,0
31697,0
30925,0
22887,0
184,0
38072,0
8768,0
9364,0
49053,0
49903,1
15232,0
44065,0
41555,0
3615,1
2083,0
270,1
16962,1
43553,0
39834,1
38951,0
29748,0
29590,0
5530,0
36654,0
20411,0
16645,1
21406,0
8607,0
2075,0
41395,0
30362,0
3702,0
24385,0
16615,0
16960,0
43642,1
44659,0
23438,0
48484,0
40376,0
39528,0
37339,0
2962,0
46347,1
7553,0
49424,0
39262,0
20244,0
13351,0
4758,0
28839,0
36222,0
1068,0
5999,0
24135,0
40099,1
48282,0
43006,0
16966,0
38498,0
25617,0
17153,0
25204,0
18967,0
32906,0
27192,0
29536,1
23257,0
40861,0
32601,1
4983,0
12559,0
39083,0
1936,1
44607,1
33741,0
1924,0
38207,0
11606,0
3374,0
11071,0
36739,0
23219,0
21809,0
7382,0
10521,0
48868,0
9172,0
14785,0
47340,1
11888,0
41672,1
42119,0
45433,1
39514,0
40277,0
48815,0
11676,0
40309,0
4387,0
36118,0
7813,0
29897,0
38697,0
4558,0
39778,0
32774,0
26779,0
26907,0
18575,0
9711,0
41852,1
3378,0
7124,0
33275,1
38890,1
20499,0
38228,0
9017,0
40181,1
26495,0
25549,1
40719,0
20213,0
27617,0
31597,0
24908,0
42492,0
45679,0
35885,0
24075,0
28603,0
5824,0
38099,0
30300,0
33138,0
44099,1
19856,0
42808,0
46799,0
813,0
26447,0
4082,0
16905,0
13952,0
35786,1
34422,0
49016,0
39225,0
36414,0
25844,0
23786,0
1251,0
21549,0
16181,0
44102,1
37290,0
17767,1
7355,0
43536,0
7634,0
17972,0
30034,0
33058,0
16034,0
25939,0
29804,0
17956,0
11588,0
37117,0
39516,0
47716,0
32613,1
43391,1
7583,0
47650,0
35996,0
13023,0
25755,0
5475,0
30340,0
19095,0
39962,0
22584,1
45967,0
30352,0
49383,0
2513,0
15997,0
1900,0
34073,0
12292,0
22221,0
1740,0
44831,0
45958,0
45547,0
1026,1
16093,0
16301,0
22863,0
30177,0
1689,0
5420,0
16928,0
18686,0
16555,1
41155,0
10706,0
14947,0
3472,0
18267,0
24964,0
41798,0
49774,0
13600,0
45928,0
16825,0
34808,0
28217,0
26263,0
7087,0
13259,0
36617,0
2566,0
38364,0
49636,1
533,0
30217,0
5760,0
28645,0
36566,0
43741,0
41976,1
29150,1
2030,0
2433,0
35072,0
41713,0
34609,0
2167,0
15100,0
49003,1
26392,0
47945,0
22705,0
28003,0
16632,0
47378,0
28394,0
33826,0
47838,0
47217,0
10876,0
37515,0
9660,0
3464,0
3601,0
27391,0
1547,0
27105,0
12363,0
2176,0
39921,0
47790,1
4190,1
27921,0
31922,0
21457,0
10921,0
25584,0
14641,0
44061,0
19222,0
2047,0
32726,1
12326,0
36512,0
27317,0
28989,0
28701,0
30172,1
3997,0
29144,0
33292,0
29063,0
29771,0
5308,0
12697,0
31284,0
27403,0
13806,0
21519,0
12319,0
20456,0
49103,0
24510,0
45741,0
29118,0
31034,0
21358,0
42376,0
19246,0
47416,0
32269,1
33732,0
48743,0
27125,0
24,0
40953,0
10603,0
31377,0
39323,0
8315,0
7372,0
36993,0
25931,0
14334,0
8547,0
6051,1
13371,0
22161,0
13046,0
40468,0
22683,0
39984,0
47752,0
607,0
16332,0
46330,1
2842,0
41102,0
19979,0
41725,0
34853,1
9510,0
18101,0
26923,0
36333,1
35422,1
4681,0
6890,0
36016,0
4695,0
6494,0
45074,1
33428,0
16945,0
29676,0
19864,0
14186,0
12931,0
8464,0
31384,0
31308,0
31176,0
49538,0
40436,1
6476,0
39642,1
22569,0
10254,0
28669,0
28880,1
31192,0
40130,0
21648,0
28842,0
46320,0
7308,0
28075,1
1780,1
9925,0
18876,0
18538,1
44446,0
17032,0
32925,0
29622,0
30170,1
18566,0
25411,0
38188,0
49530,0
41376,0
43486,0
3367,0
18453,0
3310,0
30893,1
21725,0
15183,0
12756,0
33226,0
14387,0
24698,0
12889,0
5783,0
23306,0
37172,0
29022,0
22576,0
37781,0
15304,0
26755,1
37261,0
16641,0
27878,0
2756,0
36007,1
9361,0
28656,0
9302,0
8288,0
16879,0
16447,0
5045,0
47052,0
28920,1
3667,0
41369,0
49513,0
13802,0
12581,0
26296,0
30953,0
4912,0
7361,0
7366,0
39008,1
48830,1
11889,0
19015,0
26674,0
42001,0
5771,1
20375,0
9429,0
10628,0
27003,0
41432,1
3039,0
923,0
14157,0
29692,0
27741,1
13246,0
2170,0
38840,0
22023,0
17401,0
21749,0
41047,0
30867,0
6655,0
827,0
22644,0
42160,0
29200,0
11125,0
31263,0
21407,0
31956,0
24998,0
41836,0
38043,0
35893,0
2448,0
10539,0
23557,0
17264,0
5851,0
6568,0
36696,0
32311,0
16318,0
19786,0
47989,0
44852,0
1144,0
15513,1
40800,1
17777,0
8005,0
47068,0
2892,0
32030,0
19456,0
12916,0
46546,0
35490,0
33501,0
45471,0
44642,0
45638,0
24218,0
26845,0
1789,1
38659,0
33472,0
32037,0
17200,0
43020,1
46668,0
34875,0
29236,0
12784,0
5651,0
41180,1
17498,1
43936,0
48491,0
46358,0
14167,0
19242,0
15597,0
14068,0
21287,1
6500,0
39413,0
47121,0
6808,0
21951,0
34201,0
39722,0
5991,0
23929,0
13573,1
17698,0
39920,0
36123,1
36963,0
271,1
37556,1
15576,0
15616,1
49976,0
19588,0
18052,0
15229,0
17954,0
43846,1
34378,0
23000,1
30802,0
21537,0
43969,1
26716,0
25053,0
796,1
48845,0
33925,0
18032,0
5485,0
26183,0
41087,1
32319,0
17907,1
39673,0
28132,1
25636,0
17016,0
30484,0
17044,0
2440,0
2738,1
45588,1
8961,0
24705,0
26623,0
22813,0
29819,1
38763,0
17684,1
31927,0
17971,0
35011,0
36120,0
40176,0
39510,0
29950,0
38910,0
41430,0
17176,0
48455,0
9738,0
48262,1
9921,0
11952,0
24159,0
32068,0
43409,0
13804,0
21113,0
13456,0
2584,0
25120,0
640,1
42797,0
49752,1
16392,1
36657,0
7614,0
12145,0
33840,0
41373,0
38198,0
31964,0
30719,0
18035,0
16506,0
20084,0
10825,0
16112,0
38308,0
28312,1
16710,0
16708,0
22067,0
9116,0
25654,1
16384,0
38367,0
26310,1
32165,0
16637,0
48727,0
46713,0
24782,0
24594,1
43619,0
46329,0
37953,0
42957,0
17066,0
29209,0
21601,0
43468,0
34250,1
22017,0
35925,0
5484,0
45634,0
14892,0
30514,0
41353,0
47313,0
12277,0
42809,0
25771,0
9373,0
43196,0
44080,0
6318,0
4128,0
4143,1
7058,0
47369,0
21918,1
15081,0
25580,0
1070,0
31411,0
31699,0
23832,0
5545,0
35580,1
21684,0
38858,1
42564,0
38194,0
44771,0
37792,1
23770,0
7948,0
24833,1
5930,0
5713,0
49288,0
44850,0
16916,1
21552,0
10042,0
29250,0
48703,1
47602,0
12495,0
47244,0
38278,0
29854,1
36385,0
42530,1
601,0
16259,1
29403,0
10852,0
15555,1
32962,1
34747,0
11801,0
19871,0
23180,0
16806,1
13327,0
24925,0
33209,0
30809,0
35687,0
49251,0
30929,0
13654,0
13171,0
35975,1
6419,0
29631,1
47171,0
28673,0
43347,1
45890,0
39876,0
45159,0
22859,0
38527,1
44240,1
39135,0
7900,0
19351,0
48401,0
41184,1
7755,0
47310,1
5150,0
30173,0
48553,0
6791,0
49508,0
2250,0
35126,0
4573,0
11361,1
45807,0
4121,0
33992,0
42645,0
41172,0
22129,0
17957,0
3042,0
10835,0
5811,0
15457,1
27917,0
30188,0
45293,0
29739,0
42972,0
22894,1
1650,0
29417,1
19217,0
39304,0
20862,0
19157,0
9973,0
6372,1
26453,0
46463,0
19100,0
38984,1
13447,0
24786,0
32605,1
46447,0
35299,1
27973,0
16701,0
3073,0
35790,1
43033,0
1897,0
49951,0
16897,0
21814,0
41193,0
1416,0
7773,0
21796,0
23039,1
47073,0
24903,0
1573,0
39544,0
19058,0
26029,0
41116,0
25696,0
31169,0
34421,0
34573,0
8929,1
38907,0
12606,0
15878,1
18666,1
36643,0
35653,0
26788,0
6485,0
12346,0
28754,1
30850,0
45904,1
24590,1
1249,0
4129,1
21127,0
45728,0
46427,0
17924,0
7384,0
18969,1
18602,0
47464,0
39371,0
20946,0
33374,0
26584,0
21363,0
20501,0
1078,0
48245,0
2885,0
24269,0
40170,0
19954,0
14255,0
38831,0
42476,0
1972,0
32528,0
35169,0
35273,0
22993,0
31132,0
43982,1
33474,0
45230,0
8786,0
11280,0
9848,0
22876,1
23340,0
14984,0
24613,1
18908,0
36499,0
29798,0
40791,0
40231,0
10240,0
46475,1
38601,0
29892,0
46554,0
21079,1
38034,1
45704,0
48038,0
11244,0
17394,0
2130,0
7081,0
42327,0
44416,0
4930,0
28327,0
35678,0
16762,0
34359,0
19297,0
49235,0
38088,0
30287,1
43274,0
23187,0
2314,1
16676,0
48682,0
18295,0
6900,0
18612,0
23302,1
9836,0
20405,0
18183,0
14286,0
21717,0
36442,0
1984,0
21987,0
46345,1
24749,0
15504,0
21451,0
24346,0
48040,0
24755,0
11104,0
45790,0
20646,0
49771,0
25883,1
24379,0
44137,0
19664,0
2878,0
38689,0
43797,0
39946,0
46072,0
2135,0
27344,0
632,1
21443,1
42894,0
18225,0
45133,0
37103,0
22039,0
44576,0
29701,1
1917,0
15582,0
14916,0
11273,0
26974,0
35696,0
38862,0
42242,0
9154,0
14001,0
32262,0
28954,1
24527,0
34474,1
34004,1
16575,0
15496,1
9127,0
29454,1
28226,1
5886,0
20832,0
29242,0
1060,1
35609,0
9035,0
43725,0
20517,0
7453,0
11373,0
15974,0
35906,0
36257,0
18272,1
44171,0
43747,0
31026,0
49802,0
40417,0
31705,0
1285,0
37763,0
35346,0
20659,0
5889,0
3309,0
17549,0
14385,0
368,1
17357,0
15363,1
1975,0
35248,0
35494,0
45026,1
46033,1
20504,0
1487,0
12519,1
34224,1
26331,1
1330,1
26773,1
48996,0
23694,0
23681,0
23767,0
43557,0
27589,0
41055,0
29397,1
10983,0
38625,0
23602,0
43133,0
27754,0
48272,1
32930,0
37979,0
20592,0
7016,0
31476,0
6191,0
3493,0
8715,0
49324,0
26404,0
37440,0
47182,0
39877,0
4058,0
3921,0
20736,0
33092,1
15148,0
19019,0
30709,0
12,0
11928,0
24664,0
49761,0
48834,0
47545,0
23506,0
40378,0
40444,0
6124,0
10119,0
38461,0
14543,0
2400,0
9460,0
2605,0
49933,0
24268,0
26274,0
20208,1
18845,0
10263,1
20336,0
26401,0
5034,0
5198,0
18203,0
12149,0
13080,0
49662,1
41658,0
3067,0
3962,0
4237,0
2126,0
44350,0
26721,0
31604,0
1369,0
18030,0
36987,1
13048,0
79,0
9307,1
48701,1
1199,1
36124,0
46309,1
39212,0
37831,1
48549,1
8823,0
37059,0
2704,0
13937,0
12296,0
11835,0
1552,0
15591,1
11430,0
47825,0
49028,0
2979,0
30952,0
1625,0
31271,0
15124,0
20061,0
14319,0
3011,0
34654,0
15780,0
39943,0
35691,1
15442,0
21487,0
26314,0
10294,0
45885,0
24236,1
1850,1
46435,0
914,0
22972,1
4517,0
9419,0
38846,0
26160,0
36067,0
24247,0
46507,0
33892,0
37380,0
8446,0
13114,0
18695,0
14248,0
32114,0
25316,0
9606,0
28663,0
45310,0
3694,0
6293,0
6713,0
12400,0
49543,0
14402,0
25264,0
25943,0
41731,0
11153,0
30977,0
19049,0
48806,0
32770,0
5986,0
18360,1
29224,0
48745,0
23252,0
44549,0
12777,0
3161,0
9497,0
7080,0
33722,1
42750,0
1557,1
42024,0
13920,0
3518,0
47089,0
39557,0
46237,0
2070,0
23845,0
29423,0
23949,0
11165,0
32250,1
16756,0
22417,0
7895,0
2943,0
33627,0
9750,0
13852,0
19396,0
37490,0
2423,0
36625,0
47480,1
45750,1
11578,0
25926,0
16779,0
35867,0
43568,0
13359,0
10091,0
5819,0
9812,0
34071,0
26013,0
8885,0
27419,0
47530,0
49861,0
27805,0
42654,0
49574,1
41167,1
45387,0
41924,0
32040,0
14722,0
33014,0
37681,0
36389,0
31220,0
43441,0
46645,0
193,0
48015,0
2795,0
4110,1
4193,0
19952,0
33354,0
17043,0
17098,0
49460,1
4942,1
33928,0
14447,0
11338,0
2616,0
41479,0
39407,0
16108,0
23974,0
10468,0
21500,0
21807,0
31163,0
37853,0
49146,0
15424,1
40675,0
45959,0
45930,0
10040,0
8761,0
23836,0
31722,0
33779,1
47431,0
12427,0
5536,0
18378,0
43860,0
25789,0
19640,1
24924,1
11379,0
23780,0
1476,0
15380,0
45025,0
17124,0
18617,0
32293,0
9850,0
35568,1
46271,1
2924,0
11035,0
6339,0
37517,0
4928,0
6600,0
7535,0
30331,1
28956,0
49505,1
673,0
39218,0
15087,0
37732,1
45646,0
36279,0
46634,1
18910,0
40834,0
33124,0
9130,0
33752,0
24700,0
27695,0
39203,0
23271,0
42465,0
20753,0
37576,0
10752,0
22223,1
23487,0
4634,0
18215,0
48936,0
34924,0
13847,0
6559,0
48519,0
40594,0
2667,0
32573,0
33414,0
2076,0
8954,0
11954,0
18590,0
28577,0
40551,1
3773,0
29088,0
33283,0
21293,0
12573,0
45452,0
3750,0
32244,0
18432,1
37401,0
26867,0
12355,0
37482,0
43281,0
47090,1
30552,0
48496,0
36944,0
23616,0
8399,0
13538,1
30557,0
14038,0
9405,1
35153,1
28009,0
22703,0
26429,0
37597,0
20644,0
20253,0
46064,0
32508,1
10591,0
19688,0
18857,0
39586,1
38693,1
9923,0
8112,0
5673,0
44909,0
8509,0
40536,0
47047,0
42838,0
36948,0
5689,0
14891,0
13117,1
13668,0
28432,0
2975,0
39428,0
14420,0
6277,0
2865,0
22200,1
10197,0
629,0
34746,0
36906,0
970,0
45422,0
27631,1
37434,0
42243,0
19457,0
38520,0
2367,0
8193,0
49034,0
14476,0
41160,0
18463,0
42574,0
48948,0
39353,1
30138,0
27165,1
46880,0
188,0
36788,0
38479,0
12984,0
38344,0
23049,0
6948,1
24197,0
68,0
10527,0
11865,0
24089,0
5868,1
26964,0
37207,0
30457,0
40256,0
24871,0
25286,0
1136,1
47270,0
21218,0
20993,0
45502,0
45946,0
39026,1
13094,0
31830,0
18411,0
39509,0
6235,0
44737,0
13153,0
14962,0
11479,0
25528,0
23619,0
19612,0
47175,0
5246,0
5648,0
16055,0
8508,0
11315,0
43200,0
1646,0
19872,0
11911,0
4056,0
37371,0
22372,0
8811,0
1377,0
48295,0
38578,0
15248,1
48859,1
18500,0
22578,0
24890,1
34921,0
49035,1
1504,0
12089,0
29301,0
22486,0
41734,0
7294,0
34210,1
36210,0
30891,0
8752,0
46534,0
25287,0
14652,0
44354,0
1953,0
40043,0
31230,0
32812,0
5335,0
22541,0
16841,0
7407,0
29141,0
22177,0
48919,0
49833,0
2618,1
6100,0
46068,1
20265,0
40824,0
4545,0
28206,0
3634,0
13190,0
43830,0
38080,0
15140,0
30505,1
37214,0
36078,0
41817,0
347,0
9318,0
28890,1
32641,1
41950,0
34946,1
17859,0
33650,0
45341,1
38574,0
33502,0
26443,0
48309,0
40907,0
143,0
2636,0
23572,0
5980,0
31364,0
9832,0
40545,1
1051,0
24632,0
8710,0
35634,0
752,0
34936,0
45909,0
15676,1
39344,0
4478,0
49667,0
4150,0
45611,0
25358,0
37858,0
26186,0
38945,0
43000,0
26250,1
21210,0
27610,0
45982,0
21975,1
9782,0
639,0
15200,0
20890,0
16892,0
49738,0
9275,0
41004,0
23301,0
4473,0
19577,0
12833,0
40725,0
14428,0
8105,1
1810,0
43059,1
14960,0
35621,0
47265,0
31344,0
32105,0
40509,0
1665,0
11686,0
23094,0
33815,0
987,1
41277,1
20554,0
44301,0
22487,0
4065,1
6841,1
45038,0
1489,1
47774,1
23598,0
21612,0
12288,0
14386,1
36496,0
15204,0
11716,0
32681,0
40893,0
18632,0
43730,0
34097,0
43231,0
28859,0
38692,0
28760,0
17330,0
21559,1
28388,0
15444,0
44452,1
666,1
10221,0
35339,0
33525,0
42207,0
33837,0
49474,0
28650,0
29643,0
14106,0
30355,0
17620,0
4126,0
3548,0
10171,0
19123,0
38388,0
14781,0
29958,1
5969,1
26481,0
11391,0
19391,0
46509,0
35545,1
49527,0
45919,0
10395,0
20559,0
14902,0
8088,0
42921,0
3458,0
23533,0
23152,0
33887,0
25620,0
49354,0
15952,0
18701,0
27187,0
10542,1
45208,0
36542,0
38197,0
28814,0
49480,0
32152,0
22638,0
33321,0
20915,0
35926,1
5566,0
14734,0
41284,0
26549,1
16037,0
41140,0
779,0
40859,0
29740,0
40108,0
18249,0
39985,0
8583,0
16838,0
22965,0
8362,0
46802,0
24672,1
40620,0
19036,1
35534,0
17346,1
36407,0
5053,0
4761,0
29974,1
42283,1
16426,0
31527,0
46352,0
15529,0
21710,0
1284,0
11314,0
23227,0
23151,0
1787,0
14361,0
31449,0
44262,0
44943,0
45998,0
35887,0
4125,0
33362,0
31233,0
39149,0
39465,0
4744,0
29669,0
20818,0
43318,0
18626,0
35955,0
16824,1
34970,1
16238,0
5935,0
43734,0
32461,0
20000,0
33440,0
20287,0
14251,0
8735,0
24503,0
29281,0
27290,0
16652,1
18616,0
21634,0
38167,0
22774,0
34932,0
28876,1
858,0
30455,0
12353,0
36163,0
341,1
1823,1
47309,0
2266,0
10389,0
32155,0
47636,0
24223,1
40519,0
21056,0
28113,0
10750,0
2303,0
32106,0
40232,1
25279,0
18259,0
30288,0
18625,1
17510,0
66,0
13989,0
33707,1
30597,0
11351,0
20034,0
21546,0
3866,0
39259,0
48577,0
48344,0
43838,0
24769,0
43663,0
34951,0
9232,0
9715,0
44859,0
7565,0
32273,0
42780,0
6201,0
25558,0
11791,0
413,0
13345,0
47552,0
33479,0
20916,0
11308,1
6719,0
22701,1
25555,0
46293,0
49268,1
20263,0
1056,1
44360,0
35661,0
12733,0
12539,0
16076,0
22688,0
14119,0
49329,0
45223,0
10413,0
10519,0
8792,0
19490,0
47317,0
5100,0
34751,0
17607,0
44854,0
1912,0
2347,0
30306,1
34418,0
3181,0
2078,0
35305,1
34971,0
30793,0
29096,0
46005,1
23088,0
45777,0
8655,0
13317,0
28278,1
39248,1
40654,0
14764,0
44417,0
2297,0
4670,0
47746,0
37034,1
22240,0
25904,0
41458,0
47403,0
47225,1
6735,0
39390,0
10175,0
18320,0
22387,0
29284,0
26601,0
706,0
43374,1
21829,0
19520,0
40880,0
16589,0
4207,0
5221,0
21311,0
49639,1
36547,0
1030,0
39959,0
20233,0
28110,0
18114,0
16073,0
41883,0
49669,0
9470,0
3950,0
18273,0
359,0
16693,0
44579,0
13209,0
49883,0
18773,0
46570,0
29515,1
14966,1
5431,0
43694,0
43485,0
7409,0
45420,0
1996,0
4885,0
1979,0
3618,0
39160,0
36342,0
22208,0
12108,0
22918,1
34352,1
32846,0
44300,0
1344,1
48931,0
6416,0
24654,0
3079,1
41352,0
12334,0
22892,0
29359,1
46930,0
38135,0
31029,0
32776,0
15131,0
22724,0
17114,0
42607,0
29104,0
16534,0
39633,0
13913,0
1898,0
20842,0
47743,0
7386,0
22172,0
43724,0
49724,0
12649,0
18167,0
40206,1
38417,0
16265,0
3363,0
4848,0
25964,0
40702,0
40517,0
19162,0
26238,0
28919,1
32053,0
10919,0
16754,0
35994,0
44019,0
17703,1
27176,0
30531,0
24330,0
9420,0
38842,0
44761,0
9121,0
17938,0
37890,0
24907,1
16230,0
5939,0
26882,0
1432,0
5321,1
284,0
30830,1
33686,0
22523,0
46795,0
45932,1
21084,0
30670,0
881,0
42124,0
32510,0
16324,0
18347,0
41000,0
31256,0
9157,0
10820,0
43492,0
8827,0
21152,0
46325,0
18584,0
13215,0
46397,0
48927,0
30242,0
1246,1
11295,1
47339,0
7856,0
37016,0
27776,0
26667,0
26917,1
5091,0
392,0
38787,0
20159,0
8078,0
36895,0
43265,0
45556,0
27669,0
32104,0
22318,0
25650,0
41552,1
6801,0
28828,0
41767,0
7295,0
38478,0
20068,1
47384,0
2084,0
48151,0
29131,0
34850,0
20522,0
34679,0
30926,0
49935,0
18651,0
19676,0
20896,1
31685,0
30386,1
9857,0
27802,1
45203,0
9802,0
14879,0
9769,0
34020,1
728,0
49008,0
27311,0
36633,0
17267,0
6570,0
17286,0
36062,1
10939,0
10158,0
37540,0
24818,0
5102,0
41830,0
24044,0
9909,0
25628,0
2899,0
34061,1
10547,0
29949,1
12859,1
14895,0
29283,0
21682,0
32324,0
44917,0
36789,0
14855,0
21919,0
23691,0
20491,0
14112,0
22413,0
40528,1
42020,0
14608,0
39274,0
28786,0
26855,1
33561,1
15873,0
28982,1
29882,1
28740,0
32684,1
49727,1
33655,0
6351,0
40951,0
3321,0
12176,0
30596,1
45739,0
45921,0
24152,0
47302,0
4036,0
10515,0
29673,0
34214,0
28571,0
8429,0
2798,0
19601,0
17419,0
21269,0
9568,0
20215,0
42993,0
21754,0
6961,0
6237,0
17172,0
31821,0
46562,0
42213,0
48318,1
3144,0
10650,0
26933,1
46227,1
7229,0
24126,0
727,0
10001,0
41153,0
9162,0
4768,0
45521,1
16921,0
37508,0
29389,1
47245,0
30110,0
31698,0
42104,0
49766,0
22633,0
49946,0
31869,0
38685,0
27799,0
16473,0
4789,0
8986,0
40281,0
39948,1
8097,0
9799,0
2258,0
36308,0
37518,0
48465,0
5380,0
12063,0
22283,0
12781,0
31903,0
26282,0
35990,0
3990,1
30579,0
12496,0
2579,0
46909,0
25633,0
31711,0
273,0
20188,0
3575,0
30492,0
10421,0
41993,0
3650,0
36435,0
40766,0
45337,0
26065,0
15273,1
28319,0
4257,0
28601,1
2383,0
41680,0
24530,0
19405,0
49002,0
48586,0
22190,0
23961,0
25521,0
12387,0
37727,1
33651,0
3225,0
33550,0
41362,0
28618,0
1071,0
12386,0
21924,0
37687,0
29541,0
31602,0
34977,0
15115,0
8385,0
2021,0
300,1
4629,0
28593,0
42290,1
26542,0
44883,0
19514,0
44594,1
42330,0
5893,0
22588,1
5035,0
22347,0
974,0
26240,1
3389,0
24008,0
46762,0
22725,0
22124,0
11870,0
45836,0
19484,0
21680,0
21251,0
14234,0
28017,0
48499,0
980,0
40474,1
21980,0
3678,0
17695,1
3313,0
15250,1
22652,0
18220,0
27902,0
33010,0
37473,0
48390,1
5835,0
37187,0
35639,0
41331,0
29808,1
46906,0
16620,0
4212,0
12216,0
18685,0
14288,0
36899,0
44628,0
14055,0
2585,0
7875,0
29674,1
28771,1
49091,0
40208,1
2688,0
39315,1
36519,0
9868,0
13310,0
3861,1
35426,0
18988,0
5111,0
18727,1
7705,0
39497,0
2710,0
16211,0
18913,0
8902,0
27844,0
7585,0
13124,0
32099,0
41381,1
12167,0
22356,0
30399,0
31879,0
18009,1
16228,0
45113,0
16659,0
22165,0
40109,1
43049,0
5582,0
3045,0
20651,0
44855,0
36960,0
15783,0
9085,0
7184,0
18573,0
11807,1
45368,0
17785,0
39205,0
24442,1
45621,0
18508,0
37031,0
45148,0
29152,0
21909,0
32899,0
11255,1
23102,0
45841,0
16802,0
43371,1
42082,0
42705,0
29303,0
31819,0
35355,1
37645,0
42481,0
16981,0
26497,0
13403,0
38626,0
44939,0
34928,0
44581,0
32705,0
43102,0
14517,0
17362,0
11996,0
4468,0
49650,1
36715,0
24038,0
48643,0
22824,0
121,0
6905,0
934,0
32949,0
46535,0
43476,0
17961,0
10793,0
45774,0
34351,1
29982,0
26552,0
18774,0
35552,0
29333,0
43057,0
39048,0
35210,1
14750,0
16132,0
45282,0
7406,0
27696,0
27939,0
48435,0
48009,0
36893,1
14564,0
45620,0
34665,0
45327,0
18278,0
6634,0
28596,0
41719,0
15775,0
7958,0
18335,1
29026,0
11618,1
35059,0
24728,1
15104,0
35648,0
18715,0
21391,0
40685,1
26666,0
46069,0
41717,0
16823,0
7680,0
7487,1
37809,1
27912,0
32772,0
29569,0
5153,0
2345,1
4667,0
33591,0
22111,0
11072,0
7656,0
48873,0
46555,0
19747,0
15534,0
35833,0
42779,0
41201,0
954,0
36335,0
37590,0
48625,0
44546,0
5217,0
30335,0
15749,0
23892,0
37923,0
31165,0
14555,0
15931,0
26949,0
32761,0
41505,1
26387,0
31682,0
49655,0
1578,0
38078,0
25248,0
7720,0
25209,0
20652,0
36637,0
5926,1
39842,0
17522,0
13728,0
28511,0
39052,0
44811,0
3092,0
36734,0
4441,0
17808,0
20100,0
15923,0
41625,0
19475,0
37439,0
19728,0
30299,0
41601,0
14201,0
14795,0
23144,1
13711,0
14427,0
28089,0
4440,0
41039,0
27471,1
38355,0
26155,1
4184,0
18891,0
44363,0
23653,0
7089,0
4927,0
35241,0
75,0
32503,0
32712,0
36741,0
27509,0
22174,0
22156,0
11512,0
20055,1
37629,0
18699,0
28279,0
43811,1
473,0
3529,1
1359,0
13294,0
17810,0
20784,0
44017,0
28500,0
49293,0
43047,0
28888,0
33848,0
46275,0
549,0
43511,0
9396,0
4333,0
22908,0
27155,1
10475,1
5941,0
10411,0
27405,0
16786,0
42509,0
11029,0
47582,0
25806,0
32084,0
32306,0
14212,0
335,0
117,0
40153,0
44721,0
24167,0
10931,0
37449,0
39811,0
27746,0
33040,0
15518,0
47773,1
14687,0
49641,1
19874,0
16609,0
32811,0
28703,0
10303,0
16528,0
34494,0
29844,0
13635,0
49591,0
48259,1
47839,0
23776,0
46752,1
18888,1
23246,0
36956,0
1867,0
12713,0
48956,0
28115,0
46337,0
39061,0
3670,0
13984,0
44743,0
1128,0
14971,0
18180,0
2785,0
18434,1
13491,0
20828,0
36524,0
27539,0
12188,0
25766,1
6614,0
11268,0
30636,0
972,0
42700,1
36671,0
7273,0
44661,1
4882,0
10079,0
45125,0
23928,0
80,0
29255,0
37948,0
17694,0
4301,0
13374,0
38899,0
45106,0
19712,0
3646,0
4493,0
44902,0
20349,0
31482,0
31399,0
19038,0
4336,0
22021,0
27969,1
19691,0
37452,1
28342,0
5751,0
36685,0
13007,0
25693,0
10595,0
31039,0
24667,0
3178,0
40322,1
1840,0
42719,0
37478,1
46243,0
21824,0
45199,0
36035,0
9315,0
25177,0
46071,0
25427,0
9445,0
23603,0
46684,0
49834,0
23143,0
7280,0
25614,0
32595,1
5096,0
46838,0
25359,0
34499,0
10705,0
34145,0
42694,0
43784,0
7264,0
22535,1
8019,1
47253,0
43810,0
29531,0
49350,0
9844,0
44042,0
36876,0
41949,0
10203,0
7069,0
48133,1
21365,0
12550,0
45423,0
6759,0
6860,0
4637,0
25272,0
34668,0
23953,0
41314,0
36509,0
23263,1
37776,0
10229,0
7173,0
4555,0
21896,0
15028,0
9387,0
40854,0
19069,0
39356,0
20884,0
7225,0
22943,1
32519,1
47290,0
7170,0
1520,0
49876,0
43609,0
35345,0
13794,0
26801,0
4433,0
7258,0
49426,0
24762,1
10607,0
16984,0
13720,0
37981,0
14818,0
33367,0
14437,0
24163,0
24800,0
34003,0
42825,0
33630,0
8374,0
2496,1
21098,0
22689,0
25115,0
46489,0
8270,0
28962,0
38748,0
23352,0
3885,0
30533,0
19781,0
48461,0
9592,0
11301,1
31268,0
4537,1
9320,0
36949,1
3016,0
15970,0
36000,0
22038,0
36557,0
15506,1
45764,0
46009,0
35027,0
44034,0
47233,0
3051,0
8207,0
22517,1
38014,0
18382,1
7497,1
20964,0
35622,0
12298,0
41549,0
33768,0
48036,1
26861,0
17806,1
41855,0
19910,0
4393,0
19280,0
9785,0
42176,0
36160,0
43793,1
658,0
9173,0
23517,0
13341,0
4892,0
2222,0
15368,0
29181,0
18400,0
9388,0
36500,0
21753,0
49706,0
25888,0
15027,0
14040,0
12213,0
27173,0
33664,0
14994,0
33959,0
31872,0
3573,0
23502,0
4069,0
1873,0
31414,0
26143,0
6746,0
23734,0
44427,0
31539,0
3084,0
36341,0
6341,0
35103,1
6385,0
44991,0
17047,0
44809,0
44520,0
20508,0
25983,0
24302,0
21766,0
27756,0
14563,0
33810,0
46506,1
23208,0
16938,0
48410,0
18345,0
45616,0
4680,0
41786,0
40290,0
5393,0
26581,1
29811,0
20274,0
32231,0
4775,0
1806,0
12230,0
9203,0
10588,1
27128,1
7359,0
27083,1
18523,0
43928,0
38075,0
46083,0
11188,0
10191,0
16486,0
5921,0
254,0
20529,0
35209,0
6707,0
14765,0
37747,0
1320,0
40030,0
26734,0
46146,0
49036,0
3691,0
45677,0
2794,0
33870,0
31200,0
27832,0
7761,0
31549,0
15062,0
19229,0
18971,0
36053,0
39825,1
9150,0
17995,0
44951,0
8592,0
31831,0
2844,0
45666,1
18258,0
28430,0
4805,0
21538,0
19314,0
2230,0
38353,1
29581,0
23699,0
23338,0
28779,0
46016,0
7983,0
5487,0
45271,0
14987,0
20815,0
1394,1
24170,1
28400,0
40059,0
24716,0
14095,0
19374,0
2904,0
40204,1
23658,0
30366,0
39538,0
9034,0
27109,0
24372,0
19706,0
36570,0
10134,0
12657,0
47733,0
28129,0
34632,0
21125,0
13079,0
29411,0
44282,0
26609,1
48521,0
11799,0
20904,0
9253,0
32670,0
22804,0
44256,0
45984,1
26543,0
3497,0
12477,0
45149,0
4112,1
44172,0
34347,1
12382,0
12255,0
23040,0
32545,0
29048,0
85,0
12857,1
39164,0
44822,0
46585,0
2829,0
3082,1
39251,0
46182,0
41350,0
62,0
19102,0
29459,0
3781,0
24266,0
29614,1
37514,0
42721,0
2564,0
18928,1
21235,0
7419,0
14770,0
26511,0
38294,0
12531,0
17754,1
30828,0
28042,0
21775,0
36480,0
46793,0
24773,0
33206,1
47205,0
33776,0
21242,0
26359,0
27257,0
40278,0
42269,0
21220,0
40390,0
19982,0
35823,0
24067,0
12042,0
5944,0
19654,0
30697,0
48715,0
14597,0
21923,0
22992,0
23282,0
32769,0
28766,0
5340,0
12253,0
11442,1
2557,0
18768,0
461,0
7967,0
10988,0
1280,1
39609,0
37056,0
19975,0
36607,0
37765,0
10329,0
9911,0
45727,0
28255,0
4154,1
31199,0
15266,0
48283,1
22739,0
10135,0
8486,0
29862,0
504,0
9919,0
20457,0
40191,0
49472,0
22520,0
5861,0
41405,1
11607,0
35962,0
43984,1
22301,1
16393,0
8451,0
11496,0
8211,0
38458,0
17489,0
38337,0
4654,0
43979,1
46571,0
31378,0
47002,0
3272,0
14617,0
35249,1
30677,1
25994,0
13438,1
20373,0
16549,0
33466,0
19165,0
7285,0
15307,0
40686,1
30965,0
39335,1
34733,0
11252,0
11803,0
26652,0
44626,0
27316,0
5634,0
45225,0
23886,0
42329,0
33665,0
37693,0
41363,1
43159,1
9468,0
1973,0
8866,1
41009,0
23697,1
29933,0
13194,0
2229,1
23435,0
802,0
19010,0
46663,0
13671,0
12338,0
20849,0
48243,0
22158,0
23750,0
23179,0
21747,0
26628,0
8730,0
25592,0
31567,0
25297,0
23636,0
22034,0
22042,0
11719,0
26415,1
18135,0
36254,0
39771,1
10446,0
627,0
23096,0
7153,0
40313,1
23563,0
22358,1
21645,0
14730,0
1022,0
3829,0
45938,0
12429,0
19373,0
3001,0
47678,0
13741,0
4738,0
1062,0
39373,0
37614,0
16460,0
43310,0
30390,1
17268,0
48078,0
26781,0
46693,0
1864,0
7186,0
19425,0
11556,0
11570,0
9206,0
30958,0
37165,0
25852,1
42864,0
44857,0
9618,0
25236,0
11767,0
45217,0
29727,0
38998,1
26650,0
44165,0
11511,0
6780,0
34153,0
42613,0
30244,0
8501,0
2309,0
7626,0
4334,1
17823,0
1692,1
22672,0
20711,0
34246,0
19397,0
17720,0
36520,0
9000,0
31222,0
17948,0
39059,0
15481,1
5328,0
6535,0
41774,0
41040,0
9424,0
12501,0
40065,0
40078,0
3415,0
1549,0
27469,0
3276,1
17408,0
35455,0
5095,0
34336,1
49261,1
29077,0
20871,1
1182,0
19016,0
35077,0
32612,1
28047,1
47870,0
16226,0
10141,0
8321,0
2092,0
15301,0
21145,0
35507,0
33958,0
18122,0
1913,0
35537,1
11718,0
14030,1
20727,0
39034,1
13921,0
5209,0
13105,0
22484,0
31266,0
5542,0
35190,1
19574,0
46322,0
44723,0
36610,0
12341,0
26038,0
33986,0
2275,0
27216,0
19198,1
33507,1
13400,0
35514,0
44442,0
4809,0
4973,0
15303,1
41915,0
43048,0
43876,0
3584,1
10415,0
43081,1
32022,0
23703,0
2550,0
3890,0
26839,0
45037,0
11832,0
22561,0
40724,1
6785,0
25539,1
6631,0
43792,0
46934,0
30646,1
8500,0
22233,1
11670,0
25938,0
12099,0
28343,1
40363,0
22571,0
6505,0
15779,0
46966,0
36128,0
38104,0
15135,0
17811,0
44352,0
7817,0
18940,1
45447,0
3453,0
10667,0
9851,0
13251,0
43882,0
33978,0
40296,0
13811,0
23065,0
46548,0
26141,0
45014,0
29822,0
20131,0
29921,0
21610,0
7503,0
36086,0
13835,1
22104,0
25417,0
47544,0
45756,0
36556,0
34285,0
3610,0
17405,0
45978,0
32828,0
35899,0
20969,0
40175,0
27499,0
20882,0
23268,0
3485,0
4899,0
48624,0
14618,0
9200,0
40013,1
31388,0
38634,0
37791,1
29640,1
45456,1
23693,0
5892,0
10901,1
26132,0
28309,1
24307,0
27908,0
17436,0
30975,1
35015,0
24233,0
33882,0
21595,0
1610,0
8649,0
4104,0
5852,1
47058,0
36755,0
5671,0
4374,0
31428,0
5805,0
34633,0
34414,0
16915,0
48454,0
25749,0
27535,1
17368,0
1713,0
46717,0
5697,0
2955,0
27556,0
49698,0
201,1
1358,0
7926,0
44611,1
37166,0
30398,0
12390,0
1807,0
49860,1
45779,0
26693,1
2221,1
10797,0
35023,0
48560,0
20268,0
39238,0
37592,0
27014,0
32445,1
14762,0
340,0
49503,0
40821,0
17639,1
29418,0
9427,0
47924,1
36463,0
28579,0
16720,0
37561,0
25095,0
18236,0
27237,0
9688,0
18464,0
26507,0
22964,0
47099,0
4093,0
31508,0
28270,1
17618,0
16111,0
8033,1
48916,0
42767,0
38545,0
17579,1
12762,0
26723,0
10569,0
3582,0
8554,0
20082,0
14373,0
5836,0
49581,0
32116,0
36555,0
46711,0
9508,0
6741,0
31436,0
1968,0
17631,0
44280,0
3027,0
5858,0
39291,0
9082,0
3771,0
45175,1
47847,1
20331,0
31745,0
7824,0
43989,0
39377,0
36882,0
23673,0
7516,0
4235,0
43358,0
6330,0
15320,1
8890,0
24382,0
6047,0
47504,0
18647,0
19273,0
2177,0
15713,0
12270,0
37678,0
21366,0
16668,0
30900,0
40850,0
15495,0
26719,0
342,0
29368,0
40349,0
20745,0
40197,1
14085,0
33676,0
47258,0
42035,0
29800,1
20670,0
43827,1
44163,0
29742,0
5757,0
39753,0
5970,0
38790,0
5994,0
17303,1
10479,0
11710,0
33034,0
20762,0
40844,0
25713,0
1592,1
6625,0
6393,0
13489,0
39003,0
13085,0
22184,0
37171,0
27411,0
41945,0
42814,0
49012,0
20101,0
33176,0
4264,0
21528,0
36905,0
47050,0
38884,1
8948,0
40977,0
8435,0
19177,0
49388,0
6678,0
20291,0
40684,0
23688,1
5822,1
15682,0
33681,0
29725,0
22847,0
18213,0
24213,0
23712,0
39361,0
6210,0
13146,0
7627,0
14949,0
27725,0
31758,0
30902,0
29492,1
37875,0
1849,0
39319,1
23047,1
19890,0
12185,0
18465,0
14713,0
45840,0
49483,0
42813,0
5157,0
34687,0
832,0
46618,0
24911,0
48693,1
41162,0
20718,0
41390,1
17195,0
45011,1
37701,0
47644,0
25202,0
25612,0
45332,0
41874,0
37277,0
20078,0
46319,0
7255,0
15782,0
34954,1
12252,0
33985,1
35598,1
47669,0
49441,0
41079,0
45318,0
29286,0
6334,0
8018,0
1472,0
20381,0
26708,0
7136,0
7809,0
9058,0
36241,1
34244,0
10500,0
12978,0
28752,0
12885,0
37494,0
26908,0
43970,0
42575,0
44778,0
44275,0
7003,0
623,0
38215,0
11263,0
17656,0
28714,0
27620,0
5884,0
37412,0
1500,0
22568,0
4355,1
37619,1
35127,0
903,0
20775,0
32953,0
11725,0
21590,0
19420,0
8336,0
20412,1
2115,1
38410,0
23806,0
44100,0
7494,0
41579,1
38979,1
32163,0
8611,0
42202,0
35145,0
44818,0
44358,0
44675,0
46088,0
2915,0
19003,0
32349,0
40492,0
17217,0
20738,0
32408,0
3715,0
11900,0
27581,0
35960,0
37934,0
33660,0
11205,0
20496,0
49459,0
529,0
39715,0
5551,0
13823,0
13555,0
34431,0
31857,0
40103,0
43477,0
34967,0
12591,0
38591,0
4168,0
11544,1
24374,0
34184,0
12260,0
2413,1
10946,0
11753,0
7133,0
37344,0
43625,0
48639,1
22432,0
8911,0
33389,0
28801,0
28770,0
33941,0
5958,0
19546,0
43762,0
29596,0
29574,0
924,0
4612,0
23433,0
2544,0
42662,1
9500,0
5286,0
35025,0
48274,0
28044,0
11102,0
3107,0
28520,1
16858,0
18410,0
22609,0
35024,0
3957,0
27310,0
14754,0
41562,1
1498,0
3963,0
46700,0
23074,0
34220,0
7637,0
42190,0
43594,0
21561,0
25859,1
44651,0
38192,0
38761,0
23842,0
1058,0
48408,0
15406,0
39997,0
32338,0
33105,0
931,0
44769,0
9398,0
9374,0
11326,1
27545,1
1225,0
18520,0
39141,0
7831,0
46443,1
44941,0
37398,0
18468,0
16281,0
34168,1
32206,0
16948,1
17133,0
26622,0
4095,0
25182,1
13532,1
40983,1
39016,1
15372,0
11557,0
39518,0
6868,1
14724,0
29375,0
32876,0
26499,0
40793,0
39872,0
43129,1
24206,0
23778,0
6140,0
9619,0
28536,0
5447,0
29438,1
24589,0
22932,0
35588,0
16764,0
12565,0
1409,0
39690,0
44528,0
13519,0
22327,0
36854,0
2977,0
43431,1
5154,0
45667,1
43880,1
18127,0
14264,0
21623,0
28064,0
30124,0
29904,0
45643,1
18996,0
5360,0
20118,0
19406,0
22181,0
722,0
46095,1
22695,1
14449,0
13279,0
15744,0
48571,0
40694,1
32387,0
33060,0
41630,0
6653,0
6695,0
35591,0
9808,0
22890,1
23745,0
36632,0
23685,0
29601,0
9430,0
37598,0
23649,1
42943,0
22212,0
24647,0
48990,0
48781,1
43022,0
41190,0
32932,0
41529,1
48509,0
49612,0
22505,0
36676,0
44430,0
49628,0
40602,0
40455,0
8006,0
7048,0
22904,1
4963,0
1006,1
905,0
25141,0
41466,1
47699,0
6922,0
44741,0
5964,0
41688,0
28070,0
38271,0
15810,0
24031,1
29946,0
28418,0
47916,0
28440,0
2970,0
48427,0
27635,1
29741,0
40912,0
11443,0
46181,0
49344,0
11270,0
28457,0
40757,0
13526,0
44884,0
47476,0
12788,0
35233,1
1865,0
16922,0
13681,0
20696,0
28757,0
195,0
11122,0
39405,0
43641,1
19035,0
12359,0
48869,1
807,0
18803,0
7043,0
16986,0
47091,0
29621,0
27755,0
48002,0
4040,0
31025,0
20858,0
39578,0
47677,0
18121,0
6087,0
25157,0
48562,0
36940,0
17315,1
33926,0
49038,0
18467,0
7324,0
13702,0
21820,0
6930,1
9268,0
34163,1
17049,0
18270,0
304,0
36985,0
14293,0
43314,0
4114,0
28477,0
24936,0
28079,0
29436,1
17942,0
370,1
7036,0
42861,0
36891,0
13556,0
40982,1
10490,0
4662,0
15763,0
1725,1
28363,0
15391,0
49646,0
40949,0
17814,0
244,0
38788,0
12362,0
30838,0
3878,1
18341,0
7587,0
3369,0
23010,1
45746,0
34607,0
42968,0
7066,0
3735,0
49274,0
2071,0
20919,0
26910,0
44632,1
22543,0
9578,0
22582,0
6609,0
21693,0
38983,0
42454,0
21184,0
22065,0
29981,0
14946,0
45409,0
40238,0
14849,0
12958,0
6708,0
32085,0
14407,0
36175,0
45709,0
16469,0
23383,0
40259,0
8030,0
26435,1
25679,0
407,0
3398,0
46364,0
39197,0
12166,1
4039,0
19635,1
30426,0
18336,0
16685,0
11067,0
28067,1
27773,1
29100,0
42863,0
11380,0
29696,0
45498,0
43760,0
11240,0
18939,1
48192,0
33521,0
2330,0
12311,1
26379,0
33260,1
28479,0
26488,0
24731,1
35340,0
13101,0
44105,0
4437,0
14493,0
10771,0
44982,0
37529,0
3521,0
21378,0
43709,0
2152,1
7326,0
27057,1
36662,0
38630,0
27517,1
285,0
11689,0
48748,0
25354,0
48816,0
5226,0
34517,0
20421,0
41408,1
4279,1
21014,0
42343,0
12051,0
29496,1
3729,1
41692,0
38380,0
47186,0
40080,0
17100,0
2305,0
22716,1
36875,0
29542,1
16024,0
32980,0
21780,0
27542,0
21329,1
44490,0
31693,0
2549,0
11013,0
44949,0
2007,0
25969,0
47239,0
19918,0
37085,0
34191,0
21478,0
43992,0
34302,1
10244,0
29483,0
20710,0
3013,1
22224,0
36418,1
2112,1
23855,0
8340,0
37071,0
4170,0
43960,0
33355,0
32699,0
19527,0
12450,0
39724,0
16193,0
22040,0
9696,0
39261,0
28105,0
46023,0
11532,0
35275,0
9643,0
45541,1
7604,0
16621,0
17601,0
18894,1
13699,0
12199,0
16164,0
7984,0
41978,0
18658,0
31472,0
26077,0
9764,0
35413,1
26215,0
31640,1
46889,0
16432,0
2094,1
16103,1
28183,1
28548,0
22592,0
43203,0
16187,1
40920,0
28846,0
24162,0
34819,0
17758,0
48665,1
10090,0
32965,0
18919,1
32018,0
7371,1
26357,0
218,0
18860,0
22574,0
31704,0
30759,0
47789,0
47346,0
6298,0
32636,1
43173,1
45481,0
44933,0
15383,0
33697,0
34874,0
45676,0
19424,0
21349,0
31396,0
13325,0
2491,1
45139,1
20873,0
17540,0
26864,0
15467,1
32299,0
24824,0
28153,0
46454,0
29605,0
34948,0
42407,0
23294,0
19810,0
7662,0
27634,0
14343,0
18974,0
36482,0
49135,0
14328,0
34093,0
26345,0
37332,0
5588,0
27177,0
34581,0
13590,1
1842,0
31852,0
4490,0
8466,0
46788,0
41948,1
8368,0
15980,0
44877,0
1442,0
6105,0
5397,0
34913,0
15114,0
41407,1
21164,1
33219,1
41710,0
38496,0
31928,0
22287,1
10598,0
1535,0
33772,0
47199,0
18844,0
10682,0
15596,0
24865,0
15995,0
11672,0
37280,0
36983,1
21569,0
20645,0
33505,0
35448,0
24514,0
14712,0
15910,0
28676,0
45169,0
20980,0
34575,0
8843,0
31347,0
29939,0
17364,0
2059,0
44014,1
12534,0
33179,0
35983,1
8852,0
11640,0
4767,0
21137,0
31629,0
40606,0
43520,0
8198,0
31368,0
10531,0
13647,0
18817,0
22531,0
48278,0
25337,0
42636,1
20007,0
27763,0
23450,1
24689,0
34404,0
28585,0
11769,0
34716,0
39648,0
6729,0
1726,0
40457,0
48399,0
10476,0
5505,0
38738,0
24049,0
20836,0
2012,0
448,1
26979,0
49753,1
20178,0
22933,0
28302,0
37233,0
17494,1
38002,0
2664,0
40677,0
39777,1
35182,0
44523,0
7685,0
44285,0
31592,0
24671,0
12588,0
46189,0
29911,0
33895,0
43917,0
7044,0
23067,0
31164,0
12577,0
24310,0
33937,0
2601,0
9379,0
48254,0
22534,0
11306,0
2613,0
36889,0
1593,0
34764,1
33291,0
15835,0
17897,0
12284,0
48336,0
43904,0
9596,0
9958,0
31731,1
2514,0
22563,0
13176,0
22171,0
17499,0
2437,0
8294,0
16733,0
27867,1
43011,1
3229,0
46468,0
6575,0
22339,0
40895,0
28763,0
18723,0
32987,0
20905,0
25892,0
11031,0
32978,0
44797,0
17480,0
6852,0
31608,1
15321,1
43786,0
29382,0
40621,0
9536,0
18954,0
34011,0
37925,0
41388,0
35978,0
45767,1
35526,0
32401,0
39640,0
11229,0
47095,1
35149,0
2548,0
13581,1
30785,0
7884,0
31716,0
42232,0
41613,1
35848,0
5548,0
46062,0
20320,0
21377,0
42106,0
14278,0
43395,1
6865,0
48417,1
2623,0
12652,0
11927,0
36452,0
30748,0
8804,0
3167,0
43421,0
17682,0
48339,1
8545,0
32998,0
10108,0
4364,0
32698,0
31936,0
27745,0
44668,0
23176,0
42152,1
15695,0
46812,0
3614,0
16358,1
19194,0
53,0
44864,0
35610,0
22131,0
14589,0
42734,0
43348,0
44158,0
38298,0
16415,0
28617,0
21679,0
45073,0
42370,0
39360,0
13897,0
28774,0
39294,1
8862,0
29245,0
5949,0
23396,0
40997,0
36164,0
48219,0
28274,0
22099,0
33251,0
13367,1
44139,0
37151,0
25005,0
13768,0
30441,0
32933,0
38029,1
43488,1
28840,0
49062,0
43060,0
23101,0
35053,0
41843,1
32371,0
35904,0
20475,0
25004,1
8397,0
12379,0
29731,0
38134,0
47577,0
13475,0
20022,0
18869,0
47446,0
16279,0
10272,0
21938,0
37146,0
24180,1
9250,0
10449,1
17523,0
28503,1
45886,0
49072,0
39726,0
39040,0
41939,0
22514,0
40207,0
27971,0
48289,0
3030,0
23358,0
35308,0
35047,0
43213,0
8314,0
35723,0
36275,1
19202,0
28414,0
31415,0
2695,0
22777,0
41737,0
16988,1
2835,0
9180,0
45990,0
6932,0
43595,0
41828,0
23448,0
4772,0
17830,0
15585,0
33874,0
29794,0
19250,0
37906,0
849,1
9101,0
41058,0
45254,0
6412,0
46356,0
9543,0
43852,0
5436,0
11471,0
48306,0
2110,0
38351,0
13917,0
44248,1
12524,0
19186,0
14094,0
30522,0
15741,0
30837,0
4904,1
48381,1
3149,0
1469,0
24718,0
7154,1
3952,0
13916,0
18334,0
47497,0
43710,0
36111,0
20576,1
41391,0
5711,0
2645,1
47567,0
48502,0
23085,0
35656,0
31073,0
35905,1
38125,0
5296,0
22322,0
22385,1
522,1
5488,0
34569,0
41645,1
36122,0
11057,0
36731,0
23291,0
30380,0
27834,0
1607,0
10679,0
3687,0
48757,0
48697,0
27065,0
40141,0
48308,1
33013,0
40554,0
14621,0
24997,0
41424,1
7397,0
39157,0
108,0
22349,1
33620,0
6877,0
2055,0
7220,0
41134,0
28845,0
1733,1
29140,0
23870,0
40048,0
14988,0
26212,0
18147,0
23613,0
5564,0
43777,0
5402,0
30126,0
37909,0
9849,0
34178,0
48402,0
20012,0
38622,0
1405,0
15001,0
36699,0
16477,0
1150,1
23410,0
13801,0
30419,0
21815,0
33896,0
3219,1
34387,0
9665,0
47787,1
34000,0
6439,0
18980,0
4177,1
43752,0
17099,0
48966,0
38357,0
10708,0
38783,0
815,0
9652,0
44872,0
41691,0
46787,0
16150,0
39999,0
5273,0
26682,0
43400,0
1614,1
15705,0
12856,1
13424,0
21468,0
6082,0
21420,0
40028,0
19138,0
29117,0
39767,0
21165,0
34919,0
20833,0
49189,0
1705,0
11969,0
23912,0
22806,0
15032,0
34502,0
30936,0
20154,0
36464,1
10923,0
16029,0
1630,0
42753,0
10690,0
652,0
36851,0
48909,0
49166,0
6901,0
6328,0
4343,1
36461,0
38744,0
524,0
25294,0
31544,0
882,0
10299,0
45876,0
22538,0
47440,0
12303,0
6344,0
6031,0
21304,0
43413,0
35563,0
46948,0
257,0
37596,0
6117,0
43259,0
7392,0
19543,0
42671,1
1348,0
28002,0
3973,0
7226,1
2501,0
13434,0
23508,0
13468,0
7618,0
43756,0
21083,0
49993,0
5654,0
24278,0
44895,0
43382,1
25072,0
9328,0
13368,0
49940,1
2067,0
21644,0
252,1
1458,0
18551,0
25745,0
37303,0
24062,0
1495,0
47714,0
16880,0
46036,0
32608,1
13879,0
33081,0
603,0
25308,1
47396,0
24118,0
20572,0
13623,0
9791,0
47722,1
12937,0
6271,0
21697,0
32280,0
43742,0
8278,0
12963,0
39056,0
33169,0
38666,0
32238,0
31181,0
25485,0
32658,0
19418,0
30018,0
26555,0
41165,0
30826,0
16739,0
27167,0
44703,0
39275,0
36601,0
41038,0
11353,0
9771,0
17073,0
11200,0
13297,0
12923,0
20954,0
5660,0
31212,0
8147,1
42463,0
7246,0
44270,0
23207,0
25280,0
46018,0
18436,0
10430,0
14491,0
41711,0
1611,0
48178,0
11682,0
35950,0
4319,0
33932,0
48349,0
22252,0
47263,0
23988,0
5028,0
32314,0
35802,0
40614,0
37238,0
40388,0
44980,1
32062,0
19473,0
35626,0
47709,0
43252,0
36877,0
6722,0
17550,0
37638,0
27203,0
34136,0
6064,0
48171,0
2362,0
29033,0
9042,0
31712,0
33240,0
35597,1
34601,0
33115,0
49495,0
37916,0
18202,0
16143,0
41435,0
1292,0
28356,1
43149,0
5898,0
21585,0
27498,1
49763,0
7825,0
38877,1
43344,0
29568,1
34656,0
25688,0
22977,0
11763,0
32875,0
20939,0
28604,1
43944,0
29517,0
36544,0
25326,0
2753,0
15883,0
34330,1
28405,0
45374,1
43360,0
29348,0
10645,1
32108,0
47610,0
19951,0
11735,0
4589,0
24701,0
7605,0
4925,0
49638,0
41439,0
25062,0
19139,0
34389,1
3778,0
31808,0
17863,1
20362,0
39151,0
47207,0
9351,0
16071,0
23700,0
28693,0
25649,0
26912,1
25109,0
42798,0
5572,0
9956,0
12920,0
38804,0
21354,0
36651,0
630,0
6864,0
3418,0
42335,0
11559,0
47608,0
38416,1
44278,0
28404,0
6490,0
37121,0
33410,1
8502,1
23900,0
14499,0
39033,1
42665,0
43435,0
25474,0
3596,0
40557,0
17433,0
32168,0
7035,0
12262,0
5395,0
501,0
15009,0
8480,0
11413,0
31410,0
11878,0
49609,0
31351,0
45376,0
39898,1
30843,0
20043,0
9671,0
42631,0
14154,0
8224,0
45802,0
48307,0
5197,0
45085,0
46919,0
44583,0
43354,1
12932,0
31249,0
27715,1
15700,0
29774,1
29427,1
28165,0
18321,0
17233,0
26763,1
17148,0
28660,0
31078,1
10489,0
15193,0
5639,0
24022,0
44627,0
47891,1
31437,0
41542,1
6732,0
46384,0
44323,0
49620,1
46810,0
9123,0
26816,0
15689,0
5344,0
25579,0
12110,0
25661,1
24628,0
20761,0
35013,0
47727,0
49432,0
10613,0
38119,0
5331,0
8477,0
15528,1
21534,0
9098,0
10877,1
4565,0
47491,0
657,0
9349,0
46158,0
49629,0
24124,0
22987,0
19320,0
9355,0
4430,1
15332,0
31365,0
32657,0
13152,0
3683,1
45408,0
44704,0
39071,0
9371,0
37042,0
12906,1
3837,0
41532,0
43052,0
891,0
31060,0
42435,0
13796,0
10333,0
36589,0
17094,0
11352,0
35616,0
36558,0
9755,0
8295,0
15157,0
34456,0
17160,0
18850,0
7134,0
36117,1
40877,0
2910,0
5716,1
20673,0
22075,0
44421,0
17930,0
15423,0
24532,0
31398,0
1096,1
28990,1
13241,0
29299,0
20909,0
27531,0
8257,0
872,1
5652,0
48541,1
5715,0
1315,0
44747,0
37745,0
18047,0
47962,0
9555,0
24479,0
40716,0
33637,0
3835,0
14354,1
7805,0
48293,0
48979,0
12545,1
28271,0
21241,0
25112,0
24432,0
27771,1
11978,0
16400,0
29820,0
49046,0
38065,0
5114,0
43161,1
11260,0
4081,1
20384,0
19763,0
13631,0
23272,0
16,0
3944,0
45255,0
10657,0
22668,0
33330,1
45155,0
33948,0
39924,0
19536,0
25962,0
4902,0
18073,1
29767,1
34935,0
15197,0
15235,1
47107,0
42846,0
30350,0
7636,1
13542,0
5933,0
2015,0
30063,0
31128,1
999,0
38262,0
46078,0
29967,1
17756,1
16375,0
7428,0
10126,0
25689,1
40076,0
34559,0
35306,0
10572,0
8644,0
41234,0
15544,0
22435,0
9631,0
37011,1
49788,1
8819,0
23769,0
18574,1
47353,1
15953,0
17979,0
20113,0
49925,0
11857,0
25765,0
37933,0
39331,1
3329,0
23975,0
15691,0
16768,0
18332,0
15614,0
17219,0
7379,0
32432,0
14925,0
47372,0
37664,0
20442,0
8581,0
38863,0
16656,0
7085,0
42881,1
23486,0
16946,1
46355,1
16599,0
33149,0
40856,1
42609,0
38700,0
21400,0
9650,0
3766,1
39568,0
6895,0
16172,0
47371,0
42792,0
47892,0
39712,0
17541,0
27197,1
3642,0
20079,0
7956,0
22355,0
3416,0
9828,0
7660,0
16964,0
45554,0
40582,1
26436,1
22785,0
44975,0
24803,0
7205,1
21942,0
29441,1
30038,0
14598,0
33498,1
26931,0
21375,0
25701,0
20846,0
31615,0
20050,0
14759,0
34974,0
6258,0
43398,0
3609,0
39134,0
29837,0
39474,0
27786,0
32494,1
17568,0
3457,0
14116,0
34444,0
17291,0
47318,1
37926,0
17479,0
36477,0
32354,0
10743,0
32254,0
37342,0
22548,0
996,0
46654,0
49316,0
9898,1
41146,0
26583,0
39594,0
49479,0
44755,1
4835,0
33576,0
675,0
39705,0
2718,1
5821,0
34149,1
39541,0
7668,0
31521,0
1584,0
37315,1
7823,0
27334,0
17912,0
29718,0
19129,0
27626,0
34307,0
470,0
49454,1
11685,1
38927,1
24165,0
17040,0
27444,0
48860,0
8856,0
38304,0
29045,0
43935,0
41992,0
28060,1
19899,0
23037,0
42148,1
5256,0
39133,0
34322,0
13805,0
27904,1
21208,0
28358,1
46282,0
31295,0
28906,1
3638,0
9120,0
22288,0
13035,0
1554,0
9640,0
27822,0
44841,0
15427,0
5960,0
8286,0
37174,0
25406,0
10857,0
18722,0
141,0
24551,0
23002,1
1041,1
590,1
45602,0
35430,0
33449,0
39394,0
17630,1
9608,1
49664,0
11503,0
15316,0
35513,1
20486,0
34229,0
16878,0
28456,0
26520,0
10480,0
11665,0
5389,0
40438,0
37936,0
21146,0
27504,0
33796,0
47418,0
11944,0
29775,0
14846,0
3240,0
24810,0
7588,0
7715,0
44971,0
20060,0
43005,0
19388,0
46273,0
2948,0
32499,0
799,1
4843,0
38352,0
14549,0
12907,0
39622,0
25198,0
22881,0
19221,1
32797,0
36196,0
41053,0
45391,0
39418,0
49319,0
13266,0
41075,1
3266,1
16248,0
47518,0
38223,0
28704,0
24895,0
36434,0
15341,0
28043,0
15356,0
38381,0
25625,0
43051,0
6832,0
46168,0
31318,0
41507,0
21262,0
18455,0
29936,1
29263,0
22981,1
49746,0
895,1
32212,0
33006,0
40937,0
3273,0
18252,0
22096,0
35624,0
25379,0
17501,1
13732,0
49402,0
24963,0
4281,0
41413,1
48001,0
39490,0
43001,1
24948,0
38523,1
17903,0
23490,0
9944,0
9509,1
110,0
8317,0
7077,0
36043,0
42120,1
6370,0
48230,0
32416,0
23428,0
45460,0
10695,0
1108,0
14965,0
19783,0
13060,0
10864,0
11797,0
26653,0
13036,0
2246,1
37080,0
21279,0
772,0
12609,0
36780,0
28081,0
22271,0
34290,0
6177,0
15128,0
8627,0
9284,0
18899,0
32361,1
14261,0
16679,0
2993,0
9854,0
35093,1
16931,0
29013,0
1087,0
27614,0
16260,0
33943,0
24960,1
1894,0
38912,0
7340,0
25441,0
6436,0
13274,0
43479,0
6384,0
43326,1
46551,0
37194,0
49929,0
21721,0
10808,0
3210,0
26057,0
10965,0
18418,0
46452,0
42182,0
4747,0
41046,1
47603,0
35068,0
5807,1
9620,0
19644,0
27153,0
45482,0
32768,0
11480,0
47051,0
49060,0
4353,0
32428,0
27840,0
23138,0
37729,0
9702,0
32832,0
20083,0
12540,1
45542,1
38516,0
44333,0
42761,1
29304,0
20435,0
22127,0
7380,0
32446,0
1854,0
43611,0
18002,0
48145,0
4706,0
29644,1
34057,1
46600,0
19696,0
41756,0
44988,0
41337,1
16149,0
30870,0
49027,0
9489,0
10302,0
2989,0
23624,1
40177,0
24470,0
36194,0
34126,0
7385,0
15317,0
412,0
30010,0
27642,0
41807,0
26307,0
12576,1
17553,0
16932,0
22525,0
1644,1
32727,0
2577,1
7699,0
26916,0
41235,0
14856,0
7581,0
46697,0
5770,0
26133,0
13033,0
40787,0
4860,0
20597,0
15708,0
27717,0
41914,1
32353,0
36020,0
38735,0
28508,0
6851,0
17528,0
19832,0
43637,0
26580,0
35718,1
38514,0
27428,0
29061,0
47665,0
23868,0
31842,0
28029,0
40633,1
47044,1
1663,0
28036,0
25273,0
44718,1
39505,1
20787,0
10166,0
321,0
39358,1
1654,0
46653,0
25947,0
1156,0
8184,0
23692,0
43672,0
38851,1
12839,0
42561,0
34313,1
1305,0
2826,0
2372,0
9053,1
20545,0
4084,0
6921,0
1904,0
26319,0
45079,1
2137,0
49071,0
38644,0
6552,0
11619,0
39230,1
47478,1
8972,0
21543,0
40975,0
25757,0
24291,0
23860,0
19045,0
418,0
26863,1
14369,1
997,0
16664,0
5790,0
4625,0
31690,0
30045,1
35709,0
7075,0
47401,0
16266,0
29694,0
38284,0
7876,0
29653,1
1908,0
40518,0
7622,0
44252,0
31645,0
1679,0
34293,0
31129,1
23421,0
44376,0
25132,0
41154,0
20015,0
29215,0
47653,0
21361,0
41139,0
40541,0
46869,0
9992,0
36362,0
32984,0
22836,1
17078,0
27069,0
266,0
49881,1
21995,0
19642,0
24069,0
20343,0
30608,1
23353,0
42831,0
645,0
46211,0
35466,0
27102,1
20739,0
18294,0
36681,1
38070,0
17838,0
3316,0
2429,0
45183,0
39991,0
13868,0
32493,0
8080,0
41733,0
22497,0
7502,0
16950,1
43491,0
1847,0
28573,1
26869,0
5748,0
9228,1
32348,0
44535,1
18356,0
49915,0
847,0
39886,0
46398,0
29828,0
12894,1
7398,0
27318,0
25161,0
41840,1
28486,0
29371,0
35460,0
33781,0
40624,0
24687,0
8918,0
10631,0
49094,0
7447,0
41755,0
249,0
6906,0
19731,0
16430,0
12845,0
44268,1
11467,0
29012,1
350,1
5455,0
44057,0
4627,0
11524,0
40159,0
1577,1
45357,0
39234,0
18005,1
39915,0
42558,0
20155,1
11289,0
37842,0
27451,0
25720,0
21849,0
30647,0
21150,1
43031,0
18811,0
25077,0
21001,0
7459,0
19321,0
46932,0
12317,0
11853,0
19113,0
2902,0
17497,0
29961,1
10366,0
39830,1
5469,0
39772,0
37223,0
39658,0
4806,0
6517,0
17091,0
38311,0
13352,0
38292,0
32417,1
35357,0
15142,0
29698,0
22059,0
36560,0
3487,0
40926,0
37148,0
11386,0
47146,0
3152,0
42360,0
9834,0
33504,0
20292,0
14203,0
48372,0
43430,0
7445,0
7846,0
41311,1
1436,0
46263,0
38615,0
30681,0
8138,0
6203,0
6561,0
26936,0
29456,0
17876,0
30461,0
48264,0
32332,0
39152,0
12794,0
29363,0
9022,0
46411,0
21326,0
16262,0
1597,0
12661,0
7901,1
40866,0
23758,0
9729,0
16293,0
27501,0
10770,0
48459,0
9249,0
8383,0
11746,1
11328,0
13826,0
45825,0
35728,1
7855,0
12724,0
12201,0
36420,0
29268,0
42374,0
2238,0
7807,0
45681,0
14627,0
2443,0
45705,0
9731,0
38654,1
15831,0
6122,0
15036,0
28894,1
42865,0
7319,1
9544,0
34749,0
36881,0
44281,0
26448,0
19382,0
17079,0
9587,0
30234,0
14446,0
21966,0
9112,0
31739,0
39044,0
12758,0
20195,0
31851,0
8681,0
9267,0
5674,0
34727,0
19489,0
8212,0
37603,0
14125,0
32764,0
1503,0
43017,0
22340,0
5409,0
34405,1
39641,0
32553,0
8043,0
21066,0
48794,1
46067,0
15429,0
43994,0
46467,1
33935,0
23803,0
17862,0
14995,0
33377,0
27582,0
1827,0
8264,0
38876,0
46806,1
23178,0
28790,0
33548,0
29593,0
13595,0
3419,0
36845,1
5162,0
40063,0
23648,0
9215,0
3568,1
38965,0
21571,0
30963,0
8848,0
42380,0
11834,0
37768,0
23472,0
27074,0
19709,0
28996,1
5540,0
13338,0
3706,0
25200,1
23541,0
761,0
36724,0
14903,0
14192,0
49348,0
2325,0
46041,0
34615,0
2206,1
37366,0
28061,0
6840,0
35477,0
21751,0
26834,0
26419,0
19655,0
21187,0
34947,1
12993,0
4385,0
43902,0
714,1
36138,0
27863,0
20489,0
39907,1
47008,1
15896,0
20323,0
34495,0
35055,1
39190,1
23388,0
24261,0
16758,0
26592,0
7298,0
29494,1
45931,0
31589,0
23955,0
5225,0
32052,0
20494,0
617,0
17647,0
16035,0
49088,0
27341,0
47864,0
19212,0
48753,0
12994,0
4166,1
37367,0
27824,1
37922,0
5823,0
30147,0
30499,1
28637,1
21627,0
35838,0
5262,0
6709,0
16201,0
12077,1
32167,0
19843,0
5349,0
22684,0
16152,1
12612,0
14725,0
16794,1
24194,1
46187,0
26100,0
7435,0
6296,0
17721,0
37845,1
31336,1
38141,0
27809,0
46685,0
23857,0
4015,0
5474,0
782,0
28769,0
5735,0
32627,0
36470,0
9234,0
43097,0
29058,0
27374,0
39463,0
4658,0
4869,0
35659,0
16651,0
28944,0
37273,0
45662,0
2349,0
20133,0
42386,0
920,0
25709,0
25431,0
6898,0
12114,1
1571,0
12990,0
40265,0
14591,0
36015,0
23737,0
38556,0
33481,0
11684,1
10656,0
8997,0
19143,0
15720,0
25462,0
21459,0
15920,0
5259,0
12668,0
12589,0
21752,1
26171,0
46479,0
13922,0
28598,0
46108,0
17240,0
21510,0
22275,0
35796,0
21492,0
32878,0
1141,0
45232,0
44650,0
47918,0
24224,0
44903,0
24622,0
15797,1
19028,0
30844,0
2360,0
1516,1
48233,0
11771,0
37060,0
28212,0
36177,0
38024,0
40075,0
17571,0
6569,0
37285,0
1441,0
49851,1
4608,0
17236,0
16227,0
49867,1
5700,0
38502,0
21914,0
23829,0
48021,0
24190,0
34649,0
18848,0
15670,0
3451,0
32498,0
43678,1
19174,0
8591,0
47344,0
61,0
11784,0
11056,0
45120,0
21636,0
46677,0
44477,0
45446,0
39257,1
38378,1
30145,0
40767,0
14695,0
31334,1
149,0
21263,0
48162,0
13249,0
22700,0
16352,0
1261,0
39701,0
12734,0
26865,0
36753,0
17018,0
26260,0
45082,1
21728,0
1104,0
19572,0
42287,0
7446,1
28261,0
31040,0
41698,0
12926,0
22073,0
778,1
20991,0
28287,0
35980,0
4444,0
49643,1
45294,0
41464,1
26027,0
27086,0
4373,0
40752,0
37496,0
25663,0
1411,0
6389,0
40024,0
4299,0
11192,0
19399,0
37651,0
15470,0
8831,0
10780,0
8506,0
7981,0
5863,0
8629,1
1727,0
35030,0
22599,0
19674,0
13900,0
31772,0
17478,1
19917,0
1628,0
12228,0
11059,0
24674,0
23162,0
10155,0
738,0
44948,1
11004,0
28892,0
32087,0
13894,0
42851,0
39785,0
32485,0
9,0
19663,0
33748,0
33801,0
4115,1
14223,0
20997,0
40491,0
16529,0
48260,0
21273,0
29668,1
31585,0
27420,0
37902,0
33845,0
22154,0
23303,0
2722,0
510,0
49152,0
26229,0
43798,0
43918,1
36924,0
8203,0
37454,0
33894,1
6215,0
449,0
31373,0
21931,0
5538,0
47611,0
6053,0
31205,0
13476,0
37528,1
35694,0
20193,0
21359,0
35997,0
9036,0
11487,0
36114,0
23258,0
9126,0
30445,0
10188,0
29074,0
34507,0
25671,0
29937,1
36331,0
30672,0
9625,0
47697,0
19590,0
1360,0
6883,0
3993,0
14226,0
27194,0
32835,0
20200,0
37857,0
31790,0
20812,0
26477,0
8562,0
21763,0
9553,0
33533,0
2763,0
41135,1
32591,0
29580,0
21310,0
7212,0
42487,1
48446,0
13760,0
37947,0
41641,0
19811,0
23173,0
31381,0
13673,0
22941,1
39551,0
6800,0
22710,0
30088,1
28976,0
41854,0
4096,0
43264,0
20351,0
36977,1
34680,0
39756,0
36729,1
25116,0
30228,0
25894,0
21445,0
35205,0
43885,0
24072,0
46623,0
15718,1
30945,0
33979,0
25229,0
99,0
16042,0
29735,0
40994,0
38602,0
36720,0
15968,1
34111,0
40337,0
17347,1
48725,1
440,0
23587,0
6964,0
12986,0
5687,0
49602,0
4874,0
45052,1
20506,0
41299,0
31727,0
5415,0
15325,0
37741,0
35450,0
21403,0
3298,0
24221,0
33574,1
39372,0
37120,0
29085,0
40806,0
15430,1
3025,0
30439,0
44722,0
12151,0
7013,0
29729,0
46780,1
38011,0
34392,0
23106,0
16845,0
11357,0
20875,0
13546,0
44787,1
4449,0
36065,0
45622,0
5832,0
34367,0
16590,0
35930,0
46245,0
31511,0
12895,0
1677,0
27622,0
36021,0
11552,0
24096,0
22968,0
22623,1
26118,0
13047,0
40385,0
33229,0
42038,0
20184,0
37462,0
22756,0
12155,0
21771,0
10704,0
46028,0
19702,0
18874,0
33160,1
22296,1
2693,0
37202,0
43120,0
40273,1
42468,0
28484,0
6995,0
27038,0
35304,0
1896,1
29291,0
15265,1
9135,0
43119,1
33938,1
3860,0
17490,1
49307,0
14254,0
12562,1
11540,0
19540,0
40187,1
24563,0
11375,0
23834,0
13670,0
10633,0
40211,0
43890,0
610,0
37330,0
9984,0
40138,1
18705,0
24991,0
5184,0
38419,0
33730,1
40910,0
34297,0
39278,0
41361,0
25140,0
33844,0
47075,0
25992,1
18936,0
44198,0
13703,0
47278,0
27121,0
48763,0
44734,0
43770,0
14603,0
28957,1
36025,0
44186,0
28789,0
37866,0
30429,1
23591,0
23046,1
24868,0
8756,0
1949,0
36489,0
1627,0
12023,0
19893,0
47517,0
24459,0
20788,0
11161,1
18191,0
25249,0
132,0
25870,0
20391,1
31131,0
36563,0
27714,1
34890,0
24638,0
804,0
4669,0
12070,0
8305,0
8101,0
1658,0
24365,1
8917,0
20473,0
14857,0
19916,0
6008,0
38929,1
33116,1
4183,0
1945,0
16821,0
29935,0
9081,1
36027,0
35117,0
17363,1
6216,0
1049,0
25322,0
42652,0
33221,0
43788,0
19502,0
30286,1
48917,0
28435,1
13192,0
26060,0
20143,0
28368,1
39552,0
7672,0
43025,0
20488,0
11015,0
49001,0
30632,0
42127,0
48933,0
11119,0
6546,0
23964,0
17644,1
4067,1
16137,0
15859,0
32882,0
23296,0
14045,0
30840,0
40820,0
9474,0
43735,0
25083,0
33749,1
2018,0
49923,1
36975,1
44321,0
26469,0
31840,0
29162,0
26159,0
7068,0
36036,0
44749,0
7240,0
5121,0
19331,0
42583,1
12654,0
20153,0
11581,0
23704,1
38566,0
28280,0
6733,0
16999,0
21731,0
19608,0
32075,0
24710,1
46114,0
10469,1
27940,0
21472,1
10233,0
24112,0
4467,0
12019,0
44645,1
22388,0
22331,1
25016,0
17945,0
2985,0
32927,0
39214,1
2747,1
4532,0
42420,1
22601,0
41306,0
6612,0
16344,1
4739,0
30089,0
12018,0
41669,0
3759,0
22654,0
36395,0
14568,0
32467,0
23921,0
10996,0
4954,0
5528,0
11573,1
49592,0
45137,0
7009,0
15805,0
30030,0
5490,0
45775,0
23639,0
24226,1
37129,0
14020,0
774,1
23171,0
3657,0
44653,0
6297,0
14168,0
27569,0
3840,0
14753,0
19593,1
30158,1
23847,0
12008,0
27684,0
26216,0
35561,0
31213,0
25011,0
29711,0
23729,0
35570,0
18918,0
27478,0
33617,0
12161,0
6331,0
36859,0
9529,0
8141,1
36946,0
24591,1
39492,1
8821,0
21954,0
31555,0
8870,0
210,0
47127,0
5032,0
13836,0
23909,0
44385,0
9471,0
13930,0
41426,0
17715,1
42378,1
17537,0
29707,0
25909,0
28788,0
39852,0
3246,0
24158,0
17819,1
25778,0
49047,0
8003,0
46332,0
31127,0
7683,0
17418,1
9197,0
48064,0
3808,1
24334,0
34401,0
7742,0
21450,1
42171,0
21265,0
26608,0
33823,0
21160,1
40477,0
39731,0
26690,0
31909,0
22631,1
42915,0
1129,0
45966,0
13314,0
27856,0
42417,1
31010,0
1636,0
43781,0
24745,1
5232,0
40553,1
31628,0
2444,1
45497,1
24538,0
20124,0
29132,0
15849,0
38917,0
1801,1
32043,0
30883,0
25026,1
14882,0
21243,0
46882,0
33142,1
29893,0
38010,0
47702,0
2813,0
29987,0
4784,0
41454,1
44670,0
39760,0
40091,0
5400,0
34884,1
28023,1
39388,0
3303,0
19465,0
18026,0
49621,0
41570,1
32253,0
4829,0
18995,0
2286,1
9564,0
3995,0
28204,0
6621,0
3785,0
46418,0
18725,0
16723,0
45815,0
33860,0
4769,0
31490,0
8432,0
3850,1
40478,1
44083,0
32077,0
12000,0
35894,1
22841,0
29790,0
1283,0
15318,1
32652,0
2114,0
38253,0
47637,0
18022,1
44735,0
13522,0
12127,0
4932,0
10275,0
36989,0
10639,0
10950,0
27236,0
6520,0
11600,1
45526,0
4698,0
40815,0
38726,0
34059,0
38766,0
45842,0
45067,0
38518,0
40414,0
4960,0
6793,0
14230,0
37432,0
22986,1
3676,0
1952,0
3514,0
35988,0
4795,0
2594,0
42090,0
24612,0
30728,1
18973,0
6784,0
16985,1
7476,0
6846,1
14398,0
7532,0
49044,0
44570,1
15827,0
17546,1
9562,0
22554,0
20763,0
219,0
24777,0
3705,0
36013,0
22795,0
20535,0
39306,0
41683,0
7423,0
8266,0
49385,0
15581,0
5193,0
43142,0
13069,0
8624,0
45312,0
12426,0
8039,0
49789,0
5782,1
30116,0
38126,0
18587,1
14105,0
41597,0
37159,1
40446,0
21058,0
7363,0
42205,0
11873,0
34113,0
29113,0
20747,0
46754,1
35559,0
40253,1
34643,0
39254,0
42140,0
4454,0
28296,0
42817,0
12079,0
8956,1
34623,0
6563,1
2683,0
4435,0
9859,0
22094,0
39080,0
5842,0
14391,0
26340,0
29467,0
20290,0
4847,0
48939,0
48117,1
704,0
42028,0
14607,0
8723,0
45593,0
12610,0
1135,0
49663,0
21513,0
23641,0
41332,0
37652,0
35664,0
32258,0
615,0
4052,0
22839,0
30969,0
2189,0
6993,0
23728,0
44308,0
9190,1
13961,0
47834,0
19480,0
44244,0
16068,1
5619,0
37686,0
5798,0
26527,0
18563,0
33274,0
36709,0
11576,0
46416,0
31952,0
42448,1
47,0
5178,1
8347,0
47086,0
49928,1
25574,0
19948,0
24422,0
32368,0
46792,0
19710,0
19055,0
24712,1
26463,0
5205,0
45539,0
38286,0
15141,0
6680,0
34547,0
20003,0
22818,0
18085,1
28921,0
1856,0
41258,1
41438,0
7254,0
7648,0
18488,0
7132,0
4950,0
30573,0
12217,0
46020,0
34801,0
22969,1
49049,0
45041,0
4750,0
21950,0
6472,0
34388,1
30950,0
8556,0
4070,0
9646,0
30972,0
37278,0
21299,0
11591,0
39051,0
2042,0
36501,0
33746,0
23072,0
25399,0
7664,0
12034,0
42121,1
34914,0
49347,0
82,1
13633,0
26766,1
33828,0
18518,0
1378,0
23364,0
12736,0
25093,0
3452,0
48820,1
29251,0
32006,0
26293,0
5453,0
12622,0
13950,0
23397,0
44103,0
7233,0
44566,0
42423,1
28315,0
3549,0
33290,0
12054,0
35820,0
10017,0
48934,0
5808,0
48209,0
10245,0
3311,0
2488,0
7104,0
6453,0
38674,1
12637,1
28896,0
44181,0
41960,0
17460,0
26576,1
20613,0
46691,0
45491,0
14439,0
24811,0
12511,0
48901,0
19587,0
29730,0
18763,0
26213,0
28930,0
16551,0
39219,0
39696,0
27737,0
1029,1
5705,0
29779,1
41141,0
41856,0
30392,0
16699,0
45044,0
45592,0
13562,0
7403,0
44003,1
7471,0
16912,0
4676,1
11174,0
15574,1
47928,0
28705,0
49231,1
22214,0
7483,0
33079,0
26320,0
27058,0
9186,0
36868,0
27424,1
26111,0
48611,0
17941,0
12769,0
16385,0
49116,0
2322,0
41159,0
18740,0
22594,0
12342,0
20801,0
33821,1
30624,0
33878,0
37338,0
37924,0
4305,0
27948,1
5372,0
27076,1
37481,1
22389,0
18807,1
33062,0
20261,0
44313,0
45309,0
18450,1
233,0
30029,0
14697,0
44536,0
47824,1
47495,0
589,0
11704,0
29803,0
18728,0
44531,0
42307,1
2489,0
21356,0
23914,0
33836,0
41214,0
48246,0
27253,0
45835,0
36055,0
41531,0
27508,0
5766,0
11113,0
44112,0
40973,0
16156,0
30433,0
13165,0
45994,0
40734,0
18896,0
27905,0
21877,0
5084,0
15191,0
14953,0
35935,0
24976,0
39838,1
38440,0
9264,0
9559,0
23628,0
47538,0
48702,0
24216,0
30949,0
47852,0
26645,0
15345,1
47235,0
4994,0
46695,0
46951,0
11502,0
10113,0
21857,0
13634,0
46928,1
23689,0
36907,0
479,0
10214,0
15865,1
44511,0
7481,0
5018,0
22000,1
31860,0
32260,0
29264,0
10290,0
28643,0
38599,0
29392,0
14681,0
14368,0
14876,0
22253,1
32664,0
21402,0
20667,0
37256,0
26595,1
87,0
18754,0
12164,0
39032,0
37545,0
34713,0
49014,0
42641,1
1671,0
44382,0
44724,0
43799,1
40635,0
15787,1
28426,0
30855,0
32455,0
15634,0
30625,0
41295,0
41186,1
40047,0
12432,0
27791,0
13991,0
48158,1
4450,0
21006,0
3931,0
8430,1
18173,0
38943,0
36813,0
47995,0
8313,0
131,0
31211,0
5678,1
30812,0
33803,0
7159,0
14388,0
14683,0
34415,1
26484,1
7925,0
10132,0
33488,1
15489,0
12115,0
19606,0
27946,1
42722,1
43439,0
22209,0
7947,0
33661,0
17820,1
31466,0
43312,0
49019,0
29472,0
27049,1
23394,0
6824,0
24805,0
8086,0
15560,0
33792,0
45267,0
12196,0
49106,0
25751,0
17933,1
44846,0
44623,0
5338,0
27454,0
44596,1
17386,0
46841,0
32016,0
46035,0
45109,0
7396,0
18280,0
34790,0
13136,0
33673,0
18264,0
20182,0
39736,0
31669,1
46305,0
37907,0
27869,0
49587,0
48733,0
40500,0
38533,0
2455,0
42594,0
21217,0
4158,0
1970,1
10176,0
43027,1
14400,0
36733,1
33403,0
26972,0
12868,0
307,0
18960,1
32328,1
1932,0
34798,0
35373,0
45404,0
47604,0
47350,1
40603,0
33106,0
8913,0
30330,0
9128,0
32758,0
2715,0
24904,0
7521,0
3490,0
31966,0
47927,0
34720,0
49406,0
10546,0
41677,0
37020,0
49493,0
8897,0
42226,1
525,1
25073,1
24714,0
48150,1
34705,0
4900,0
399,0
34894,0
12695,0
48028,0
38171,0
23453,0
15163,0
15617,0
964,0
15795,0
3284,0
20347,0
8335,0
45600,0
48413,0
43658,0
2633,1
6839,0
36208,0
11741,0
14273,0
2013,0
23335,0
14643,0
24368,0
32463,0
7249,0
25805,0
5039,0
45584,0
45176,1
44998,0
30156,0
26098,0
33405,0
6513,1
48789,0
11877,0
27433,0
29400,0
33318,0
15649,0
31255,0
4060,0
49312,0
40678,0
36068,0
6373,0
30921,0
3552,0
27994,1
44805,0
18232,0
48146,1
39439,0
3701,0
43065,0
10537,1
33930,0
32870,0
19159,0
36834,1
44644,0
32896,0
43750,0
35836,0
37904,0
19542,0
22522,0
24885,0
48764,0
37548,1
28238,0
21641,0
15895,0
7837,0
34532,0
38946,0
24435,0
9845,0
22365,0
35408,0
37692,0
1641,0
9793,0
49384,0
15073,0
9155,0
39595,0
34084,1
44679,1
25277,0
43256,1
8673,0
24783,0
13478,0
45952,0
48864,0
10697,0
5996,0
36880,0
19005,0
5234,0
10339,0
15710,0
38149,0
39155,0
10429,0
27794,0
35396,0
27883,1
19938,0
30566,1
28470,0
24326,0
37956,0
43056,0
31393,0
40228,0
22438,0
26574,1
43204,0
27283,1
20561,0
49221,0
6992,0
37248,0
8755,0
11444,0
14974,0
19153,0
5132,0
18483,0
46470,0
23645,0
4045,0
8743,0
40053,1
19825,0
10977,0
10282,0
44906,0
22120,0
35527,0
8290,0
37115,0
26836,0
41749,0
47218,0
43906,0
47780,0
19931,0
41403,0
3603,0
27288,0
11723,1
46104,1
45427,0
36670,0
13099,0
10999,0
372,0
220,0
8653,0
15066,0
44875,0
2808,0
6173,0
5942,0
497,0
6534,0
24827,0
22930,1
3763,0
35859,0
39489,0
14878,0
21502,0
32747,0
12812,0
46318,0
44527,0
17128,0
1843,0
25439,0
29155,0
45884,1
34667,0
3335,0
11858,0
11235,0
34309,0
28863,0
1651,0
2494,0
579,0
38583,0
19234,0
45069,0
4044,0
34053,0
49336,0
5401,0
6724,0
20490,0
5171,0
46602,0
16516,0
40878,0
20829,0
21010,0
34357,0
34204,0
981,0
44195,0
21915,0
27248,0
39414,0
14639,0
43514,0
42811,0
11933,0
35763,0
94,1
24596,0
49381,0
42155,0
4525,0
42504,1
49872,1
19127,0
42873,0
23631,0
10755,0
29211,0
40392,0
49838,0
17312,0
36171,0
41420,0
26305,0
25440,0
27380,0
35492,1
43836,0
12698,0
14370,0
46556,0
17856,0
11546,1
16016,0
38796,0
34052,0
41152,0
27842,0
21926,1
28624,0
47580,0
15284,1
4920,0
6259,0
2002,0
20568,0
2463,0
33439,0
11522,0
2268,0
5305,0
25246,0
10576,0
23840,0
11794,0
27507,0
28082,0
47809,1
24240,0
40079,0
1971,1
25450,0
36347,1
49824,0
27731,0
38982,1
27358,0
40577,1
28203,0
8657,0
13196,1
13769,0
28127,0
47297,0
26471,0
29422,0
19725,0
15477,1
4303,0
28444,0
36315,0
26278,0
43733,0
24699,0
7351,0
29015,1
28918,0
47393,0
2312,0
29266,0
30706,1
42362,1
44151,0
46876,0
37917,0
15190,0
26849,1
9438,0
30751,0
11089,0
34438,1
33443,1
3882,0
22721,0
30020,0
602,0
19687,1
29312,0
48590,0
36248,1
38513,0
25425,1
20175,0
7286,0
27959,0
29629,1
1149,0
38515,0
29019,0
17731,0
39458,0
31459,1
33099,0
13432,0
29693,0
10472,0
25615,0
8322,0
41787,0
32656,0
26950,0
15295,1
25732,1
28187,0
4381,0
44170,1
27727,0
21172,0
12975,0
38460,0
4313,1
34116,0
27520,0
37389,0
33039,0
20704,0
22475,0
15178,0
38115,0
32823,0
38106,0
16003,0
16284,0
40004,1
45234,0
21540,1
31817,0
48477,0
16232,0
35803,1
30342,0
11866,0
28148,0
44753,0
42094,0
5871,0
23867,0
1374,0
33415,1
9787,0
34957,0
17213,0
29915,0
8221,0
37988,1
13354,0
16791,0
18966,0
28843,1
38036,0
7168,0
46865,0
13627,0
36467,0
32315,0
15792,0
23738,0
23082,0
40010,0
4187,1
10403,0
25840,0
10813,0
32285,1
36918,1
43090,0
19547,0
35762,1
16354,0
9847,0
39569,0
28475,0
49031,0
17662,0
12030,0
30642,0
8751,0
49478,0
37212,1
15245,0
19120,1
14561,0
11429,0
4740,0
47472,0
37662,1
23773,0
22343,1
11388,0
32235,0
6030,0
44337,0
35489,0
8766,0
47125,0
32649,0
2656,0
14633,0
21568,0
12430,0
36121,0
43689,0
49172,0
30075,0
45848,0
18383,1
37825,0
7658,0
48952,0
27625,0
27041,0
25934,0
48793,0
24305,0
43415,0
19925,0
23994,0
6108,0
36590,0
13942,0
40003,1
38940,0
3567,1
41241,0
26368,1
9726,0
14148,0
15707,0
32481,1
45747,0
17314,1
33465,0
27204,0
49253,0
48045,1
15339,1
16998,0
48597,0
46173,0
29769,0
34856,0
37235,0
44286,0
49079,0
32406,0
2850,0
7210,0
27396,0
12798,0
44074,0
20369,0
7418,0
3512,0
41844,1
38332,0
48857,1
38551,0
34929,0
34589,0
33945,0
46508,0
23483,0
23378,0
31122,0
10110,0
8095,0
35044,0
35222,0
43134,1
14378,0
37154,0
30263,0
46907,0
18040,0
15390,0
27446,0
45152,0
46755,1
11543,0
32048,0
9987,0
10590,0
48131,1
23573,0
49978,0
17926,0
49703,0
14353,0
46403,0
26465,0
39929,1
40688,1
9393,0
6753,0
49332,1
6650,0
24414,0
672,0
32976,0
32825,0
17893,0
35432,0
15479,1
21477,0
46142,0
30417,0
38565,0
20558,0
4189,0
24238,0
39678,0
10095,0
24111,0
4514,0
47693,0
19743,0
1933,0
30360,0
21153,0
24531,0
26679,1
23093,1
24384,0
9858,0
42196,0
45589,0
10103,0
22792,0
28531,0
39117,1
20332,0
37929,0
25121,0
31774,0
19582,0
41488,0
17458,1
12009,0
42981,0
261,0
39662,0
13433,0
13061,0
9558,0
49141,0
29430,0
23525,0
10800,0
3671,0
16976,0
14047,1
3224,1
29503,0
20402,0
46873,0
11627,1
49346,0
45974,0
25033,0
36322,0
47578,0
14071,1
44155,0
25172,0
43707,0
2237,0
11789,0
41080,1
44055,0
20409,1
45118,0
46969,0
21318,0
48034,0
34544,0
35827,0
8082,0
21757,1
32295,0
6694,0
14292,1
38813,0
1988,0
10520,0
1290,0
26093,0
4965,0
34390,1
42877,0
812,0
12380,0
10109,0
14826,0
56,0
23589,0
11006,0
49588,0
48528,0
40098,1
28599,1
1415,1
14871,0
22593,0
3481,0
38964,0
17746,1
30489,0
48579,0
38645,0
33771,0
2810,1
15161,0
47808,1
17713,1
3494,0
23496,0
39854,0
27012,0
17915,0
38113,0
503,0
14616,0
47785,1
18676,1
18247,0
22014,0
21971,1
48217,0
14480,0
13307,0
10557,0
31818,0
23117,0
4049,0
35300,0
43126,1
6218,0
8859,1
28702,0
10217,0
4588,0
15441,0
39233,0
13346,0
46681,0
44667,0
49416,1
46353,0
41707,0
39730,0
32172,0
40008,0
6275,0
4238,0
13419,0
12802,0
4152,0
5946,0
27346,0
29317,0
25311,0
39584,0
13393,0
354,0
33492,1
30570,0
35374,0
9918,0
32693,0
45628,1
26444,0
33422,0
5264,0
35821,0
39725,0
7072,0
755,0
36612,0
29772,1
28761,0
14151,0
18858,0
2236,1
8865,0
31935,0
7493,0
43913,0
9100,0
38432,0
15194,0
9830,1
30496,0
14108,0
35754,0
30813,1
33312,1
49194,0
16867,1
9378,0
19395,0
47786,1
32226,0
13095,0
21163,1
14100,0
28020,0
6685,0
39702,0
40124,0
35050,1
39890,1
14711,0
29700,0
34503,0
29478,0
842,0
14521,0
17566,1
4315,0
9295,1
14644,0
45311,0
5867,0
29024,0
30587,0
10122,0
44646,1
49721,0
41083,1
46360,0
38270,0
20367,0
13612,0
31846,0
15662,0
35844,0
14979,0
33020,0
29101,0
29148,0
25091,0
49403,0
6217,0
25768,0
31771,0
20959,0
23381,0
41612,1
33566,1
33186,0
274,0
25670,0
22282,0
15225,1
12137,0
43186,0
3432,0
5326,0
14866,0
28398,0
8981,0
30205,0
47104,0
46015,0
46423,0
381,0
18066,1
30105,0
6863,0
14880,0
21495,0
35105,1
42457,1
14833,0
28690,0
5742,0
10888,0
47394,0
7770,0
31985,0
12918,0
13866,0
21799,1
37839,1
33510,0
23460,1
8010,0
14669,0
10927,0
14199,0
38096,0
3003,0
40544,0
44685,0
44459,0
3063,0
49170,0
20709,0
6075,1
48431,1
40777,0
47712,0
1025,0
46223,0
46483,0
10990,0
37263,0
945,1
22953,1
13320,0
27747,0
46899,0
14800,0
20228,0
35006,0
21979,0
28483,0
6782,0
36732,0
9165,0
1158,0
43554,1
5520,0
41431,0
38722,0
39156,0
2188,0
41257,0
21222,0
41620,1
2765,1
10398,0
36423,1
31152,1
36430,1
20867,0
26015,0
37566,0
22920,1
15813,0
28857,0
36345,0
44068,1
31563,0
36517,0
13642,1
47102,0
14069,1
26866,0
17874,0
40323,0
20728,0
18536,1
14429,0
44717,0
49396,0
47483,0
41868,0
7894,0
7794,0
37272,0
29583,0
27205,0
41070,0
11934,0
32301,0
46737,0
38595,0
36575,0
28367,0
25833,0
27031,0
13138,0
28855,0
22232,1
7547,0
16452,0
13639,0
2351,1
29667,0
9421,0
21336,0
1655,0
40996,0
15737,0
19059,0
43353,0
28310,0
142,0
28308,1
7288,0
15288,1
45977,0
10525,0
31084,0
39996,0
15615,0
44962,0
4652,0
25122,0
46261,0
12526,0
33514,1
23551,0
23638,0
12250,0
15515,1
39096,0
13584,1
5816,0
12404,1
15040,0
43498,0
19432,0
44450,0
24652,0
25949,0
22556,0
32137,0
22772,0
12950,0
15719,0
46777,0
4063,0
18020,0
49185,0
32732,1
12815,0
32650,0
41524,0
35716,0
9718,0
37632,0
4436,0
12665,0
49413,0
34350,0
44796,0
11098,0
9901,0
38427,0
444,0
18407,0
37388,0
23225,0
47566,0
30525,0
35729,0
42051,0
23675,1
14060,0
32780,1
4496,0
15346,1
39506,0
6361,0
46746,0
23984,0
47581,0
1534,0
30721,0
11572,0
19700,0
47805,0
8287,0
3731,0
48710,0
10073,0
37673,0
2595,1
43305,0
5503,0
22373,0
10601,0
13800,0
4031,0
10111,0
18152,0
24593,0
32341,0
38092,0
37484,0
18029,0
45179,0
23449,0
15122,0
45443,0
28322,1
49668,1
18139,0
1776,0
36285,0
47109,0
10776,0
44072,0
30325,0
45020,0
30059,1
14324,1
47122,0
5077,0
42079,0
9269,0
17573,0
5589,0
42913,0
34779,0
39792,0
32689,0
18867,0
40950,0
5087,0
8222,0
42173,0
23977,0
44876,1
18956,1
24599,1
47526,0
41196,0
4066,1
47836,0
46050,0
15351,1
10651,0
22714,0
48163,0
49105,0
49177,0
6590,0
9402,0
21941,0
49486,0
28764,0
37801,0
29111,0
7840,1
34906,0
576,0
33298,1
39426,0
4136,1
37476,0
24957,0
49616,0
2123,0
31339,1
32045,0
31012,0
46852,1
32002,1
12340,0
16316,0
25443,0
10579,0
27181,0
41792,0
19381,0
2393,1
39644,0
15943,0
45454,0
3679,0
26041,0
25535,0
25681,0
9969,0
31404,0
18570,0
14507,0
38779,0
22025,0
17670,1
47046,1
45569,0
26678,1
25834,1
28437,0
46156,0
34512,1
32700,0
49387,0
15802,0
42587,0
30436,0
22529,0
2911,0
8028,0
45121,0
31856,0
43749,0
15401,0
3248,0
16610,0
33562,0
34978,0
2896,0
24999,0
3505,0
28671,1
16321,1
4025,1
28659,0
39068,0
23779,0
19596,0
24765,0
40252,0
36691,0
32477,0
46850,1
47658,0
43157,0
47768,0
5072,0
5080,0
17171,0
41108,0
7793,0
3725,0
8482,0
19807,0
6731,0
17832,1
20752,0
19965,0
8942,0
22934,0
34734,0
37200,0
27,0
46763,0
43249,0
29615,0
8946,0
18746,0
31980,0
13792,0
18059,0
756,0
26714,0
45905,0
8739,0
48359,0
230,0
13543,0
18681,1
23549,0
44271,0
6003,1
35376,0
4607,0
2532,1
36137,0
33668,0
31917,0
34560,0
36185,0
42667,0
11742,0
44919,0
35911,0
36100,0
2674,0
25803,0
32464,0
14636,0
34319,0
31280,0
8223,0
1728,0
27744,0
8497,0
8456,0
27515,0
36368,0
45095,0
33901,0
4180,0
26654,0
14830,0
391,0
12985,0
41747,0
2175,0
25550,1
44992,1
39807,0
3527,1
27808,0
24056,0
13976,0
4347,0
14290,0
6020,0
37991,0
12478,0
48112,0
19609,0
17905,0
8008,0
29270,0
44221,0
32289,0
45295,0
1648,0
24704,0
15565,0
12876,0
40663,1
3823,0
39795,0
26193,1
38142,0
12259,0
4195,1
5445,0
23191,0
8393,0
47537,1
1278,0
13170,0
31133,0
15123,0
20715,0
18398,1
40774,0
16696,0
46628,0
35599,1
32032,0
24840,0
4488,0
44836,0
21816,0
31963,0
27533,0
42868,1
22383,0
29966,1
37155,0
22265,0
39719,0
42588,0
29228,0
3910,0
42937,0
38631,0
17287,0
46530,0
23935,0
22834,0
32031,0
49823,0
43462,0
33477,0
23298,0
41222,0
36042,0
12347,0
6192,0
21264,0
49848,1
39267,0
4844,0
48451,0
9632,0
148,0
9760,0
1703,0
21294,0
41951,0
15626,0
23708,0
14236,0
299,1
6276,0
47508,0
423,0
33544,0
40765,1
19466,0
37022,0
47551,0
2301,0
46438,0
47065,0
36351,1
48122,0
30437,0
5480,0
26999,0
6414,0
44096,1
48382,0
46504,0
3433,0
45656,0
24063,1
38882,0
15821,0
37608,1
21587,1
10903,0
5333,1
42807,0
28512,1
228,0
7052,0
25635,0
14139,0
29738,0
18116,0
4727,0
4064,0
42508,1
29552,0
1957,0
29817,0
12625,0
8384,0
32854,0
34994,1
40976,0
29374,1
29396,0
39911,0
26813,0
5466,0
2739,0
36642,0
887,0
5901,0
30048,0
49470,0
43279,1
48619,0
24759,0
39447,0
6180,0
29846,0
46188,1
5864,1
39928,0
7750,0
30486,0
14956,0
21986,0
46539,0
30898,0
21158,0
35760,0
16434,0
46385,0
27271,0
9448,0
15334,0
41304,0
44514,0
24299,0
30512,0
9001,0
13373,0
23069,0
28073,0
17455,0
834,0
9032,0
20682,0
27081,0
23218,0
24099,0
12645,0
44713,0
1464,0
2148,0
18780,0
23736,0
46110,0
17788,0
15728,0
5894,0
32064,0
3863,0
46351,0
36356,0
27518,0
20205,0
29092,1
14039,0
8518,0
21925,0
4510,0
1131,0
41604,0
7726,0
2103,0
14587,0
31183,0
33974,0
32909,0
18159,0
180,1
45064,0
9380,0
47975,0
29009,0
31471,0
13019,0
23642,1
20387,0
14304,1
34395,0
4248,0
36523,0
29161,0
8631,0
39436,0
19641,1
13244,0
4498,0
11213,0
176,0
9994,0
12073,0
37052,0
6430,0
2820,0
8549,0
36372,0
19548,0
47341,0
33705,0
43726,0
78,0
47033,0
40058,1
23861,0
26718,0
44598,0
18629,0
1181,0
14531,0
42961,1
18970,1
10163,0
32911,0
33944,0
18606,0
42467,0
32722,0
35506,1
27932,0
9213,0
15752,0
5489,0
17919,0
4250,0
26056,1
20014,0
46514,0
31320,0
9856,0
40089,0
34058,1
32801,0
26920,0
25405,0
12049,0
49004,0
32724,1
44706,0
30623,1
38162,0
2192,0
45668,0
47224,0
48853,0
27217,0
14081,0
718,1
20377,0
37525,1
36886,0
48595,0
27770,0
48389,1
39328,0
10396,0
24565,0
30637,1
27924,0
1647,0
20899,0
15628,0
38102,0
14737,0
8523,0
36206,0
20463,0
8485,0
16894,0
23664,0
6273,0
40885,1
1082,0
40087,0
41157,0
8712,0
4678,0
14207,0
41723,0
9466,0
39010,1
49782,1
33175,0
36278,0
84,0
2255,0
33282,0
46126,0
7472,0
48135,0
47812,1
48658,1
42612,0
24869,0
43963,1
49276,0
18946,0
6626,0
49687,0
6169,0
23222,0
36052,0
43630,0
8326,0
1387,0
34536,0
2889,0
36221,0
22759,0
31661,0
17916,0
24452,0
44005,1
19467,0
14397,0
22187,0
32779,0
23042,0
1793,0
25832,0
37931,0
11761,0
47617,0
46410,0
27246,0
2866,0
21089,0
10933,0
39879,0
48950,0
33641,0
14279,0
22521,0
29675,1
26151,0
23366,0
14814,0
16204,0
41920,0
22685,1
21576,0
19510,0
32180,0
8527,0
48458,0
37492,1
7916,0
30683,0
23637,0
45796,0
35792,1
34187,0
48255,0
5442,0
2210,1
29444,0
48628,0
49726,0
22982,1
45902,0
21507,0
9439,1
20204,0
2749,0
22374,0
17238,0
29053,0
45743,0
19008,0
12731,0
40520,0
39029,1
27432,0
3402,0
30551,0
44182,0
12476,0
1910,0
44292,0
33807,0
32903,0
37198,0
28289,1
11128,1
38606,0
28109,0
39800,1
20472,0
10739,0
9838,0
25504,0
40255,0
36058,0
17143,0
25889,0
23146,0
17762,1
42429,0
36099,0
45559,0
35909,0
4484,0
45868,0
45104,0
6338,0
40271,0
19573,0
3102,0
5450,0
41034,0
28262,0
38808,1
6988,0
9145,0
29280,0
31136,0
7709,0
22676,0
14433,0
47562,0
38247,0
38267,0
8388,0
48013,0
3117,0
46715,0
32721,1
43509,0
12128,0
2558,0
22852,1
11025,0
19670,0
24386,1
2922,1
4477,1
48108,0
20008,0
7579,0
38208,0
28999,1
10721,1
24294,0
30447,0
10779,0
32890,0
45462,1
6981,0
31813,0
17319,0
12266,0
6463,0
5191,0
4513,1
24839,0
14715,0
27891,0
14006,0
27054,0
18235,0
1262,0
21433,0
23731,0
46998,1
13348,0
18137,0
22311,1
17899,0
13827,0
38588,0
5470,0
5714,0
10419,0
17354,0
20334,0
33023,0
15761,0
23761,0
6153,0
13773,0
32215,0
39766,0
1783,1
17542,0
6403,0
12616,1
15112,0
29124,0
19943,0
46497,0
46302,0
15107,0
40908,0
18014,0
49716,1
14562,0
37974,0
43447,0
6702,0
1459,0
25187,0
29068,0
24377,0
20025,0
2451,1
13679,0
49212,0
22080,0
49649,0
47853,0
23926,0
44997,1
2573,0
9879,0
30425,1
4655,0
25740,1
18285,1
241,0
1991,0
1193,0
14375,0
31119,0
3986,0
15088,0
11218,0
49144,0
8215,0
39317,0
38201,0
6734,0
3090,0
8242,0
3719,0
45444,0
27409,0
32230,0
47367,0
30256,0
19154,0
39302,1
47362,0
29302,0
10760,0
22913,0
19086,0
33923,0
2182,0
48641,1
17322,1
35175,0
46524,0
15466,0
2180,0
1383,0
43171,0
5437,0
44150,0
4008,0
32219,0
47380,0
49927,0
46391,0
17852,0
17426,1
23662,0
35079,1
23409,1
46660,0
45416,1
40658,0
30027,0
24352,0
20933,0
36511,0
8044,0
48452,0
16494,0
14720,0
14557,0
26792,1
20848,0
37265,1
19693,0
32635,0
21303,0
1790,1
47382,0
118,0
909,0
37461,0
38667,0
47674,0
16038,0
13690,0
42162,0
16190,0
31049,0
9616,0
29551,1
13564,0
25948,0
2128,0
24483,0
6682,0
34700,0
9446,0
27890,0
12754,0
23945,0
6491,0
11401,1
33839,1
33624,0
17168,0
31008,1
45557,0
2017,0
8777,0
38981,0
11999,0
2022,1
10305,0
1408,0
6279,0
18852,0
37183,0
16387,1
35280,0
23547,0
12436,0
26383,0
32093,0
5709,0
36653,0
37179,0
1444,0
22166,0
5593,0
29294,0
34035,0
25126,0
36181,0
20827,0
34024,0
23300,0
34478,0
12587,0
31196,0
32723,0
46229,0
48437,0
20177,0
26172,0
45317,0
16834,0
21990,0
42217,0
39460,0
19503,0
21755,0
27016,0
19041,0
11100,0
36453,0
8884,1
23455,0
44656,0
45160,0
1372,0
8465,0
30917,0
38394,0
38383,0
26313,0
27115,0
36338,0
6856,0
40682,1
16989,0
33366,1
26493,0
11299,0
33057,0
40126,0
7820,0
42227,1
41481,1
42646,1
49187,0
44525,1
27920,1
11820,0
3456,0
36861,1
11183,1
10758,0
29205,0
37164,0
40469,0
41178,0
47767,0
48932,0
18598,0
22550,0
23936,0
41189,0
46408,0
19701,0
31686,0
14921,0
30662,1
9229,0
25780,0
29330,0
43653,1
31861,0
6686,0
5873,0
19163,0
35397,0
8414,0
5073,0
31277,0
12608,0
43082,1
12624,0
34588,0
41453,1
4411,1
39579,0
16504,0
14425,0
31085,0
20303,0
8820,0
17725,0
24693,0
11519,0
9346,1
43232,0
9725,0
35330,0
42912,1
38418,0
937,0
25602,1
4553,0
43776,0
8664,0
40052,1
16854,0
27266,0
36202,0
44504,0
41588,0
49290,0
434,0
29606,0
41870,0
27368,0
20631,0
7763,0
23590,0
26292,0
5839,1
47516,0
38110,0
39994,0
3896,0
16326,0
10499,0
4606,0
45927,0
20296,0
44874,0
9605,0
43743,0
10375,0
10360,0
47821,1
44803,0
39035,0
21863,0
44690,0
33134,1
27482,0
17870,0
39058,0
5556,0
24843,0
26285,0
517,0
26898,0
13166,0
3154,0
47296,0
47968,0
38874,0
13781,0
18456,0
39376,0
45278,0
46117,0
45003,0
30685,0
13650,0
13789,0
12714,0
49204,0
481,0
4881,0
34080,1
18877,0
45945,1
17530,1
30454,0
9384,0
22768,1
17095,0
24332,0
16512,1
47316,1
30466,0
3305,0
44247,1
47958,0
15912,0
3312,0
48817,0
5644,0
45896,0
35801,0
4778,0
31780,0
44307,0
1248,1
11876,0
49161,0
28143,0
20371,0
367,1
35517,0
37384,0
36828,0
22646,1
48975,0
32026,0
41952,0
49853,1
6918,0
31362,0
21933,0
6337,0
20527,0
31754,0
11529,0
36810,1
26094,0
6978,0
49345,0
38402,0
16741,0
33832,1
11729,0
6359,0
19797,0
48695,0
11624,0
38992,0
23477,0
31108,1
12753,0
21351,0
29506,0
25244,0
9697,1
8262,0
11687,0
6950,0
19285,0
28777,0
2578,0
38361,0
36692,0
47159,1
10179,0
45251,0
44789,0
42363,0
30825,0
15882,0
8909,0
36157,0
35515,0
5186,0
37707,0
26498,0
39150,0
22332,0
45394,0
25538,0
18804,0
5014,0
3241,0
43018,0
36667,0
26123,0
41321,0
26844,0
29934,0
37892,0
31674,0
43851,0
36527,0
45644,1
40857,0
11526,0
31954,0
46801,0
46931,0
35260,0
18480,0
26572,0
11539,0
5704,0
37647,0
23118,0
48030,0
4604,0
19454,0
4223,1
22581,0
2490,0
29378,0
22718,1
39976,0
13953,0
45659,0
19328,0
12190,0
22125,0
15021,0
46729,1
27678,0
29139,0
35086,0
5856,0
1872,1
7968,0
30999,0
34306,1
37864,1
38328,0
12956,0
44046,0
28032,1
17155,0
34961,0
41209,0
27830,0
35525,0
40479,1
40286,0
34996,1
32904,0
32631,0
28178,0
16719,0
42512,0
9970,0
43915,0
43104,0
22379,0
18593,0
45470,1
11602,0
14272,0
10102,0
28205,0
773,0
15150,0
16753,0
34754,1
39384,0
25796,0
27006,0
27394,0
32648,0
13358,0
44204,0
26010,0
26737,0
10845,0
22236,1
23529,0
39672,0
9109,0
40744,0
15421,1
32501,1
9569,1
47701,0
44788,0
34470,1
6178,0
40379,0
41142,0
48696,0
39130,0
15092,0
33506,0
19583,0
26544,0
19145,1
30713,1
514,0
37228,0
10892,0
1553,0
32638,1
42618,0
28739,0
15057,0
5919,0
32743,0
43965,0
5426,0
47300,1
45975,0
4787,0
8071,0
37920,0
31174,0
9242,0
33070,0
45812,0
10660,1
18532,0
49343,0
27265,0
236,0
39674,0
15175,0
37903,0
4913,0
16491,0
21203,0
1925,0
18776,0
40382,1
41558,1
3743,0
45533,0
26464,0
11946,0
18057,0
29238,0
17333,0
40830,0
48047,0
11350,0
2196,0
5293,0
21435,0
16649,1
39930,1
3176,0
41493,0
37379,0
15013,0
16443,1
5613,0
49318,0
29657,0
1267,1
38257,0
33955,0
37390,0
1357,0
26677,0
17147,0
42802,0
5081,0
39136,0
11828,0
37720,0
28622,1
19604,0
1735,0
16692,0
23150,0
27023,1
5829,0
7546,0
28006,0
21885,0
11538,0
25219,0
6565,0
29171,0
34165,0
16139,1
41112,0
48495,0
19464,0
14113,0
46487,0
10378,0
34101,0
41342,0
42346,0
24279,0
17712,0
41063,0
23579,0
14333,0
1799,0
39496,0
21023,0
29027,1
27598,0
45366,0
35611,0
33048,0
49939,0
39193,1
2090,0
1115,0
22033,0
25966,1
27097,0
30320,0
447,0
22051,0
21840,0
47646,0
12760,0
7293,0
32089,0
21786,0
20686,0
27730,0
6946,0
8312,1
4348,1
11346,0
41560,0
25632,0
16079,1
9288,0
32047,0
36775,1
42150,0
13222,0
4703,0
27280,0
14102,0
1494,1
31055,0
40873,0
3668,0
40835,0
48257,0
19545,0
32109,1
6648,0
21268,1
13349,0
30464,0
48523,0
48310,1
23904,0
15080,0
39919,0
5857,0
26884,0
10702,1
28514,0
48444,0
48978,0
41417,0
2903,0
14294,0
23644,0
26377,0
38825,0
22663,0
25826,0
596,1
40264,0
48771,0
16411,1
39866,0
14609,0
27787,0
7653,0
13586,0
41483,0
31062,0
27196,0
29913,0
9055,0
2935,0
17500,0
24153,0
30054,0
5752,0
12389,0
37837,1
18268,0
49826,1
42731,0
42132,0
28950,0
40346,0
47214,0
35198,0
17623,1
5181,0
1510,1
21904,0
41829,0
31603,0
17622,1
17308,0
34703,0
35852,1
23732,1
19846,0
29071,0
28272,1
41377,0
15358,1
41972,0
44492,0
38902,0
3319,0
46363,0
42786,0
45689,1
21845,0
22285,0
35226,1
37237,0
34321,0
46678,0
4592,0
4035,0
41320,0
37940,0
27201,0
619,0
6638,0
40162,0
48618,0
44719,1
46582,1
41563,0
9824,0
43269,0
6247,0
32880,0
19210,0
30264,0
8161,0
31135,0
12328,0
43166,0
5318,0
16872,0
45819,0
122,1
18965,0
35612,0
276,1
22611,0
19563,1
20982,0
23666,0
18128,0
17422,0
40325,0
12447,0
39977,0
26873,0
21890,1
7094,0
24711,1
7114,0
23635,0
48613,0
16465,0
19617,0
16942,0
48316,0
1622,0
28180,0
1296,0
2,0
40212,1
33051,0
3631,0
46362,0
12203,1
25009,0
3066,1
4961,0
31997,0
2669,1
17366,0
466,0
13817,0
7179,0
14365,1
24915,0
41784,0
17074,0
43412,1
1667,0
29446,0
22643,0
8218,0
38033,0
33068,0
445,1
13347,0
10717,0
10337,0
12146,0
34144,0
31796,0
40506,0
17990,0
10980,0
23910,0
31317,0
42473,1
27607,0
21384,1
34925,0
20925,0
41003,0
2817,0
12716,0
31826,0
36069,0
39300,1
32951,0
7156,0
37258,0
37579,0
28572,0
17365,1
49386,0
45355,1
30202,0
46094,0
10550,0
45436,0
748,0
25824,0
21858,0
11286,0
39228,0
42044,0
13528,0
25707,0
19699,0
47493,1
41397,1
21353,0
35296,0
33965,1
19077,0
46190,0
2214,0
31099,0
24360,0
45304,0
13229,0
22210,0
6220,0
11931,0
6750,0
7541,0
2172,0
45570,0
353,0
35321,0
49632,1
4986,0
21548,0
32554,0
41743,0
24354,1
42985,1
18090,0
43818,0
31067,0
280,1
13791,0
29626,0
27682,0
8268,0
9277,0
14613,0
19705,0
36244,1
34834,1
5902,0
32827,0
9390,0
49417,0
30431,0
940,0
43332,1
17337,0
16405,0
36817,0
26342,1
38400,0
41654,0
31652,0
7031,0
22155,0
6270,0
16913,1
27044,0
8837,0
10584,0
40387,1
2853,0
40612,0
32227,0
20717,0
10992,1
15946,0
36012,0
25829,0
4833,0
28973,0
23748,0
30252,0
37587,0
19203,0
16548,0
42524,0
19266,0
20521,0
37219,0
12870,0
7552,0
13820,0
26831,1
27977,0
12462,0
7994,0
19720,0
36672,0
22869,0
38374,0
15578,0
10647,0
25038,0
21992,0
1191,0
31360,0
12294,0
17391,0
49525,0
1259,0
26233,0
30283,0
41443,0
8524,0
10734,0
5011,0
14274,0
26405,0
36214,0
25629,1
19860,0
869,0
33800,0
44345,0
31451,0
34522,0
47691,0
46890,1
45784,1
31328,0
49196,0
26315,1
6360,0
42906,0
1389,0
41371,0
5088,0
13516,0
301,0
19658,0
30774,1
5124,0
7033,0
38244,0
9805,0
33762,1
34007,0
23933,0
45737,1
37254,0
21091,0
31970,0
337,1
5342,0
12854,0
10409,0
26271,0
46000,0
27402,0
28208,0
13744,0
5922,0
33299,0
8292,0
35942,0
2836,0
47499,0
16209,0
32734,0
45864,0
27691,0
45015,0
35061,0
24107,0
45269,0
37715,0
14534,0
40015,1
30970,0
44891,0
38810,0
15253,0
49570,1
15014,0
1603,1
30403,0
2855,0
30539,0
11021,0
30954,1
33131,1
35875,0
46760,0
12242,0
22655,0
28959,1
29325,0
34254,0
4182,0
2390,0
41862,0
10410,0
40828,0
30948,0
21972,0
46842,0
27537,1
13218,0
746,1
18879,0
25401,0
47591,0
6482,0
31190,1
31015,1
292,1
6205,0
28537,0
48777,1
19167,0
1098,0
40133,0
20047,0
31683,0
8004,0
41216,0
23273,0
4268,0
43974,1
26960,0
40462,1
28986,0
1321,1
7200,0
36697,0
22260,0
34631,0
15553,1
32421,1
22746,0
29235,1
7556,0
14450,0
43093,1
24309,0
16428,0
42541,0
620,0
44618,0
20984,0
26021,0
22911,0
6888,0
47234,1
30212,1
36023,0
49657,0
14483,0
6855,0
20531,0
40630,0
23979,1
25514,0
7898,0
27712,0
11634,1
41628,1
21037,0
14599,0
17063,0
29358,0
3180,0
8659,0
22809,0
49006,0
17858,1
11052,0
36493,0
5897,0
6607,0
11885,0
14172,0
23474,0
45936,0
26973,0
17416,0
10025,0
12459,0
39284,0
5809,0
4403,0
22081,0
35881,0
33307,0
43169,1
8441,0
11489,0
6252,0
1482,0
455,0
14757,0
8194,0
7713,0
16046,0
43370,0
48415,0
16619,0
25299,0
20028,0
25262,1
23247,0
10687,0
10184,0
35516,0
28166,0
16815,0
25463,0
16019,0
43548,0
37104,1
7083,0
16083,0
4407,0
38752,0
36953,0
26084,0
38360,0
15826,0
14394,0
37392,0
49425,1
22509,0
13857,0
26449,0
8104,0
31361,0
34566,0
17711,0
8849,0
9626,0
49327,0
5176,0
8442,0
44276,0
42924,1
35735,1
36002,0
23164,0
1901,0
4030,0
40935,0
44130,0
12614,0
1275,0
27512,0
12680,0
46399,1
21704,1
1537,0
32837,0
19501,0
14059,1
44847,1
29684,0
43778,0
21228,1
4254,0
3777,0
22896,0
23216,0
15971,0
37617,0
41569,1
767,0
37021,0
5298,0
29999,0
2111,0
11830,0
49624,0
19429,0
43385,0
37595,0
40915,0
15656,0
3366,0
28106,0
47728,0
44177,0
19788,0
5438,0
200,0
35929,0
46672,0
3169,1
1795,0
26988,0
14748,0
44801,0
28382,0
17741,1
18120,0
34206,0
6521,0
6050,1
48885,0
2650,1
20677,0
41107,0
36413,1
38915,0
18592,0
24188,0
181,0
3032,0
31605,0
9602,0
46148,0
29511,1
29239,0
8686,0
16417,1
4827,0
5754,0
31059,0
1414,0
27055,0
27414,0
46956,0
34563,0
543,0
28985,0
18350,0
40289,1
10192,0
60,0
43288,0
14649,0
7523,1
9998,0
42650,0
4101,0
20624,0
10703,0
23297,0
23794,0
10172,0
32224,1
26054,1
618,0
18646,0
41565,0
23299,0
49360,1
26924,0
44984,0
46846,1
32849,0
31206,0
17726,0
45402,0
37941,0
45923,0
26454,1
46605,0
24387,0
7054,0
30233,0
40946,0
34823,0
22261,0
45301,1
12829,1
37329,0
12150,1
315,0
30476,0
40429,0
24329,0
31610,0
16595,0
49018,0
1007,0
37886,0
35560,0
45022,0
41736,0
15956,0
15050,0
36655,0
2395,0
25626,1
47168,0
25231,0
38056,1
27751,1
7952,0
25412,0
28647,0
6622,0
37799,0
46751,0
41616,1
32816,0
21646,0
16065,0
28128,0
21456,0
19945,0
11582,0
23670,0
32391,0
3400,0
41576,1
34248,0
36553,0
29247,0
20399,0
2399,0
22393,0
16278,0
40693,1
1531,0
33869,0
43900,0
5511,0
24000,0
15897,0
1753,0
49169,0
16580,0
28934,0
40865,1
36927,0
16207,0
44760,0
12676,0
4519,0
29602,1
19531,0
9129,0
11590,0
6174,0
20924,0
29376,0
38924,1
19436,0
15734,0
25483,0
3368,0
36397,0
20671,0
30841,0
11101,1
49409,1
24304,0
9719,0
18661,0
47955,0
23993,0
9283,0
10185,0
5849,0
25068,0
8726,0
40526,0
35070,1
24567,0
41944,0
28822,0
1349,1
1752,1
18055,0
29159,0
42181,0
34434,0
40562,0
31191,1
49051,0
31486,0
20556,0
13068,0
16795,0
38083,0
36029,0
36178,0
32082,0
19081,0
3768,0
9585,0
38016,1
39980,0
33717,1
12313,0
27484,0
19190,0
2256,1
475,0
11669,0
15382,1
1779,0
14410,0
38581,0
4671,0
15823,0
2538,1
20604,0
49467,1
47855,0
14837,0
31115,0
11120,0
23293,0
18823,0
40407,0
1588,0
22888,0
35632,0
18344,0
967,0
26035,1
44241,0
47793,1
45200,0
9050,0
24054,0
22694,1
3864,0
43941,0
35081,1
47876,0
2587,0
2772,0
43367,0
1327,0
32251,1
36305,0
115,0
46840,0
18884,0
15420,0
27022,0
26969,0
671,0
22770,0
31883,0
29835,0
32388,0
28420,1
49296,0
4803,0
48346,0
4079,0
19760,0
4469,0
20512,0
18842,0
36928,0
32329,0
48301,0
11324,0
25404,0
8059,0
17022,0
21860,1
26113,0
13380,0
24857,1
48110,0
48582,0
11921,0
1993,0
13910,0
25155,0
213,0
46831,0
26136,0
33056,0
44715,0
36011,0
21514,0
28051,1
36675,0
43569,1
31624,0
8532,0
17642,0
34032,0
48092,0
42339,0
2350,0
24328,0
3794,1
49370,0
23986,1
5585,0
2797,0
26251,1
2118,0
21302,0
45760,0
23813,0
25785,0
7504,0
12638,1
29566,0
28972,1
41076,0
9938,0
9095,0
17565,0
40274,0
27768,0
44842,0
1146,1
6738,0
46025,0
42801,0
26900,0
9359,0
48187,0
24282,0
8158,0
29029,1
15435,0
35106,0
42989,0
10422,0
24893,0
37010,1
5128,0
37072,0
11043,0
15267,1
22103,0
16501,0
5001,0
8886,0
47629,1
42960,0
44131,0
17931,0
32149,0
47400,0
4804,0
36051,0
22771,1
8762,0
6165,0
19175,0
29089,0
6223,0
31245,0
39176,1
16977,0
29119,0
12896,0
34582,0
37554,0
1550,0
16552,0
22762,0
10840,1
40505,0
18227,0
18530,0
41022,0
30985,0
8364,0
41419,1
49627,0
7897,0
5600,0
8309,0
21481,1
47685,0
45209,0
46481,1
9486,0
559,0
27294,1
19156,0
7014,1
47775,0
38448,1
8558,0
46706,0
1538,0
33038,0
1260,0
34732,0
11614,0
48500,0
731,0
38295,0
39728,0
23095,1
9645,0
42061,0
41520,1
19214,0
13443,0
15853,0
39605,0
28253,1
24784,0
22696,0
7416,0
3501,0
13750,0
4141,0
32992,0
21520,0
41510,0
4934,0
49700,0
47342,1
26567,0
36514,0
18451,0
37416,0
49736,0
48837,1
14458,0
19078,0
38287,0
39301,1
36619,1
42199,0
9968,0
10833,0
12001,0
29087,0
10033,0
18333,0
49949,1
48284,0
40430,0
29420,0
46147,0
38105,0
18726,0
17786,0
11649,0
35008,1
46206,0
24555,0
7067,0
8331,0
38365,0
24828,0
47436,0
48895,0
12592,0
14416,0
43091,0
21843,0
25034,0
9862,0
46135,0
1183,0
43355,0
46133,0
15510,0
4628,0
47092,1
7619,1
35287,0
23014,0
48621,0
14774,0
26990,0
13005,1
39698,0
45691,1
19554,0
18096,0
12564,1
28087,0
11810,0
10974,0
18318,0
24383,1
10011,0
33258,0
29650,1
32845,0
9761,0
18976,0
6162,0
16944,0
38587,0
5251,0
7542,0
27188,1
26208,0
17298,0
22828,0
13467,0
27027,1
47453,0
9487,0
10818,0
46861,0
17089,0
29547,0
4372,0
32413,0
18074,0
46498,0
14260,0
2807,0
17860,0
42515,0
23917,0
14110,0
48983,0
35390,0
47534,1
19956,0
39078,0
46542,0
39781,0
3604,0
46080,0
31744,0
43475,0
21022,0
8573,0
17221,0
29443,0
8992,0
12281,0
2665,0
29408,0
21688,0
2662,0
23555,0
15240,1
20929,0
1542,0
33920,0
15439,0
18394,0
37986,0
29347,0
28655,0
35496,0
10626,0
6308,0
18449,0
28415,1
12947,0
45092,0
42751,1
38480,0
35449,1
2001,0
28173,0
5855,0
47209,0
7116,0
16793,0
3721,0
48046,0
23229,1
49814,1
8370,0
15254,1
17300,0
9196,0
1388,0
40628,1
4751,0
7578,0
7865,0
23570,0
3724,0
48304,1
16698,0
40855,0
5843,0
47414,0
6239,0
48884,0
9668,0
19988,0
8187,0
12290,0
31741,0
43076,1
8875,0
17412,1
3411,0
37369,0
40607,0
12162,0
49055,0
979,0
5951,0
17090,0
40056,0
33989,0
7885,0
15398,1
21838,0
9258,0
40932,0
48836,0
5408,0
45474,0
47345,1
1427,0
21230,0
30068,0
18298,0
36863,0
313,1
30273,0
36446,1
49585,0
9281,0
31556,1
26796,0
18788,0
26648,0
48140,0
27664,0
40732,1
28375,1
46502,0
14195,0
25640,1
4818,0
27120,0
27813,0
741,1
13602,0
31942,0
11738,0
44700,0
4344,0
6307,0
13113,0
35351,1
16717,0
16173,0
25606,1
841,0
22004,0
12169,0
31737,0
5595,0
15434,0
19742,0
46047,0
18160,0
12711,0
11177,0
18063,0
39168,1
29134,0
24428,0
24601,0
46461,0
3267,0
47305,0
15899,0
47088,1
165,0
27164,1
35553,1
29102,0
49040,0
46105,1
46782,0
27880,0
1507,0
28667,1
26629,0
26646,0
42567,1
8941,0
7698,0
47553,0
31244,0
45635,0
39910,1
47357,0
10349,0
19575,0
22857,0
26794,0
22032,0
28227,0
46813,0
29795,0
13370,0
28560,1
26756,0
42482,1
13583,1
25056,0
32905,0
15227,0
37971,0
24222,1
1714,0
36360,0
18567,1
42941,0
23182,0
46233,0
38762,0
46042,0
26589,0
45511,0
11297,0
16129,0
34396,0
19168,1
35789,0
8662,0
15431,0
8966,0
40827,0
19278,0
23576,1
10483,0
24906,0
29206,0
23325,0
5461,0
43456,0
43829,1
23514,0
23911,0
17636,0
14700,0
5358,1
22480,0
26655,0
45040,0
19799,0
9872,0
10044,0
4140,1
39220,0
40638,0
48826,0
20132,0
32784,0
1382,0
38409,0
40447,1
30420,0
35204,0
1619,0
14999,0
33072,1
42275,1
29927,0
7411,0
47026,0
32298,0
46991,0
39694,0
9627,0
4010,0
9713,0
11894,0
17119,0
26995,0
12358,0
28729,0
47519,1
26426,0
43888,1
2969,0
21808,0
16249,0
47782,0
32069,0
23756,0
18678,0
20602,0
16009,0
23677,0
28336,1
21464,0
45344,0
22629,0
29195,0
371,0
3280,0
34828,0
35725,1
2735,0
5666,0
34255,0
40730,1
5135,0
42843,0
15312,0
726,0
31968,0
38771,0
22323,0
37260,0
2037,1
38067,0
30224,0
17871,0
26726,0
37239,1
7661,0
44774,0
28666,0
4113,0
32286,0
22090,0
13875,0
6163,0
8029,0
19529,0
713,0
17575,0
40962,0
37096,0
2524,0
29883,0
30820,1
42295,1
11745,0
8632,1
48438,1
34848,0
22669,1
27463,1
22412,0
9019,0
37007,0
12660,0
39763,0
22978,1
46963,1
24994,0
43241,0
5971,0
35769,1
39936,0
47408,0
32559,0
12522,0
441,0
20218,0
15777,0
34829,0
41150,0
38386,0
1147,0
24535,0
13963,0
21100,0
33187,0
48253,0
39801,1
11134,0
22249,0
10593,0
47512,0
14622,0
49759,0
6596,0
17543,0
30267,0
39963,0
36579,0
31047,0
27689,0
39841,0
3044,0
14518,0
27970,1
34051,0
17973,0
48670,0
12641,1
5428,0
19516,1
37107,0
37404,0
33485,0
18742,0
40916,0
40959,0
27375,0
20663,0
15987,0
47657,0
6481,0
47291,0
3586,0
19869,0
31484,0
44434,0
7360,0
22359,0
13065,0
14840,0
48977,0
1974,0
37465,0
48127,1
2223,0
6207,0
39912,0
2245,0
377,1
49658,0
24878,0
47592,0
26437,1
13754,0
40364,0
8118,0
18554,0
1638,0
31579,0
45505,0
41212,0
6404,0
36483,0
20464,0
19818,0
25841,0
10819,0
42537,0
40681,0
1102,0
23819,0
2212,0
46371,0
48269,0
6458,0
17053,0
34870,0
13448,0
38382,0
23006,0
2893,0
36205,1
10868,0
37497,0
22083,0
24899,0
32824,0
32556,0
29349,1
27884,0
39758,0
3269,0
20548,0
10493,0
11002,0
45059,0
15739,1
19607,0
28713,0
38712,0
48109,1
11819,0
37257,0
3818,0
37891,0
21736,0
47906,0
23076,0
23384,0
10288,0
25800,0
27925,0
49128,0
22944,0
27513,1
45972,0
25487,0
20432,0
47879,1
27481,0
37610,0
35158,0
36900,1
13239,0
41181,0
10745,0
10174,0
28295,0
5406,0
12672,0
2920,0
46246,0
27554,0
39739,0
15313,1
6632,0
18937,0
42272,1
36580,0
46484,0
27783,1
12872,0
1685,1
19865,0
9149,0
8601,0
34063,1
30435,1
17658,0
3531,0
7287,0
6155,1
25734,0
9954,0
19823,0
1831,0
322,1
32296,0
49968,1
15652,1
12613,0
29426,0
32117,0
8998,0
11657,0
12541,1
5828,0
3619,0
44757,0
12664,0
22382,0
16721,0
26051,0
39067,1
1332,0
8351,0
16464,0
39441,0
40625,0
1241,0
45524,0
9403,0
43605,0
10970,0
20864,1
634,0
25639,1
45799,0
30139,0
38898,0
12717,0
47720,0
18872,0
6549,0
13814,0
25481,0
24669,0
25344,0
19737,0
45879,1
29625,0
15264,0
21828,0
29567,0
20542,0
38887,0
37437,0
9304,0
5224,0
11892,0
24817,0
29591,0
27028,1
42169,0
11677,0
10059,1
18849,0
19989,0
8106,0
40194,1
19439,0
26014,0
35464,0
2634,0
35698,0
29025,0
6445,0
47192,0
45599,0
23016,1
11074,0
22123,0
23843,0
48605,0
20543,0
30122,0
27841,1
10206,0
14935,0
11643,0
3504,0
32619,1
48717,0
44178,0
34202,0
878,0
47742,0
47152,1
45707,1
30961,0
885,0
34039,1
27091,0
21711,0
14123,0
10088,0
29163,0
12249,0
1076,0
18254,0
35959,0
30737,0
35584,0
44533,0
46155,0
35403,0
9710,0
34788,0
39243,1
20789,0
34550,0
28778,0
25127,0
4757,0
5659,0
36276,0
27365,0
31762,0
48016,0
22419,0
31306,0
20834,0
6289,0
34466,1
38459,0
10917,0
7197,0
18435,0
45964,1
6871,0
12424,0
13958,0
21842,0
25296,0
16866,0
39615,0
35083,0
21888,0
12662,0
5647,0
37070,0
23313,0
25736,0
26299,0
10094,0
30878,0
8733,0
41794,0
1513,0
3869,0
8834,0
40822,1
35379,1
16706,0
12010,0
12998,0
20160,0
33237,0
36796,0
48202,0
19097,0
34156,0
47391,0
26744,0
4429,1
34089,0
25426,0
32868,0
31694,0
38437,0
38103,0
46179,0
16598,0
9323,0
34741,0
30695,0
24228,1
4610,0
3060,0
21357,0
33616,0
44794,0
39140,0
15252,1
3660,0
26360,1
48416,0
8363,0
30577,0
28334,0
8405,0
13214,0
336,0
18756,0
22225,0
44845,0
9860,0
42832,0
48527,0
44698,0
44911,0
13182,0
38919,0
39487,0
8565,0
16144,0
45515,1
6736,1
19561,0
31540,0
49760,1
35650,0
12227,0
18977,0
43311,0
12595,0
1036,0
36161,1
35493,0
30069,0
41200,0
20383,0
22066,0
39063,0
3758,0
6422,0
2713,0
17193,0
35327,1
48812,0
18668,0
25623,0
8379,0
32173,0
36224,0
7318,0
11942,0
40406,0
225,0
17986,0
33649,0
10019,0
12867,0
25102,0
7402,0
13423,0
25295,0
45867,0
34394,1
28803,0
6716,1
1656,0
43968,0
37191,1
14121,0
9630,0
5223,0
14109,0
48765,0
14210,0
36843,1
2646,1
38986,0
31407,0
30119,0
14309,0
33862,0
26089,0
40849,0
24958,0
46632,0
21325,0
6290,0
45911,0
30545,1
43458,1
20509,0
5664,0
11949,0
17299,0
24912,1
5905,0
31075,0
43980,0
48082,0
5983,0
18253,0
6547,0
31644,1
49553,1
19793,0
8720,0
35619,0
9011,0
40288,0
46407,0
36060,0
2232,0
19500,0
1188,0
31221,0
26819,0
40794,0
37730,0
29147,0
41409,0
44738,0
14033,1
15911,0
26585,0
45072,1
47568,0
25490,0
23261,0
20136,0
16498,0
45898,1
33770,0
37519,0
21214,0
43394,1
2516,0
35856,0
13909,0
49998,0
35250,1
32549,0
4762,0
31766,0
3728,0
35073,1
14915,0
17206,0
39101,0
17641,0
30654,0
18223,0
49528,0
33927,0
16306,1
30003,0
47587,0
16728,0
6306,0
23916,0
42643,0
23885,0
49136,0
5170,0
42323,0
4260,1
22942,1
22767,0
6541,0
9776,0
29177,0
40585,0
9565,0
24026,0
4888,0
37944,0
29222,0
40022,0
38641,0
13143,0
44969,0
34312,1
48070,1
5460,0
25530,0
25982,1
19622,0
19697,0
41861,0
28139,0
2033,0
17283,0
9382,0
4822,0
21614,0
33596,0
40530,0
44677,0
35617,0
39733,0
11410,0
34485,1
44798,0
32097,0
5410,0
6465,0
27466,0
17561,0
13948,0
3390,0
31891,0
42666,0
6728,0
48537,1
282,0
20914,0
5608,1
7607,0
36838,0
1834,0
1502,0
36841,1
17301,0
12954,0
45259,0
39334,0
44374,0
25360,0
26811,0
46702,0
9152,0
5784,0
15201,0
31955,1
37299,1
17757,1
26688,0
42657,1
25660,0
3263,0
4618,0
5253,0
6085,0
1737,0
35262,0
48776,0
37100,0
18738,0
10724,0
20526,0
4550,0
14944,0
3830,1
1,0
15972,0
29863,1
35546,0
37762,0
19985,0
19459,0
39975,0
16277,0
39691,0
21130,0
33961,1
16237,1
4398,0
9201,0
28553,0
8731,0
6714,0
32346,0
7934,0
2498,0
46256,0
33900,0
23565,0
5499,0
22875,0
32954,0
38136,0
18314,0
34638,0
32952,0
5325,1
33246,1
29891,0
1027,0
32056,0
23444,0
29612,1
742,1
44123,0
4050,1
28658,0
27111,0
35830,0
13268,0
40961,0
35111,0
46003,1
22315,0
6086,0
24036,0
23543,0
44944,0
47798,1
48191,0
26080,1
17271,0
3448,0
22357,0
33121,0
44411,0
42611,1
21892,0
19343,0
33037,1
8867,0
9039,0
49577,0
5119,0
4139,0
31800,0
47379,0
8345,0
23990,0
34845,1
19471,0
48865,0
35447,0
19431,1
2241,1
38629,0
1708,0
47083,0
35225,0
18316,0
39620,0
45960,0
32645,0
49390,0
26570,0
40198,0
35764,0
32070,0
38497,0
13415,0
40708,1
22403,0
19762,0
23456,0
21578,0
9091,0
13160,0
32749,1
8878,0
35301,0
49414,0
17502,1
10265,0
15359,1
49561,0
38389,0
31195,0
42221,0
9674,0
14283,0
19667,0
31788,0
23811,0
9982,0
33426,1
22449,0
24057,0
31477,0
25589,0
11211,0
48953,0
49809,1
25570,0
34086,0
19833,0
7598,0
37008,0
12147,0
14383,0
35194,0
907,1
30735,1
28209,0
24747,0
7518,0
40726,0
12371,1
43791,1
45126,0
2788,0
38320,0
1178,0
47791,1
16644,1
27955,0
21518,0
28401,0
17484,0
42712,0
24978,1
33784,0
37937,0
20492,0
16578,0
31931,0
36782,0
16130,0
46569,0
35931,1
9090,0
20627,0
2971,0
36380,1
46960,1
28137,0
13842,0
46945,1
47001,0
34263,0
3688,0
10161,0
36200,0
775,0
20569,0
42219,0
49535,0
25416,0
46471,0
32957,0
8127,0
33273,0
41462,0
42930,0
37024,0
2329,0
29561,0
1930,0
35777,0
10855,0
11756,0
15394,1
27548,0
39571,1
38015,0
29278,0
34867,0
10669,0
48997,0
34708,0
47583,0
24685,0
30524,1
34730,0
20093,0
22814,0
17246,0
35344,0
40440,0
19815,0
25741,1
24875,0
46521,0
8557,0
2816,0
29158,0
20878,0
20033,0
28675,0
9678,1
7061,0
45361,0
20726,0
24392,0
29157,0
36406,0
43737,0
30393,0
33584,0
42582,0
37356,0
10289,0
42304,0
9224,0
11005,0
33012,0
37424,0
17507,1
19486,0
33032,0
18828,0
48277,0
18317,0
8926,0
21723,0
45263,0
7140,0
7638,0
10336,0
8817,0
38421,0
35510,1
23978,0
25008,0
32150,0
12658,0
8296,0
46807,0
14756,0
12955,0
25321,0
23078,0
1009,0
8012,0
1342,0
15753,0
2999,1
3353,0
40142,1
28925,0
37895,0
28891,1
30990,1
36154,0
39249,0
8826,0
18275,0
7208,0
41508,1
2435,0
49601,0
31066,0
38610,0
28541,0
22050,0
26929,0
4228,1
18015,0
29287,0
38051,1
38447,0
36713,0
40085,0
43962,1
12997,0
5373,0
17809,0
47417,1
42896,0
40435,0
1140,0
20054,0
23976,0
28878,0
3891,0
15536,1
48780,1
38438,0
38111,0
36693,0
22539,0
21922,0
30944,0
39727,0
7743,0
34402,0
4518,1
12830,0
16353,0
3193,0
45528,0
19708,0
16691,0
22926,0
1616,0
1770,0
13809,0
5020,0
2391,0
22451,0
33100,1
47857,0
17724,1
28872,1
36485,0
38407,0
7571,1
4692,0
44759,0
32680,0
47878,1
45407,1
48608,0
21305,0
5923,0
31646,0
48426,1
25937,0
30336,0
45548,0
10997,0
26332,1
22228,0
436,1
28555,0
47156,0
6917,0
24651,0
42505,0
4362,0
11370,0
34966,0
40778,0
30640,0
28021,0
6129,0
40184,0
8423,0
8267,0
10441,0
27857,0
250,0
8356,0
8163,0
15942,0
2961,0
40023,1
30474,0
19444,0
7266,0
12861,1
3404,0
17536,0
30928,1
28321,0
10181,0
4312,0
22921,0
22060,0
23020,1
10405,0
19146,0
41208,1
16700,0
49476,0
39171,1
14691,0
2620,0
46412,0
20609,0
21898,0
5559,0
21640,0
46716,0
12929,0
25854,0
42174,1
30503,0
14865,0
43209,0
35161,0
33571,0
16781,0
20430,0
7803,0
14401,0
31975,0
21221,0
33654,0
28578,0
19483,0
17586,0
13764,0
16814,0
22761,0
44164,1
41918,0
46614,0
11009,0
47062,1
44404,0
41463,0
2046,0
16674,0
7204,0
12563,0
17653,1
31907,0
45610,0
19226,0
9691,0
24217,0
37828,0
25520,0
48858,1
39885,0
24657,0
3937,0
16213,0
27734,0
43540,1
6820,1
9177,0
9046,0
45935,0
44185,0
31672,0
48994,0
13947,0
21619,0
18886,1
16125,0
12580,0
795,0
38811,0
33657,0
7269,0
822,0
6706,0
7390,0
16327,0
21082,0
9138,0
27456,1
30866,0
4922,0
27759,1
10488,1
4773,0
14884,0
26965,0
5815,0
28130,0
9222,0
13893,0
35454,0
21499,0
11779,0
6703,0
19790,0
25092,0
37177,0
33323,1
18734,1
2936,0
40680,0
34033,0
21631,0
46054,0
2673,0
18292,0
40941,0
34227,0
33205,0
3413,0
7217,0
14637,0
22136,0
46215,0
38733,1
27331,0
23009,0
40090,0
8330,0
4977,0
48620,1
18140,0
43198,0
24433,0
30568,1
23015,1
45591,0
19539,0
11204,0
9054,0
17373,0
39073,1
35775,1
47043,0
47154,0
780,0
4354,0
41517,0
26270,0
2986,0
13719,0
32237,0
41923,0
19227,0
36718,0
36450,0
13629,0
44641,0
15432,0
7695,0
21508,0
37848,0
28252,0
33702,1
10138,0
3956,0
21040,0
48010,0
12257,0
27733,0
14536,0
4259,0
45405,0
8513,0
49770,0
24655,0
7422,0
36384,0
7180,0
2748,0
38185,0
14769,0
36631,0
44362,0
23510,0
20321,1
25553,0
8155,0
31343,0
32843,0
33203,0
43125,0
31125,0
37435,0
44920,0
41085,1
47242,0
42581,0
43080,1
18534,0
6710,0
9892,0
43407,0
11812,0
43814,0
32159,1
5385,0
19523,0
39124,0
45937,0
4028,0
1966,0
3770,0
41298,0
44210,0
40805,0
2063,0
41260,0
17508,1
9230,0
46174,0
20216,0
33025,0
17096,0
30846,0
19237,0
19550,0
17651,1
3132,0
45653,1
9839,0
6912,0
42136,0
19538,0
45532,1
40042,1
47970,0
15525,0
29671,0
16511,0
35791,0
45979,0
17081,0
4274,0
29677,1
21333,0
46453,0
3841,0
1620,0
24543,0
9773,1
37939,0
29364,0
22076,0
36986,1
10222,0
45198,0
39488,0
17082,1
2025,0
37458,0
46736,0
45030,0
27430,0
32400,0
28523,0
1429,1
11447,0
16586,0
4356,0
43654,0
49333,0
44921,0
33857,0
41470,0
36852,0
45702,0
30810,0
34854,0
31433,0
5667,0
33236,0
35481,0
37965,0
30372,1
40088,1
6974,0
48221,0
44343,0
49086,0
7429,1
24417,0
42230,1
34692,0
10891,0
47151,0
14574,0
49282,1
49218,0
35806,0
30957,1
16817,0
26211,1
45527,0
43549,0
40789,1
36195,0
33970,0
30297,0
47740,0
1959,0
44714,0
36142,0
12948,0
45765,0
11199,0
36357,0
23596,0
12514,0
22490,0
24900,0
8711,0
542,1
11264,1
34619,1
1245,0
43145,0
2476,0
41137,0
19885,0
42065,0
11194,0
3893,0
3386,0
49157,1
43946,0
44197,1
24144,0
33692,1
31862,0
186,0
2147,0
26078,0
3235,0
45356,1
11786,0
17883,0
26209,1
30142,0
48699,0
2592,0
41328,0
12737,0
10961,0
43932,0
16594,0
28197,0
47404,0
190,0
2824,0
48592,1
40864,0
29028,1
12546,0
41169,0
18671,0
1243,0
44316,0
19354,0
44277,0
19552,0
16543,0
12422,0
40247,0
47515,0
5793,0
40320,0
24798,0
7834,0
28402,0
46321,0
17632,0
41008,0
19905,0
17001,0
1021,1
32423,0
3710,0
26658,0
2751,0
46285,0
151,0
7939,0
6246,1
20656,0
47969,0
3006,0
48559,0
12215,0
506,0
49697,0
21685,0
7632,0
38546,0
42922,0
41626,0
27922,0
3037,0
11752,0
34408,0
18358,1
40634,0
26092,0
19665,0
46195,0
23120,0
48279,1
41455,0
49863,0
47860,0
16707,0
32430,1
21970,0
27982,1
41572,0
8563,0
35508,0
42891,0
26956,0
23959,0
48280,0
43461,0
44144,0
25388,0
18512,0
48827,0
32914,0
39433,0
9772,0
31782,0
7724,0
3737,0
5112,0
16792,0
46875,0
10104,0
31675,0
15029,0
36744,0
24801,1
11372,0
34040,0
4576,0
5777,1
47585,0
7478,0
44580,0
10616,0
43055,1
48770,0
18239,0
2283,1
20428,0
45685,0
44117,0
44329,0
26489,0
17654,0
9698,0
19974,0
10561,0
45256,1
9804,0
43945,0
21087,0
39422,1
41269,0
23991,0
33968,0
34329,0
10354,0
42271,0
32740,1
37003,0
28423,0
45493,1
10958,0
23339,0
28499,1
14509,0
14583,0
45231,0
39521,0
22848,0
27009,0
9072,0
37414,0
38396,1
38413,0
476,0
7921,0
21470,0
13169,0
12671,0
33418,1
31550,0
16785,1
31531,0
22130,0
38283,0
37783,0
25390,0
29894,0
45023,1
44295,1
14320,0
21046,0
1977,0
48550,0
2567,0
9195,0
44113,0
21028,0
1758,0
20088,0
45577,0
22650,0
10072,1
16804,1
7988,0
18469,0
49015,0
8443,0
18196,0
16533,0
44371,0
46485,0
15625,0
23289,0
27108,0
34280,1
12411,1
21259,0
18583,1
15907,0
1113,1
43229,0
15085,0
17036,0
23399,0
12282,0
13029,0
777,0
22193,0
11137,0
29799,0
2927,0
10565,0
17111,1
4383,1
31046,0
10149,0
2771,0
3994,1
42103,0
47943,0
8940,0
39965,0
10540,0
33198,0
42902,1
5494,0
25798,0
28998,1
25434,1
409,0
5802,0
31513,1
30338,0
39859,0
44942,0
20951,0
1629,0
4306,1
32086,0
18545,1
36941,0
16078,0
5845,0
34844,0
10270,0
41382,0
17760,0
19519,0
3364,0
2377,1
14058,0
6591,0
30248,0
18374,0
11422,1
48464,0
4217,0
11841,0
28708,0
21675,0
21701,0
34739,0
9248,1
22957,1
48786,0
19794,0
16451,0
35191,1
30106,0
29120,0
14403,0
30879,0
12223,0
45264,0
25895,0
25501,0
43680,0
33791,0
41694,0
32539,0
13730,0
27690,0
9204,0
1419,1
1813,0
8868,1
44465,0
2726,0
16813,0
49125,0
45639,1
3588,1
21929,0
9261,0
6529,0
18041,0
38894,0
25105,0
4169,1
38094,0
29744,0
4397,1
3412,0
7263,0
5031,0
19050,0
18013,0
18110,0
8048,1
38777,0
25585,0
40991,0
49331,0
11395,0
49265,0
46048,1
800,0
25872,0
45688,0
22702,0
40335,0
41014,0
9209,0
10193,0
39660,0
37823,0
6668,0
15680,0
34164,0
49548,0
26318,0
23562,0
28991,1
16874,0
18539,0
801,0
20346,0
43137,1
14778,0
19768,0
6585,0
21526,0
6195,0
49892,1
17611,0
47988,0
1019,0
43948,0
12492,0
29314,1
49942,0
9914,0
19062,0
38713,0
22820,0
41177,0
37252,0
45780,0
16357,0
19774,0
16020,1
48824,0
34009,1
3948,0
6032,0
11259,0
44681,0
21108,0
29184,0
26837,0
21516,0
41074,1
29618,0
34614,0
13923,0
40666,0
36694,0
23054,1
45617,0
13420,0
7346,0
6106,0
25476,0
25288,0
25104,0
34130,0
32476,1
2431,0
5670,0
4556,0
310,0
8709,0
19208,0
15820,0
48908,0
48358,0
9156,1
6540,0
1792,0
19012,0
40534,0
19184,0
11584,1
23343,0
48740,1
37509,1
27333,1
27957,1
16183,0
45608,0
34524,0
35676,0
1413,0
8993,0
44324,0
5508,0
5275,0
44433,0
45090,0
46091,0
24528,0
5904,0
43868,0
21782,1
15623,0
36508,0
6544,0
23163,0
40317,0
3478,0
11603,0
16122,0
34899,1
36476,0
39601,0
35088,0
23240,0
4012,0
24214,0
36217,0
29344,0
13030,1
1407,0
25070,0
4167,0
34556,1
12407,0
22782,0
36521,0
45303,0
34459,0
42794,1
34446,0
37253,0
17655,0
14056,0
22808,0
23791,0
8332,0
40369,1
32580,0
25372,0
15940,0
39087,0
24560,0
38073,0
6369,0
30664,1
48020,0
38701,0
38681,0
1559,0
16544,0
48225,0
34943,0
9064,0
4782,0
4819,0
5202,0
23643,0
32343,0
45758,1
31475,0
14553,0
5290,0
16170,0
13756,0
43853,0
7181,0
7038,0
10790,0
8298,0
682,0
37426,0
33231,0
15416,0
45448,1
31253,0
43115,1
21665,0
27608,0
16526,1
17088,0
13941,0
5268,0
10788,0
35359,1
45963,0
19238,0
36677,0
45414,0
40483,0
47523,0
1295,0
13736,0
44375,0
37565,0
22008,0
36910,1
34864,0
5407,0
4947,0
42535,1
9535,0
20434,0
36249,0
19282,0
9096,0
35362,1
16820,0
13993,0
42563,1
47694,0
19196,0
11599,0
17759,1
9444,0
36833,0
13537,0
26145,0
29670,1
37134,0
31689,0
12647,0
33406,1
2370,0
28951,0
11023,0
43114,1
26871,0
5853,0
1893,0
43825,0
29814,0
5698,0
39992,0
15239,0
26329,0
40239,1
9526,0
39213,1
24394,0
36597,0
39491,0
31600,0
7652,0
20379,0
26150,0
45586,0
39582,1
28750,0
9934,0
27729,0
4529,1
42309,0
24389,0
28865,0
49435,0
25773,0
7797,0
156,0
31742,0
39700,0
45325,0
9413,0
43809,0
42149,0
5502,0
49699,1
6878,0
982,0
23104,0
33972,0
35404,1
33177,0
42147,0
24941,0
14256,0
36112,1
35600,0
12329,0
38903,0
2783,0
8359,0
27032,1
39887,1
32924,0
40668,0
29880,0
40217,1
41446,0
24035,0
39242,0
6589,0
11474,0
15573,0
42384,1
19987,0
24886,0
5910,0
49371,0
11504,1
26201,0
11081,0
49979,0
22049,0
9684,0
6120,0
558,0
33168,0
7022,0
21093,0
11776,0
40129,0
34197,0
44540,0
27021,0
31793,0
1624,0
26424,0
31908,0
24134,0
3904,0
33002,0
46866,0
36421,0
47211,0
22794,0
11146,0
6697,0
33276,0
3894,0
13233,0
29005,0
28712,0
13157,0
2679,0
7300,0
3692,1
4878,0
22513,0
18514,0
49685,1
15991,0
12475,0
3769,0
24949,0
18900,0
23251,0
17311,0
15908,0
26196,0
48756,1
45694,0
24301,0
26002,0
20944,0
39603,0
49259,0
34155,1
5781,0
5303,0
2858,0
35279,0
27687,0
9016,0
39217,0
11777,0
25996,0
44028,0
44393,0
1226,0
5614,0
19751,0
27996,0
33907,0
33980,0
23312,0
2274,0
10914,0
32444,0
23103,0
7256,0
18825,0
32541,0
16142,0
29688,0
18871,0
48675,0
29749,1
43304,0
28642,0
46323,0
2378,1
44666,0
45823,1
42936,0
20230,0
16973,0
45053,0
6280,1
23597,0
12158,0
41246,0
25327,0
42109,0
25987,1
27615,0
4959,0
35737,1
23511,0
14497,0
7577,0
12991,0
27243,0
19724,0
17000,0
27825,0
21847,0
32720,1
30815,0
48063,1
47271,1
18431,0
39077,0
24271,0
30062,1
37912,0
22937,1
2546,0
8977,0
18906,0
43331,0
12893,1
36586,0
19411,0
11509,1
36382,0
14434,0
8386,0
21544,0
40106,1
27772,0
29003,1
31323,1
33990,0
25152,0
13321,0
9185,0
5192,0
29575,0
41114,0
34640,0
9946,0
17260,0
14719,0
41954,0
49198,1
35974,0
27241,0
11760,0
45062,0
10528,0
11217,0
5123,0
38727,0
20191,0
40314,0
47626,0
583,0
23566,0
8476,0
5729,0
19912,0
17730,0
12163,0
19915,0
36687,0
46900,1
17014,0
36239,0
26775,0
18558,0
5636,0
7090,0
38259,0
37869,0
45828,0
46590,0
43656,0
13481,0
25552,0
48758,0
1657,0
41275,0
43454,0
37054,0
36794,0
21350,0
438,0
5506,0
23274,0
26006,0
24887,0
46258,0
18517,0
21458,0
7567,1
22510,1
1903,0
38457,0
8070,0
18158,0
16012,0
18507,0
15152,0
16982,0
39850,0
38218,0
5767,0
39729,0
42007,0
7610,0
14601,0
49875,0
11431,0
42131,0
44907,0
28284,1
21718,0
42686,0
19027,1
35254,1
36829,0
49246,0
442,0
15126,0
48323,1
18237,0
41437,0
2923,0
38481,0
49713,0
7564,1
5364,0
20222,0
45441,0
27585,0
33695,1
15540,0
17276,0
34535,0
4728,0
15164,0
25329,0
10869,0
20197,0
18244,0
32805,0
17621,0
4346,0
19862,0
23024,1
48833,0
40443,0
19493,0
25160,0
11210,0
14845,0
42833,0
46592,0
30869,0
39191,0
3752,0
17048,0
515,0
42648,0
26072,0
39241,0
5281,0
10057,0
49115,0
44383,0
35421,0
35143,0
24281,0
23948,1
35479,0
41644,0
661,0
23387,0
19836,0
42016,0
23730,0
23585,0
12706,0
2528,0
49162,0
26643,0
39709,0
43230,0
24764,0
11902,0
32695,1
49484,0
34104,0
39452,0
24331,1
16148,1
31162,0
11920,0
9979,0
14868,0
25656,1
33464,1
1138,0
30853,1
18556,0
30794,1
31016,0
31464,0
19117,0
1891,0
19769,0
36947,0
16146,0
10159,0
47893,0
16876,0
6774,0
46958,0
28359,0
34015,1
47402,0
5201,1
3887,0
3800,0
44236,1
45585,0
25525,0
22783,0
43764,0
35604,1
35835,0
30919,0
28232,0
2145,0
33181,0
11533,0
968,1
20051,0
4199,0
47264,0
11000,0
44552,0
27563,0
30559,0
42849,0
157,0
41082,0
31297,0
40476,1
30859,1
17635,0
44051,1
46624,0
7161,0
27229,0
40365,0
44403,0
12320,0
20289,0
26613,0
29672,0
22043,0
6457,0
48912,0
214,0
2644,1
6980,0
42987,0
39202,1
47144,1
41983,0
17011,1
8343,0
6909,0
30720,0
42410,0
2963,0
25911,0
25477,0
23783,0
39737,0
14771,0
7833,0
29297,0
17991,0
28330,0
26088,0
41571,0
10397,0
3807,1
33653,1
8378,0
8310,0
44020,0
37489,0
1754,0
45291,0
5063,1
17605,0
1371,0
27289,0
43327,1
14322,0
10494,1
16863,0
28201,0
3089,0
34069,0
38806,1
34612,0
41185,0
42229,1
6311,0
1221,0
24265,0
30168,0
48825,0
20225,0
11986,0
24730,0
46820,0
36359,1
19252,0
24774,0
985,0
49273,0
26684,0
41701,0
27843,0
10932,0
19535,0
35087,0
35256,0
28709,0
7059,0
4245,0
34090,0
15108,0
23145,0
29627,0
48473,0
43480,0
29902,0
29138,1
23243,0
26234,1
18596,0
29920,0
965,0
34241,0
37161,0
16716,0
37455,0
9552,0
11433,1
38189,0
2832,0
18151,0
12865,0
30973,0
48270,1
9560,0
46495,0
10241,0
21038,0
32690,0
28016,0
48866,0
48629,0
19605,0
28040,1
35641,0
1406,0
1830,0
38445,0
5624,0
21322,0
21211,0
45615,0
12395,0
42014,0
5462,0
19553,0
22729,0
35151,0
46995,0
39676,0
2966,0
13704,0
36971,0
30079,0
3873,0
4178,0
17324,0
43874,1
13032,0
41656,0
16951,0
41174,0
30095,0
32380,0
8650,0
34318,0
29143,0
865,0
8478,0
9873,0
39861,1
14986,0
32492,0
11293,0
43566,0
23625,1
45731,0
26330,0
15527,1
13253,0
25493,0
21479,0
400,0
1659,1
41086,0
15086,0
5026,0
35179,1
16934,0
22160,1
5037,0
38854,0
10941,0
33636,0
43293,0
3122,1
7424,0
30889,1
34141,0
49852,0
26501,0
34480,1
25101,0
10080,0
49250,0
19336,0
24961,0
39440,0
16613,0
42872,0
42532,0
25022,0
18025,0
32340,0
326,0
24879,0
10458,0
11500,0
21277,0
30694,0
45822,0
12585,0
19567,0
17005,0
27305,0
31405,0
5185,0
20185,0
44175,0
35423,0
47020,1
43155,0
14981,0
35952,1
38462,1
46439,0
5471,0
31885,0
42347,1
17524,1
33914,0
47711,0
8561,0
163,0
12771,0
1763,0
49659,1
25024,0
34937,0
14233,0
12759,0
7786,0
11258,0
4919,0
23951,0
4527,0
41490,1
31216,0
28,0
24889,0
16000,0
27931,0
11144,0
2077,0
13854,0
46724,0
33962,0
17202,0
1721,0
49702,0
23184,0
161,0
45901,0
46911,1
24518,0
15915,0
29265,0
12797,0
24367,1
36545,0
20009,0
32119,0
48067,0
43677,0
23473,0
36,0
43262,0
5299,0
17052,0
17197,0
12740,0
221,0
34675,0
2195,0
34468,1
30656,0
34261,1
42819,0
11091,0
29186,0
19046,0
3927,0
33540,0
14619,0
19972,0
42955,1
9846,0
5066,0
31665,1
42632,0
46574,0
29369,0
15706,0
36890,0
883,0
36274,0
41370,0
7949,0
33431,0
34561,1
1565,0
29607,0
23588,0
15349,0
12413,0
10649,0
46008,0
32490,0
6055,0
34685,0
22036,0
30315,0
229,0
18997,0
216,0
7311,0
14524,0
31418,0
48603,0
29986,0
47462,0
2185,0
38443,0
2184,0
6766,0
15455,1
48654,0
4722,0
45289,0
2733,0
5398,0
12471,0
2608,0
37112,0
29466,1
11638,1
21735,0
42080,0
42093,0
9943,1
4479,0
31274,0
20333,0
12628,0
44264,1
5263,0
45451,0
43075,0
39748,0
5962,0
12787,0
45671,0
37169,0
7074,0
10928,0
36095,0
18921,0
13223,0
29307,0
44806,0
49866,1
19515,0
6326,0
30501,0
17978,0
38035,1
3171,0
39049,0
44082,0
20930,0
48666,1
6875,0
18821,0
33385,0
41819,0
19623,0
26312,0
11049,0
39651,0
4923,0
9567,0
20906,0
12243,0
46140,0
16075,0
21988,0
4123,0
35456,0
24584,0
46333,0
24659,0
36412,0
26286,0
3385,0
7678,0
30391,0
37210,0
34576,0
16508,1
37180,0
6263,1
24626,1
12038,0
27011,0
6304,0
16346,1
12214,0
22549,0
44987,1
45163,0
44141,0
29508,0
7861,0
2308,0
15146,0
28231,0
34940,0
22410,0
19435,0
13473,0
44486,0
48526,0
46601,1
35686,0
47973,0
22950,0
45507,0
9068,0
8514,0
25319,0
22001,0
5676,0
14188,0
27220,0
27702,0
15975,0
48300,0
38721,0
26249,0
31491,0
17960,0
45954,0
21463,0
9512,0
21404,0
6322,0
41256,0
902,0
25221,0
44867,0
47894,0
34249,0
5537,0
588,0
24668,0
2485,1
34170,0
32829,0
9411,1
2741,0
29151,0
5419,0
10899,0
27152,1
7388,0
10562,1
20207,1
538,0
1017,1
48657,0
1451,1
1766,0
32142,1
13722,0
101,0
42617,0
3188,0
1845,0
7344,0
3015,0
41251,0
49787,0
3356,0
37972,0
34537,0
21547,0
22319,0
9705,0
45283,0
41521,0
35039,0
14231,0
10634,0
10377,0
17590,0
30064,0
47634,0
29208,0
18133,0
11868,0
32,0
48831,0
19422,0
21144,0
48993,0
49175,0
40244,0
33809,1
39987,0
16634,1
40358,0
44251,0
33849,0
45893,0
15063,0
4470,0
47673,0
44370,0
13834,0
16320,0
43634,0
2729,0
48357,0
42958,0
3716,0
28832,0
42005,0
9610,0
6379,0
16440,0
38926,0
41741,0
22790,0
6114,0
6232,0
44217,0
13737,0
48501,0
45951,0
25089,0
25881,1
45342,0
327,0
4284,0
21476,0
12490,0
4062,0
27677,1
30732,0
30749,0
19911,1
37051,0
44257,1
44881,0
5267,0
22630,0
38376,0
46253,0
19470,0
40547,1
37927,0
38005,0
5254,0
26668,1
24645,0
48504,0
13572,1
9141,0
7026,0
14052,0
29129,0
33188,1
39783,0
13661,0
40942,0
7079,0
5064,0
22364,0
21962,1
43194,0
47737,0
49922,0
41724,0
3932,0
30862,0
43463,1
44084,0
26994,0
15327,0
32054,0
42037,0
24142,0
29175,1
13536,0
27911,0
23351,0
26490,0
616,0
31279,0
12458,0
34194,0
585,0
24262,0
19323,0
18510,0
14958,0
11953,0
38232,0
49524,0
43629,0
23686,0
1782,0
17709,1
17849,1
41456,1
21107,0
30650,1
46593,1
49804,0
19419,0
11821,0
13265,0
37023,0
27954,1
29889,0
10791,0
2624,0
26758,0
21430,0
30651,0
24641,0
43971,0
26115,0
34188,0
10380,0
7029,0
586,0
7237,0
49841,1
19182,0
17472,0
31017,0
45415,0
20820,0
36394,0
40958,0
31560,0
23878,0
35932,0
22052,0
49362,0
32900,0
4265,0
4914,0
11527,0
39816,0
4041,0
24469,0
43271,0
10344,0
40843,0
22469,0
7631,0
17558,0
14551,0
17406,0
41089,1
20069,0
6200,0
5553,0
6301,0
34460,0
9347,0
5635,0
7185,0
34064,0
19719,0
49916,0
8824,0
46040,0
1289,0
35114,0
41484,1
16163,0
17465,0
21742,0
17638,1
40521,0
24411,1
23560,0
28561,0
22868,0
21247,0
40904,0
32806,0
5414,0
17797,1
12460,0
32091,0
13472,0
25725,0
16484,1
34281,0
34740,0
30074,0
26670,0
47949,0
25706,0
49048,0
17459,0
35350,0
32049,0
13377,0
9511,0
31288,0
43244,0
40564,0
37722,0
43841,0
31430,0
14679,0
29490,1
48488,0
20900,0
18441,0
37463,0
21453,0
39628,0
38847,0
13490,0
42145,0
22294,0
3857,0
33647,0
17251,0
27388,1
12887,0
33189,1
32831,1
18693,0
7005,0
45761,1
34043,0
46981,0
26955,0
42274,1
20418,0
747,0
32683,1
31370,0
21716,0
18982,0
6303,0
40670,0
33016,0
43871,0
32529,0
14541,0
32197,0
26725,0
7561,1
44726,0
18904,0
28580,0
15221,1
45818,0
42011,0
3486,0
42964,1
11126,0
18549,0
6751,0
14790,0
2392,0
24187,0
2276,0
24413,0
34748,0
2317,0
44597,0
36445,0
28411,0
12130,1
23876,0
6348,0
10128,0
39310,0
17446,0
11616,0
12057,0
36047,0
29833,0
27470,1
33612,0
29083,0
44296,0
2416,0
3943,0
20217,0
18197,0
48403,0
8178,0
29413,0
11782,0
10889,0
49064,0
33687,0
19402,0
42413,0
25722,0
35337,1
24653,0
5301,0
41823,0
3828,0
14985,0
8176,0
35089,0
45576,0
5611,1
30971,0
11651,0
38652,0
817,0
33109,0
32589,0
14298,0
278,0
23522,0
12683,0
34235,1
18091,0
28735,0
30660,0
7640,0
11320,1
29641,0
21695,0
10433,0
33173,0
16774,0
3907,0
5500,0
42603,1
44254,0
20317,0
14626,0
44409,0
35385,1
41031,0
28097,0
47277,1
33819,1
9219,0
7725,0
33447,0
32192,0
33908,0
41188,1
47365,0
4793,0
27726,0
6011,1
37637,0
40027,0
13437,0
27366,0
11585,0
21324,0
13515,0
13841,0
24397,0
14789,0
14419,0
9450,0
15302,1
1445,0
14027,0
26832,1
18907,0
2591,0
47960,0
21240,0
5557,0
25039,0
21761,0
34972,0
20516,0
22064,0
36292,1
31582,0
39723,0
38439,1
6394,1
196,0
5833,0
33759,0
46904,0
34885,0
31452,0
6509,0
46265,0
11170,0
31417,0
7117,0
3791,0
5243,0
10624,0
33513,1
26627,0
31496,0
41642,1
20549,0
1473,0
9299,0
42713,1
43765,0
32003,0
30229,0
6947,0
12293,0
32057,0
10120,0
8453,0
10387,0
25960,0
38503,1
26083,0
3934,0
48354,0
562,0
47038,0
7391,0
49893,1
47549,0
653,0
26927,0
9819,0
37422,0
40368,0
49448,0
6611,0
21367,0
13016,0
42425,0
48711,0
31864,0
4883,0
31566,0
10664,0
29343,0
31984,0
15042,0
35342,0
13843,0
35415,0
4075,1
10131,0
28038,0
41974,0
37348,0
39272,0
20041,0
30161,1
35857,0
39953,0
10365,1
45002,0
38133,1
3581,0
8750,0
37480,0
43583,0
37793,0
3052,0
37310,1
24095,0
20495,0
3525,0
33949,0
19479,0
13280,0
4456,0
20319,0
42551,0
8371,0
40283,0
14133,0
3018,0
40011,1
20478,0
12552,0
8949,0
821,0
32218,1
38636,0
40549,0
47717,0
7657,0
1964,1
28037,0
10334,0
21628,0
43662,0
11915,0
19345,0
18781,0
6983,0
46167,0
15904,0
25421,0
23498,0
11683,1
13848,1
45820,0
7477,1
18056,0
3465,0
12639,0
27814,0
44927,0
8124,0
43604,0
1570,0
7513,0
42531,0
15136,0
33050,0
23445,0
15855,0
5131,0
7070,0
48223,0
33340,1
31710,0
14189,0
3547,0
18597,0
27169,0
40512,0
20734,0
33242,0
3007,0
34451,0
11450,0
16828,0
17377,0
13535,1
37992,0
23463,0
25260,1
19319,0
18487,0
18445,0
24275,0
14080,0
6907,1
46723,0
1208,1
47622,0
49882,1
36207,1
42495,0
17375,0
49623,0
18744,0
43275,0
30292,0
41210,0
23407,0
8628,0
1560,0
25124,0
19614,0
18034,0
33918,0
38150,0
26363,0
6762,0
46575,0
22833,1
40145,0
14345,0
48155,0
32647,0
38379,1
19854,0
45216,0
27493,0
46136,0
42634,0
11650,0
34087,0
6320,0
36048,0
1637,0
31752,0
43333,0
3645,0
25603,1
3392,0
30835,1
47016,0
21388,0
10424,0
49160,0
10474,0
2590,0
2088,0
10353,0
8748,0
30348,0
28748,0
18207,0
45205,0
4609,0
22874,0
2686,1
46884,0
37025,0
1937,0
31064,1
28219,0
26768,1
24485,0
39810,0
13050,0
36532,0
9013,0
31657,1
43094,1
13107,1
31313,0
49423,1
45275,0
29857,0
47135,0
43753,0
8420,0
15143,0
27962,0
45117,0
6880,0
46745,0
12804,0
17750,0
20865,0
35471,1
48183,0
22453,0
24147,0
2100,0
14190,0
9078,0
40613,0
11336,0
5731,0
48100,1
8570,0
2098,0
32181,1
20950,0
7457,0
28961,0
28263,0
37498,0
45768,0
29393,1
26525,1
32838,0
26110,0
19101,0
14548,0
31707,0
4715,0
18050,0
2441,1
27209,0
32908,1
45162,0
34231,0
48778,0
48106,1
28995,1
13520,1
30326,0
37470,0
39533,0
1110,0
37249,1
10204,0
46626,0
44397,0
47872,0
32005,0
35124,1
8057,0
27198,0
5831,1
31333,0
40842,0
34383,1
31794,0
21057,1
10602,0
39369,0
18349,0
9993,0
18882,0
33884,0
20071,0
5877,0
35865,1
26017,1
23331,0
41637,0
13104,0
34213,0
7436,0
18623,0
47387,0
34239,1
29948,0
14579,0
42963,1
18864,0
41932,0
44132,0
40841,0
45244,0
39933,0
29592,1
39892,1
24315,0
11445,0
43429,1
12417,1
36682,0
47846,0
10383,0
16251,1
39759,0
36245,1
13664,0
44310,0
6099,0
31321,0
48472,0
15077,0
14676,0
2791,0
46500,0
28697,0
4975,0
32685,0
5722,0
33433,0
47042,1
17900,0
33158,0
25107,0
10659,0
10893,0
34159,1
28887,0
28623,0
44491,0
44934,0
33557,0
49597,0
1034,0
12694,0
37822,1
38768,0
39472,0
5989,1
40044,1
35261,0
22533,0
23374,0
42142,0
45583,0
42223,1
35834,0
22243,1
38473,0
16368,0
21517,0
28830,0
5890,0
19416,0
15712,0
6783,0
26661,0
40403,1
38977,0
21254,0
35963,0
36458,0
3888,0
7088,0
22247,0
19682,0
40128,1
12388,0
45795,1
5533,0
34453,0
42998,0
15646,0
8521,0
14238,0
13766,0
17424,0
47731,0
5504,0
21271,0
24131,0
18003,0
29502,1
28938,0
30349,0
28445,1
2760,0
5418,0
26749,0
37871,0
18297,0
47123,0
5440,0
6742,0
33035,0
43239,0
47238,0
34083,0
2972,0
30565,1
7874,0
16557,0
6690,1
20746,0
9965,0
40122,0
44250,1
48418,0
20376,0
11402,0
20318,1
4949,0
46065,0
24583,0
21024,1
6617,0
5143,0
25422,0
15064,0
39468,1
15297,0
7102,1
2353,1
40419,0
11736,1
42928,0
39172,1
15884,0
47191,0
32441,1
5329,0
9410,0
22781,0
25097,0
20497,0
3095,1
28498,0
21806,0
3622,0
38053,0
30992,0
41253,0
12026,0
45657,1
9550,0
29223,0
49832,0
26237,0
18067,0
18416,0
31753,0
4717,0
31789,0
35767,0
13753,0
39874,0
19894,0
42888,0
8089,0
49163,0
136,1
31807,0
14927,0
45080,0
13656,0
21589,0
18337,0
36596,0
1308,0
465,0
7506,0
39998,0
46327,0
8675,0
14478,0
16389,1
16072,0
13549,1
5526,0
19672,0
20269,0
7550,0
46149,0
19992,0
24742,0
2691,0
40669,0
24732,0
6758,0
12343,0
40305,0
28835,0
4974,0
33777,0
12536,0
10805,0
43270,0
19213,0
42853,1
43220,0
42980,0
36408,0
22989,0
42441,1
34830,0
22297,0
38195,0
19400,0
13174,0
37316,0
29906,0
25958,0
33865,0
594,0
38090,0
23807,0
10445,0
25471,0
41940,0
47375,0
6319,0
21364,0
29174,0
16638,0
29273,0
42195,0
37001,0
14340,0
43222,0
49233,0
15127,0
28163,0
1544,0
528,0
18733,0
32422,0
42073,0
25472,0
4564,0
41144,0
40490,0
46100,0
20661,0
19211,0
37294,0
20973,0
18419,0
32486,0
40580,0
43596,0
30196,0
22333,0
19492,0
3000,0
48742,0
32756,0
7740,0
46639,0
4351,0
40748,0
45428,0
6881,0
15212,0
12678,0
23980,0
21997,0
6089,0
10368,0
8448,0
6264,0
10335,0
37542,0
16725,1
16017,0
25384,0
16997,1
16765,0
46118,0
3346,0
45434,0
43925,0
25255,0
26752,0
29753,0
2281,0
38397,0
13017,0
3730,0
31786,0
12995,0
21289,1
14658,0
28240,0
20353,0
47041,1
11118,0
38688,1
23671,0
12703,0
27179,1
29115,0
34797,0
29887,0
2861,0
18019,0
31218,1
48904,0
36383,0
9205,0
26896,0
3205,1
17474,0
27262,0
4716,0
37343,0
32729,0
28834,0
17105,0
16198,1
15977,0
2714,0
37641,1
25168,0
41557,1
35953,0
44652,1
16509,0
6101,0
13075,0
26673,0
38163,0
37849,1
41567,0
36757,0
27457,0
33215,0
36251,1
12444,0
33159,0
21396,0
15404,1
30852,0
20476,0
32290,1
40297,0
18659,0
21440,0
6274,0
18150,0
13738,0
12212,0
35813,1
36504,0
38741,1
8778,0
4009,0
46279,0
19044,0
45358,0
17468,1
47347,0
16853,0
36088,0
22728,1
7282,0
45220,0
13509,0
44832,0
6674,0
7733,0
3613,1
49260,0
21109,0
48328,0
28144,1
2249,0
30839,0
48203,1
22203,0
39922,0
11354,0
36585,0
1581,0
44925,0
11855,0
40303,0
48566,0
12283,0
25085,0
29777,0
15033,0
14620,0
39884,0
26962,0
22958,0
8511,0
38640,1
43212,1
38258,0
41922,1
31079,0
9811,0
37644,0
17783,1
14097,0
14305,0
22979,0
20772,0
47510,0
47150,1
49024,0
46728,0
43676,0
6285,0
5229,0
3100,1
32800,0
42068,0
18142,0
6176,0
42908,0
696,0
21748,0
23079,0
5498,0
25106,0
3892,0
21800,0
47349,0
31159,0
32055,0
2366,0
36238,1
38609,0
11368,0
32937,0
25170,0
21115,0
33674,0
15905,0
9418,0
13407,0
6383,0
11692,0
48056,0
20077,0
7517,0
47946,0
11123,0
34056,1
31479,0
4572,0
18154,1
8722,0
34930,0
13693,0
47986,0
18767,0
23755,0
32035,0
21593,0
41816,0
23126,0
41143,0
13667,0
37752,0
7826,0
16761,0
1481,0
1210,0
28355,1
22903,0
32977,1
16940,0
18958,0
35807,0
9548,0
42228,1
47223,0
38549,0
9241,0
25123,0
168,1
45631,0
22616,0
198,0
1745,0
1986,0
18189,0
42490,1
14296,1
15176,0
36712,0
42049,0
9920,0
20666,0
7666,0
23958,0
28041,0
2668,1
8387,0
16663,1
34225,0
11319,1
13256,0
25188,0
42986,0
22092,0
13659,0
20749,0
39820,1
16261,0
45531,1
3014,0
1437,0
28333,0
24133,0
48143,0
49956,1
6586,0
32124,0
37363,0
48785,0
1194,0
34988,0
6667,0
11135,0
24577,1
29802,1
6670,0
27437,0
27148,0
6652,0
46853,1
44015,0
10698,0
27098,0
42918,0
41097,0
30755,0
38614,0
32223,0
27492,0
37575,0
39092,0
26344,1
38660,0
1272,0
26361,0
25396,0
17529,1
25465,0
13861,0
43567,0
2411,0
35407,0
9622,0
14092,0
48177,0
41632,0
6187,0
40046,0
7859,0
46482,0
21104,1
17950,0
35266,1
13191,0
32626,1
30,0
27352,0
22849,0
32679,0
9659,0
19967,1
12183,0
12246,1
21837,0
2603,0
11448,0
34915,0
12209,0
2883,0
42769,0
31785,0
13102,0
16077,0
15285,0
15654,0
37788,1
47356,0
31273,0
27938,0
31667,0
27646,0
19115,0
11331,0
30040,1
47507,0
21529,0
18359,0
29412,0
24042,0
22744,1
2906,0
14382,0
4675,0
23532,0
2905,0
1234,0
25819,0
45633,1
31189,0
49800,0
28202,0
38539,0
16157,0
13109,0
1632,0
31145,0
35520,1
7196,0
12105,0
37604,0
14508,0
15562,0
27124,0
47434,0
23149,0
11227,0
12141,0
30073,1
40948,0
3153,0
37186,0
22642,0
24946,0
33045,0
11451,0
44599,1
38369,0
384,0
32443,0
10393,0
8839,0
11549,0
30896,0
16909,0
30576,1
28570,0
39667,0
5215,0
6133,0
725,1
26181,1
42192,0
5987,0
24838,0
3259,0
12037,0
29559,0
8808,0
23663,0
40651,1
45673,0
22636,1
15637,0
47877,0
15478,0
4657,0
20260,1
24939,0
332,0
7784,0
24918,0
42365,0
40845,0
34820,0
12946,0
10183,0
5003,0
43947,1
34630,0
6312,0
23221,0
8883,0
22346,1
47982,1
31094,0
31057,0
787,0
2531,0
3517,0
19083,0
3227,0
42978,0
43466,0
26559,0
9947,0
37236,0
35839,0
30744,1
34143,0
3473,0
46738,0
35392,0
40572,0
17248,0
35369,0
10700,0
49167,0
44914,0
6261,0
6671,0
44634,0
26217,0
43030,0
31750,0
26596,0
13243,0
28680,0
4765,0
15486,0
29973,0
34671,0
41450,0
44390,1
46141,0
11423,1
46244,0
14101,0
31077,0
34933,0
27212,0
16751,1
23417,0
15760,0
7306,0
28767,0
21813,0
15545,0
20018,0
3476,0
1127,0
45158,1
24880,0
44894,0
12642,0
7935,0
40929,1
15698,0
19858,0
40524,0
30887,1
10170,0
31272,0
29992,1
29311,0
44445,0
13100,0
21252,0
1080,1
28738,0
23424,0
14883,0
26400,0
11895,0
2319,0
7350,0
36908,0
34047,1
25387,0
3496,0
26505,0
21381,0
35995,0
38538,0
1455,0
49337,0
12339,0
44727,0
8598,0
11932,0
47027,0
49714,0
41709,0
20147,1
16124,0
10709,0
31625,1
35333,0
18519,0
7486,0
35675,0
8177,0
26325,0
35816,0
6411,0
37275,0
12090,0
32981,0
36295,0
3208,1
4613,0
32447,0
12451,0
44829,1
45177,0
32788,0
47138,0
47311,0
4349,0
22747,0
15005,0
16967,0
30367,0
8785,0
31251,0
26918,0
3109,0
45858,0
44235,0
45181,0
45789,1
22462,0
22925,0
42693,0
32271,0
12827,1
2430,1
3902,0
37832,0
46589,0
49898,1
13291,0
14187,0
44711,0
7302,0
41765,1
15961,0
17962,0
44467,0
35845,0
15219,0
2380,0
9780,0
46386,0
38450,0
6468,0
15955,0
17917,0
47247,0
44207,0
21600,0
1690,0
1729,0
21653,0
24849,0
12221,0
38235,0
1524,0
7566,0
30388,0
6402,0
26989,0
14760,0
16564,0
48538,0
41192,1
17616,0
4886,0
26899,0
11184,0
39270,0
20974,0
1281,0
48065,1
30659,0
33192,0
46413,1
36961,0
21275,0
36846,0
40125,1
31701,0
29665,0
30463,0
33774,0
49711,1
7219,0
42538,0
15412,1
32256,0
31004,0
32208,0
27597,0
14842,0
32634,1
39354,0
28753,0
28264,0
1422,0
21624,0
7209,0
4293,0
11088,0
1732,0
34990,1
37101,0
27807,0
31763,0
8669,0
39006,0
27918,0
1800,0
39848,0
38395,0
46595,0
35640,0
5444,0
8995,0
30302,0
9399,0
11316,0
41052,0
170,0
36641,0
35758,1
40879,0
47153,0
12299,0
12913,1
15078,0
40792,1
6849,0
46938,0
2010,0
7277,0
22229,0
48773,0
20817,0
16133,0
27184,0
22679,0
6838,0
33564,0
9795,0
17884,0
26508,0
39960,1
12809,0
33590,0
11990,0
6098,0
23546,0
44153,1
11275,0
24984,1
27567,0
40493,0
31465,0
20675,0
12919,0
6639,0
41752,1
42194,0
47084,0
39837,0
33998,1
5061,0
26806,0
12448,0
3856,0
3475,0
33729,0
32088,0
44420,0
8833,0
43987,0
24068,0
7592,0
20541,0
5421,0
17376,0
15511,0
31561,0
647,0
26597,0
42623,0
25451,0
32671,0
36920,0
11075,0
26605,0
17441,1
13011,0
43179,0
16082,0
17450,1
21033,0
25517,0
25499,0
29271,0
17491,0
49089,0
21460,0
26007,0
28665,0
30832,0
35164,0
28447,0
21956,0
5137,0
22760,1
45270,0
26599,0
24006,0
23913,0
9797,0
40918,1
33263,0
48367,0
3806,0
29010,0
39764,0
14793,1
34398,0
15462,0
2343,1
42484,0
17869,0
11198,0
23789,0
36018,0
14241,0
1390,0
10026,0
10985,0
6358,0
2337,0
2082,0
48981,1
11231,0
46616,0
18470,0
9542,0
1941,0
637,0
34464,1
23249,0
30400,0
41062,1
2802,0
15557,0
794,0
9425,0
16356,1
32504,1
27297,0
28762,1
9896,0
39847,0
3524,0
37814,0
16421,1
547,0
39650,0
1368,0
24763,0
17770,1
46837,0
43248,0
13510,0
8912,0
44469,0
17519,0
16673,0
30811,0
46529,0
1497,0
32241,0
30272,0
41410,1
38285,0
42055,0
410,0
42381,0
25963,0
38509,0
24834,0
43390,0
38120,0
23336,0
33873,0
25241,0
24052,0
26823,0
24606,0
41401,1
43666,0
42167,0
23939,0
8023,0
10898,0
26805,0
25013,0
20294,0
18586,1
22179,0
32384,0
42203,0
39296,1
25084,0
49300,1
10267,0
45165,0
28852,1
46941,0
40705,0
39382,0
9089,0
10807,0
20593,0
6872,0
5495,0
14204,0
36778,1
17538,0
38985,1
32920,0
8633,0
41017,0
13798,0
44320,0
27361,0
443,0
1954,0
14356,0
22967,0
5740,0
16680,0
24166,0
3665,0
5042,0
12601,0
42258,0
13669,0
1032,0
26913,0
12193,0
29870,0
47194,0
23583,0
41615,0
32266,1
20821,0
11076,0
9870,0
42161,1
6043,0
15829,0
42529,1
9869,0
49748,0
49818,0
27758,0
48055,0
40101,0
23612,0
24522,0
16233,0
42338,0
14938,0
39517,0
14004,0
46032,1
31147,0
15405,1
14918,0
33301,0
33395,0
22353,0
47475,0
20843,0
18607,0
16608,0
36282,1
48565,0
36903,0
38632,0
29953,0
4386,0
19074,0
27175,0
19398,0
17006,0
38775,0
4623,0
44076,0
4575,0
22458,0
45389,0
42685,1
46604,0
2959,0
9433,0
36003,0
9929,0
43170,1
22424,0
29322,0
38536,0
41726,0
30609,0
6065,0
31194,0
33053,0
38968,0
25968,0
16058,0
29305,0
46295,0
10937,0
6845,0
37648,1
43754,0
15701,0
14907,0
27945,0
35986,0
13504,0
47938,0
9391,0
30940,0
47100,1
24313,0
29617,0
49150,0
28728,0
37640,0
24340,0
31146,1
13009,0
22681,0
22880,0
42367,1
21257,0
47923,0
45500,0
30007,0
13376,1
34129,1
24920,0
8708,0
8367,0
857,0
14487,0
9853,0
24339,1
27001,0
45697,1
39814,1
18710,1
24896,0
352,0
648,0
22077,1
44415,1
32859,0
17554,0
29570,0
6371,1
42143,0
23606,0
45324,1
46429,0
4802,0
27256,0
11261,1
21039,0
897,1
40213,0
30470,0
14300,0
45742,0
12361,0
18745,0
42842,0
31581,0
37695,0
27536,1
46658,0
37087,0
16875,0
2445,1
5270,0
825,0
41247,0
3648,0
37349,0
8987,0
47586,0
5456,0
47054,1
21667,0
17606,1
14848,0
25541,1
15043,0
7028,0
9803,0
21515,0
18440,0
5424,0
39581,1
19355,1
46212,0
43633,0
26037,1
47249,0
478,0
33397,0
12349,0
19172,0
835,1
3265,0
2131,0
25850,0
2412,0
25835,0
23805,0
19021,1
45114,0
44419,0
21841,1
12085,0
21049,0
44128,0
492,0
49193,0
25508,0
15793,0
14214,0
26695,0
39280,0
16943,0
7991,0
28566,0
40566,0
8955,0
41023,0
49126,1
26516,0
25886,0
3078,0
38076,1
29409,0
17003,0
19160,1
1530,1
36039,0
4665,0
28810,0
24492,1
26309,0
5826,0
29069,1
47359,1
49482,0
8692,0
38371,1
30594,0
1219,0
4779,0
22328,1
41904,0
4127,1
7093,0
4821,0
26704,0
42578,1
12136,0
34278,0
7162,0
25047,0
8906,0
21945,0
37755,0
38312,0
973,0
33419,1
6620,1
36402,0
17288,0
23141,0
5966,0
44952,0
18730,0
29234,0
16458,0
45894,1
39949,1
38266,0
48044,1
13688,0
10313,0
36230,1
5479,0
19192,0
3946,0
13488,0
13902,0
8458,0
31095,0
46002,1
36186,0
7462,0
38321,0
34803,0
4074,1
4774,0
48025,0
1676,0
22936,0
28393,0
45055,1
34784,0
27680,0
1264,0
14885,0
28695,0
22250,1
8543,0
22218,0
24448,0
9077,0
16377,0
15463,0
2310,0
44521,0
7008,0
19707,0
20021,0
966,0
41319,0
25436,0
41380,1
14474,0
9207,0
49020,0
9692,1
20395,0
4952,0
37213,0
38193,0
21120,1
22547,1
44777,0
41860,0
19107,0
32154,0
49670,0
19610,1
45513,0
29525,0
40707,0
37291,0
49919,1
23432,0
6056,0
26939,0
36726,0
33769,0
17887,0
34530,0
35218,0
43143,0
10139,0
45889,0
9950,0
30311,0
9166,0
25871,0
10462,1
38066,1
40780,1
8488,0
8728,0
33600,0
29852,0
44097,0
37436,0
8962,0
27716,0
31080,0
177,0
37908,0
17902,0
19616,0
16189,0
44211,1
6390,0
42756,0
12749,0
44471,0
16349,0
40618,0
3813,0
35001,0
15400,0
40250,0
44018,0
15113,0
34571,0
46965,0
2081,0
21969,0
11907,0
6483,0
26669,0
28472,1
11778,0
24431,0
48945,0
18706,0
35255,0
3187,0
46420,0
17680,0
13887,0
38486,0
49556,0
33130,1
45535,0
15563,0
7798,0
23864,0
20112,0
11555,0
12056,0
8541,0
38301,0
16188,0
8228,0
34504,0
37312,1
47555,0
33412,0
31117,0
36704,0
10907,1
16427,0
13869,0
41519,0
34964,0
43927,0
40829,0
33400,1
39627,0
32994,0
1731,1
30626,1
1926,1
14495,0
28679,0
27242,0
43506,0
43892,0
33760,0
20257,0
37803,0
33011,0
12878,0
40963,0
13103,1
44683,0
7370,0
22089,0
35488,0
28487,0
15738,1
8603,0
16767,0
27721,0
6374,0
12374,0
38869,0
7989,0
43921,1
2481,1
7509,0
33936,0
31332,0
33952,0
42440,1
15552,0
35463,1
18808,0
37243,0
49891,0
19,0
47437,0
43254,0
7381,0
22400,0
25775,0
16309,0
6350,0
34409,0
32321,0
48802,0
5016,0
18837,0
5581,0
39790,0
41788,0
34839,1
38226,0
30004,0
8838,0
830,1
31638,1
10351,0
37321,0
35903,0
37013,0
48190,0
42018,1
7616,0
40017,0
48409,1
34425,0
34154,0
37928,0
40641,0
2543,0
7189,0
46771,0
19052,0
31934,1
31878,0
15630,1
49560,1
35034,0
25165,0
37033,0
14152,0
47772,0
33881,0
20122,0
4999,0
36179,1
42067,0
24220,0
904,1
14593,0
43646,0
40393,0
18401,0
32577,0
19367,0
27835,0
34993,0
1205,0
9997,0
17085,0
29285,0
38698,1
33151,1
41777,0
36871,0
14920,0
13935,0
22558,0
37685,0
39031,0
38233,0
1921,0
10848,0
18729,1
20335,0
48651,0
37192,0
35154,0
9436,0
45154,0
9978,0
27379,0
10013,0
13512,0
7495,0
31097,0
15641,0
13551,0
10654,0
13571,1
17191,0
9422,0
49677,0
13133,0
40722,0
8248,0
34695,0
548,0
45897,0
25028,0
8608,0
29766,0
38414,0
33957,0
25420,0
37622,0
31241,0
21237,0
37723,0
35130,0
11589,0
1084,0
8180,0
31382,0
14544,0
29267,0
42334,0
40437,1
41249,0
40224,0
14488,0
14539,0
28797,0
2053,0
20455,0
16993,1
11155,0
36761,0
15286,0
33135,1
11341,1
25081,0
12791,0
12072,0
3983,1
33351,0
43165,0
40139,0
958,0
12935,0
16660,0
43189,0
19450,0
44513,0
33679,0
34118,0
43891,0
38039,0
46584,1
31631,0
106,0
47643,0
41881,0
12780,0
10369,0
47445,0
8798,0
22421,0
10260,0
24143,0
19359,1
12627,0
30606,0
34698,0
30772,0
1346,0
31187,0
26947,0
39208,0
25642,0
17199,0
25978,0
6942,0
28994,0
16305,0
45980,0
33483,0
20209,0
38430,1
44224,0
37488,0
33644,0
44835,0
27282,0
43620,0
36701,0
21702,0
17057,0
42590,0
21005,0
44897,0
19599,0
32041,0
46704,0
23801,0
2921,0
27561,0
16061,0
22394,0
16291,0
36228,1
5375,0
7582,0
24149,0
36996,0
22641,0
22235,0
5405,0
4108,0
46317,0
30686,1
26540,0
41891,0
27126,1
43565,0
16881,0
26769,1
8895,0
770,0
22649,1
22126,0
16818,0
2226,0
17932,0
49849,0
8985,0
43215,0
31439,0
27210,0
46194,0
23322,0
24120,0
23838,0
3317,0
29078,1
6998,0
40664,1
4551,0
17833,1
5739,0
9394,0
47381,0
231,0
45335,1
20002,0
15958,0
31910,0
17755,1
36624,1
19249,0
40504,0
37156,0
28975,0
7778,0
40779,0
17532,0
10849,0
49921,0
44631,0
35282,1
31775,0
17037,0
29006,0
14472,0
10844,0
9991,0
44338,0
1352,0
39632,0
4174,0
21426,0
7230,0
17201,0
41205,0
2026,1
36227,0
17717,0
43302,0
41785,0
33855,0
42023,0
11961,0
25900,0
669,0
49734,0
36552,0
46486,0
33607,0
23270,0
30235,0
18338,0
34613,0
24048,0
31816,0
29383,0
7849,0
15202,1
1457,0
36288,0
21866,1
15051,0
37341,0
15852,0
39473,0
5058,0
7393,0
19778,0
8025,0
6160,0
19695,0
36417,0
8311,0
4046,0
1057,1
6058,0
15772,0
38084,0
3949,0
19427,0
44709,0
21953,0
41349,0
11083,0
13990,0
36173,0
16811,0
43050,0
11226,0
45016,1
21199,0
49443,0
40619,0
13089,0
11551,0
14426,0
39818,0
45043,1
47788,1
34644,0
10619,0
27692,0
28055,1
2369,0
46460,0
43591,0
5591,0
39451,0
34128,0
5433,0
39856,0
10234,0
14348,1
48900,0
935,1
10124,0
44620,0
35577,1
6548,0
6249,0
2493,0
25596,1
9287,0
3491,0
7917,0
46171,0
32128,0
38454,0
25611,0
919,0
16217,0
19185,1
46525,0
14269,0
38792,0
4686,0
6926,0
38855,0
32630,1
5911,0
39797,1
40012,1
43046,0
47840,0
29097,0
24102,0
45506,1
27130,0
4889,0
21226,1
7528,0
33889,0
14448,0
1662,0
11115,0
38826,0
3004,1
24989,0
32450,0
40039,1
4229,1
13689,0
34473,1
15026,0
28785,0
26859,1
938,1
49971,1
27656,0
44928,1
15258,0
3506,0
49571,0
49862,0
16648,1
19204,0
43910,0
26242,0
47635,0
26033,1
7524,0
42728,1
3085,0
49452,0
1244,0
27801,1
18641,1
48181,1
14166,0
34247,1
4813,0
35424,0
32759,0
39298,0
27095,0
659,0
5265,0
41947,1
20591,0
38424,0
28915,0
41001,0
25712,0
24137,0
18301,0
23327,0
49762,0
17980,0
13560,0
15643,1
14556,0
30787,0
31359,0
48220,0
28177,0
30083,0
35976,1
26598,0
49619,0
31564,0
8634,1
19279,1
6684,0
11003,0
10694,1
31993,0
25993,0
29721,0
43501,0
43899,0
41501,0
34271,0
25839,1
22940,0
30354,1
30899,0
32334,1
31204,0
12071,0
31770,0
27881,1
46029,0
31327,1
12634,0
43738,0
1876,1
35098,0
17343,0
19025,0
40940,0
30987,0
18061,0
11833,0
49821,0
39269,0
46764,1
37713,0
44040,1
3792,0
2202,0
6023,0
1615,0
45536,0
2389,0
308,0
30071,0
43092,0
46334,0
5189,0
19953,0
1518,0
17242,0
34952,0
10006,0
41646,1
33327,0
12069,0
9226,0
9574,0
44341,0
28682,0
4311,1
16329,0
10076,0
28438,1
21678,0
29391,1
11311,0
48584,1
40060,1
14659,0
29415,0
41156,0
12096,0
7057,0
16176,0
42450,0
16846,0
1706,0
49701,0
28924,1
43185,0
30554,0
7676,0
20426,0
6951,0
43544,0
45943,1
21267,0
3336,0
16026,0
28451,0
42085,0
32469,0
38494,0
23931,0
35565,0
12402,0
1594,0
28154,0
8054,0
16382,0
38822,0
14465,0
47750,1
38164,0
42637,0
48468,0
28547,0
39002,1
47627,0
34262,0
38764,0
11313,0
38020,0
7147,0
30227,1
9878,0
47498,0
42092,0
24694,0
9864,0
14032,0
33390,0
11697,0
34488,0
28000,1
1286,0
2474,0
35003,1
47000,0
2404,0
2818,1
21955,0
18305,0
5235,0
42128,1
29881,0
36840,0
33478,1
1269,0
4915,0
39671,0
49983,0
9354,0
48720,0
41568,0
47696,0
1506,1
48580,0
9321,0
20105,0
49219,0
11050,0
33775,0
16186,0
9084,0
44558,0
14025,1
21285,1
22108,0
31989,0
32136,1
4614,0
10949,0
23295,0
43445,1
23989,0
49596,0
38200,0
17344,1
24891,0
38568,0
36814,0
1742,0
35202,1
37500,1
4352,0
22803,1
17130,0
36159,0
17929,0
20067,0
19072,0
36802,0
2168,0
14959,0
39007,0
21574,0
25516,0
18168,0
37607,0
2318,0
35535,0
31044,0
13954,0
46598,0
13199,0
28225,0
4566,0
22151,0
13008,0
36911,0
8536,0
30295,0
1529,0
23614,0
33243,0
34114,0
4720,0
32079,0
5108,0
42766,0
29433,0
12506,0
1802,0
3955,0
29471,0
13394,0
25473,0
45703,1
38354,0
31598,0
26182,0
435,0
38557,0
45827,0
28868,0
45353,0
5194,0
33304,1
42267,0
38214,0
4119,0
23052,1
46138,0
45017,0
5909,0
39612,0
13833,0
40154,0
46973,1
16654,0
43531,0
24943,1
5738,1
36748,0
12909,1
29199,0
43448,1
3503,0
25446,0
46586,1
14575,0
43467,1
41546,1
6158,0
17417,0
15505,0
27500,0
48343,0
29051,0
47113,0
8409,0
28156,0
16952,1
43442,1
21432,0
47572,1
23193,0
33493,0
47686,0
32156,0
48049,0
37241,0
3483,0
26536,0
33592,0
30629,0
40587,0
38475,0
962,0
20563,0
21584,0
39099,1
36401,0
42069,0
12567,0
33763,0
14404,0
34296,0
42412,0
5055,0
39445,0
6587,0
30423,0
31884,0
3540,0
45826,0
27056,1
39585,0
13748,0
13417,0
26462,0
37141,0
2744,0
7960,0
3574,0
36578,0
26862,1
5139,0
32879,1
2890,0
42834,0
47632,0
34449,1
37847,1
44242,1
11446,1
33909,0
34376,1
49708,0
35625,0
30804,0
46086,0
3533,0
27951,1
17728,0
33067,0
14758,0
25999,0
49947,0
24977,0
36148,0
8299,0
22617,1
41242,0
24079,0
2571,0
13337,1
30518,0
14325,0
24499,1
14162,0
7692,0
35459,0
21825,0
12061,0
14098,0
46446,0
41982,1
55,0
22195,0
8903,0
16869,0
16978,0
33798,0
32318,0
28301,0
7242,0
8851,0
32103,0
31619,0
17803,0
48123,0
19650,0
43383,1
32487,0
27427,0
30405,0
23036,0
43905,0
19919,0
16812,1
18943,1
40938,0
14952,0
35159,0
47450,0
44506,0
3341,1
21298,0
27897,0
172,0
47719,0
33361,0
15139,0
14206,0
4868,0
12532,0
16532,0
39379,0
25265,0
36006,0
24788,0
32667,1
16686,0
39177,0
8404,0
34872,1
30601,0
32968,0
1833,0
36683,0
13038,0
10677,1
36663,0
11962,0
26568,1
17539,0
46709,0
48494,0
30527,0
18975,0
43785,0
36540,0
36363,1
18688,1
7987,0
48926,0
26147,1
5136,0
10347,0
25743,0
34678,0
36581,0
32942,0
8026,0
13413,0
18206,0
46056,0
22061,0
14302,1
211,0
40796,0
10736,1
33454,0
34120,0
35999,0
19959,0
9202,0
20170,0
22183,0
16579,0
12881,1
23135,0
30247,0
16433,0
19260,0
41776,0
14964,0
344,1
18846,0
48962,0
33835,0
38138,0
15976,1
16269,0
26125,1
38830,0
7343,0
10823,0
34437,0
1107,0
44682,1
6429,0
39625,0
16718,0
33476,1
43356,0
42516,0
39945,0
7234,0
14523,0
39858,0
45,0
49320,0
9577,0
18194,0
33423,0
10292,0
7732,0
48414,0
31577,0
21864,0
26082,0
28688,0
17738,0
15259,0
35220,1
24231,0
18293,0
48893,0
11416,0
49291,0
15436,0
33264,0
8134,0
10774,0
17281,0
6212,0
24836,0
17428,0
48662,0
16573,0
7437,0
23115,0
5690,0
39939,0
23430,0
7105,0
19745,0
32322,0
32126,0
19669,0
40640,0
16394,0
4388,0
47206,0
37116,1
26204,0
13899,0
4043,1
43320,0
46170,0
30548,0
28396,0
47633,0
63,0
37739,0
42324,1
4134,0
38013,0
25466,0
19562,0
27068,0
17220,0
26024,0
12631,0
10606,0
32817,0
36926,0
33030,0
6012,0
30174,0
26560,0
8935,0
6960,0
3754,0
8297,0
48800,0
48736,0
20198,0
36399,1
49837,0
14,0
38795,0
27694,0
15408,0
28794,0
34338,1
16429,0
12773,0
4504,0
38319,0
15445,0
11058,0
7018,0
44728,0
47730,0
88,0
34166,0
41875,1
11785,0
49022,0
5149,0
35512,0
4321,0
43695,0
39836,0
47081,1
8462,0
47560,0
31009,0
47177,0
18200,0
39554,0
27528,0
23357,0
40785,0
31558,0
5472,0
11323,0
12144,0
31725,0
35579,0
44647,0
46049,0
2461,1
6480,0
5775,0
7810,0
47957,0
43538,1
30884,1
24420,0
40972,0
31426,0
13839,0
25496,0
16101,0
36339,0
47841,0
41596,0
47327,0
13471,0
18299,0
36103,0
36358,0
11148,0
20850,0
15353,0
25851,0
8921,0
40426,0
22726,0
13862,0
1739,1
5820,0
29788,0
45246,0
13173,0
41032,1
18609,1
24357,1
20140,0
1747,1
49739,0
4918,0
21867,1
39237,1
8887,0
39535,0
28222,0
35005,0
15059,0
3234,1
25458,0
37572,1
18589,0
23918,0
49308,0
167,0
33701,0
23136,0
39629,0
9441,0
38683,0
25194,0
3449,0
3345,0
28776,0
3091,0
14535,0
10020,0
28124,0
258,1
47294,0
25046,0
15717,1
35167,0
20096,0
33370,0
13645,0
3569,0
39708,0
36909,1
12799,0
17131,0
36252,0
50,0
22030,0
7020,0
20026,0
14184,0
36605,0
28727,0
44602,0
26294,1
37778,0
47355,1
23746,0
3420,0
23858,0
8302,0
30777,0
27764,0
43652,0
7479,0
42536,0
32404,0
26423,0
402,0
37888,0
29269,0
19754,0
12225,0
16039,1
46776,0
44260,1
32651,0
20310,0
35036,0
34410,1
4004,0
17015,0
43746,0
15395,0
4732,0
25348,0
34817,0
30784,0
24505,0
7321,0
38131,0
42012,0
29429,0
36754,0
3206,0
12831,0
22659,0
4200,0
48818,1
3192,0
8066,0
43404,0
45399,0
48384,0
34269,0
1715,1
18955,0
3041,0
22015,0
16537,0
39113,0
5044,0
42749,1
16446,0
2156,0
27172,0
36969,0
3510,0
7639,0
7325,0
27259,0
32728,1
9168,0
29801,0
33384,0
36367,0
5314,1
18204,0
4748,0
23244,0
2520,0
1331,1
43444,0
16161,0
39094,0
21171,0
33469,0
33348,0
23461,0
41662,1
34690,0
29477,0
14165,0
46687,0
32662,0
31658,0
36102,0
5399,0
4419,0
37843,0
37709,0
27326,0
24830,0
36914,0
49589,0
2043,0
5199,0
49303,0
33091,0
20389,0
44660,0
22553,1
21405,0
30100,0
38028,0
33646,0
13212,0
19023,0
10533,0
30733,0
33136,1
4661,0
17768,0
1899,0
6862,0
28335,0
8038,0
36533,0
43589,0
3470,1
44168,1
17120,0
2477,0
19403,0
17379,0
12274,0
35314,0
13012,0
47911,0
41199,0
16272,0
9428,0
27462,0
28818,0
44839,0
3099,0
45537,1
38623,0
24797,0
49121,0
41367,0
45573,0
41341,1
39386,0
28923,1
24814,0
38452,0
24679,0
30666,0
49522,0
32956,0
37734,0
45695,0
43482,0
9964,1
18185,0
37067,0
17336,1
46210,0
5486,0
33778,0
9897,0
9629,0
43555,0
20107,0
21072,0
26410,1
38273,0
41931,0
25381,0
30281,1
27227,0
20581,0
26603,0
8392,0
6514,0
8595,0
42297,1
19838,0
16397,0
18702,0
38074,0
44081,0
15949,0
2875,0
29414,0
47295,0
28410,0
133,0
15590,0
3029,0
33008,0
9827,0
48617,0
18164,0
38495,0
45383,0
13808,0
36388,0
40136,0
12152,0
30427,0
30983,0
8271,0
14792,0
49941,1
42741,0
6112,0
40119,1
2670,0
12080,0
14282,0
34492,0
18103,0
10658,0
5995,0
7454,1
39121,0
8389,0
40809,0
40928,0
48037,0
17997,0
48226,0
5206,0
18474,0
28504,0
32661,0
23328,1
26402,0
10784,0
13807,0
31149,0
5134,0
9252,0
6761,0
17467,0
20838,0
19847,0
43861,0
38870,1
22227,0
9641,0
34018,0
27851,0
16123,0
44423,0
25717,0
39710,0
21465,0
23968,0
16485,0
31621,0
11209,0
21902,0
35378,0
41590,1
797,0
45286,1
24108,0
816,0
22856,0
12952,0
38246,0
3036,0
1798,0
2672,0
17218,0
43074,0
15373,0
32739,1
43408,1
30684,1
6141,1
5579,0
19867,0
4224,0
40312,0
25163,0
22238,0
29047,0
12512,0
4024,0
6810,0
28417,0
40219,0
37049,0
10816,0
35193,0
49017,0
4859,0
19624,0
5240,0
35478,0
33585,0
27335,0
32412,0
27549,0
49322,0
14161,0
20038,0
22788,0
33712,1
28169,0
986,0
12675,0
17952,0
12682,0
41480,0
14533,0
37513,0
46368,1
12075,0
17686,0
9139,0
10348,0
24550,0
15336,1
11587,1
30017,0
20173,0
30823,0
26290,0
37385,0
39090,0
7071,0
21011,0
23127,0
10748,0
43292,0
42460,1
47405,0
34509,0
32742,1
45194,0
20309,0
3884,0
328,0
2711,0
34721,0
4993,0
13908,0
43313,1
38130,0
24945,0
39952,1
35063,1
4023,1
12499,0
45268,0
32186,0
5571,0
46426,0
17826,0
19986,0
29050,0
19108,0
30113,1
10621,0
35483,1
14881,0
30497,0
43783,0
35075,1
37190,0
42640,0
30754,0
23943,0
26940,0
37735,0
26432,0
37393,0
6208,0
37453,1
19289,0
13308,1
12435,0
26563,0
4107,0
20733,0
18920,0
46120,0
6299,0
23752,0
30880,0
25801,0
38849,0
49868,1
19275,0
37333,0
20104,0
22132,0
8122,0
24480,0
38123,0
5794,0
20311,0
24016,0
17560,0
35850,1
13213,0
19888,0
20304,0
26327,0
22396,0
49302,0
20785,0
45811,0
4792,0
64,0
5386,0
3050,1
9490,0
44134,1
14585,0
20271,0
10325,0
39082,1
18657,0
8216,0
357,0
39823,1
11116,0
16939,0
960,0
14989,0
18656,0
45140,0
31729,0
31148,0
26530,1
14015,0
47875,1
31166,0
16566,0
12927,0
40284,0
10678,0
10243,0
26408,0
49648,1
1164,1
28633,0
4619,0
33691,1
16852,0
42185,0
11922,0
25885,0
17771,1
33743,0
13864,0
33104,1
25266,0
23367,0
35319,0
39421,0
41818,1
47292,0
27978,0
36375,0
16747,1
42725,0
45738,0
1266,1
32263,0
47080,1
29052,1
6699,0
27853,0
33933,0
41544,0
5827,0
11212,0
3417,0
23957,0
28853,0
13386,0
21399,0
49119,1
10720,0
9087,0
22444,0
49277,0
19393,0
32194,0
25540,0
36766,0
44041,0
29755,0
29530,0
12493,0
34662,0
12846,0
246,0
31456,0
15665,0
33386,1
36751,0
26985,0
34490,0
17175,0
26959,0
32997,0
25961,0
15868,0
26566,0
49411,1
10271,0
1258,0
41092,1
14709,0
39098,0
22797,0
44029,0
24636,1
15306,0
17981,0
12118,0
47909,0
5891,1
26138,1
36835,0
17234,0
11891,0
40608,0
37197,0
1042,0
15299,0
40339,0
124,1
25239,0
41771,0
36707,0
5712,0
18230,0
27874,0
21832,0
3024,0
22384,0
33940,0
14332,1
36884,0
24001,0
47421,0
14688,0
22300,0
25817,1
38608,0
42163,0
33609,0
16194,0
23809,0
14735,0
1121,0
8869,0
6518,0
47682,0
11186,0
24542,0
32458,0
1428,0
3333,0
48051,0
43550,0
29185,0
33511,0
4273,0
25655,0
38967,0
47588,0
42519,0
30011,0
5744,0
21944,0
17562,0
22883,0
41323,1
37106,0
46209,0
35954,0
49283,0
20479,0
18286,0
6396,0
32922,0
36064,0
2625,0
14362,1
47985,0
16927,0
24739,0
30834,0
36568,0
21977,0
30009,0
123,0
65,0
26154,0
22361,0
5596,0
36268,0
38305,1
22058,0
40945,0
11815,0
44454,0
27547,0
28258,0
17046,0
2352,0
16562,0
22335,0
43419,0
14159,0
23882,0
10412,0
46218,0
17839,0
33663,0
48669,0
41551,1
18824,0
6016,0
46058,1
25196,1
41865,0
31804,0
6916,0
37534,0
16800,0
18749,0
34816,0
40118,0
16522,0
48969,0
21687,0
31732,0
41969,0
13426,0
16860,0
17617,1
39263,0
40874,0
7645,0
34608,0
11160,0
42639,0
33308,0
12240,0
28574,0
8577,0
36888,0
24105,0
14606,0
7115,0
12016,0
10630,0
43373,0
546,0
690,0
6969,0
24706,0
42604,0
25215,0
38501,0
47014,0
11157,0
24678,1
2304,0
36562,0
37170,0
13626,0
38314,0
48555,0
14834,0
19300,1
42698,0
31838,0
29179,0
27640,1
18690,1
16040,0
35761,0
34766,1
24956,0
40287,0
16955,0
31229,0
48214,1
635,0
41496,1
4226,0
36134,0
17850,0
32622,1
29557,1
21061,0
14352,0
34960,0
31167,0
42954,1
4856,0
35375,0
47134,0
27190,1
4202,0
45145,0
8791,0
28631,0
37442,0
32936,0
8641,0
12964,0
45307,0
35966,0
5390,0
2497,0
13252,0
46221,0
7973,0
10947,0
7395,0
5679,0
35882,1
42333,0
33960,0
19930,0
1184,0
22102,0
37989,0
16210,0
30933,0
5279,0
17009,0
6452,0
35104,0
31590,0
29539,1
26784,0
27063,1
23710,0
20201,0
41270,0
3017,0
6968,0
34070,0
12143,0
46180,0
22614,0
41631,0
19309,0
30627,0
10009,0
2523,1
14629,0
17437,0
10189,0
13410,0
30133,0
29075,0
36809,0
3005,0
19683,0
47459,0
23436,0
14751,0
16889,0
44439,0
2815,0
5086,0
688,0
20299,0
29865,0
25945,1
9263,0
13521,0
7787,0
31225,0
7190,0
11939,0
5098,0
10544,0
15156,0
11287,0
9344,0
8626,0
37307,1
16961,0
33232,0
4464,1
13678,0
15426,0
26575,0
46871,0
12384,0
13765,0
30384,0
42898,0
9220,0
2415,0
4522,0
2576,0
3853,0
38060,0
41497,1
5382,0
23906,0
30574,0
25577,0
15393,0
4834,0
28413,0
27913,0
38939,0
8535,0
35065,0
3643,0
20401,1
28759,0
23155,0
22268,0
9131,0
46796,0
42053,0
4317,0
3558,0
39144,0
2247,0
4933,0
8982,0
17873,0
48899,1
26403,0
49626,0
11026,0
44400,0
33528,0
32755,0
45711,0
29276,0
44227,1
11824,0
11224,0
14457,0
45413,0
38100,0
48957,0
4684,0
32597,1
3918,0
30246,0
11642,0
27042,0
11147,0
1734,0
10473,1
899,0
5872,0
30549,0
23716,0
40344,0
14205,0
26256,1
31779,0
42246,0
24407,0
29054,0
23877,0
32535,0
6333,0
48985,0
23672,0
10842,0
37976,0
48412,0
20868,0
30707,0
8402,0
32614,1
27342,0
21607,0
42539,0
32359,1
25506,0
17936,0
6179,0
35826,1
21380,0
2365,0
34222,0
20605,0
19555,0
49950,0
20380,0
14351,0
38242,0
145,0
24854,0
45773,0
14546,0
5012,0
12211,1
1809,0
17137,0
10879,0
46236,0
21193,1
38469,0
11109,0
21003,0
49565,0
45243,0
27534,1
39184,1
30931,0
19819,0
40611,0
44664,0
4016,1
3372,0
49025,0
39391,0
7927,0
21785,0
10945,0
16919,1
30479,0
38835,0
23140,0
39545,0
10673,1
25927,0
15774,0
45192,1
31829,0
22053,0
15523,1
42319,0
25548,0
926,0
27995,1
22141,0
10021,0
8970,0
12239,0
5284,0
36862,0
22961,0
30872,0
31990,0
29806,0
8431,1
13263,0
21101,0
10216,0
38434,0
40071,0
40299,0
12331,0
9504,0
38387,1
37466,0
8009,1
10957,0
40069,0
15324,0
39042,0
6749,0
36487,0
22898,0
1717,1
9469,0
28534,0
10279,0
3546,0
26427,0
765,0
4029,0
32072,0
31314,0
24573,0
29524,1
42059,0
24203,0
15255,0
4138,0
8450,0
24419,0
44517,0
7980,0
6720,0
18058,0
40876,1
35697,0
34251,0
26812,0
12973,0
6345,1
43044,0
16886,0
19478,0
32207,0
21371,0
15559,0
36964,0
29165,0
642,0
43513,1
16769,1
34969,0
33640,0
30285,0
46768,0
41887,0
49653,1
19302,0
35608,1
42389,1
24927,0
27860,0
17161,0
12944,0
20326,0
44496,0
25997,0
36366,0
3230,1
24418,0
28059,0
47529,0
18989,0
43352,1
14308,0
29072,0
23998,0
33656,0
36019,0
13698,0
24734,0
12410,0
30678,0
36913,0
44957,0
36136,0
37605,0
12083,0
14577,0
10803,0
42401,1
39482,0
1601,0
8960,0
36236,0
19785,0
9331,0
397,0
33266,1
22853,0
2054,0
16371,1
34728,0
14245,0
7166,0
35886,1
21985,0
40441,0
24675,0
10979,0
48453,0
48164,1
9874,0
42236,0
15914,0
5175,1
41782,0
42595,0
24629,1
45390,0
36815,0
43436,0
44294,0
2454,1
34501,0
46537,0
15814,0
43032,1
25536,0
7439,0
15756,0
31538,0
22660,0
24847,0
21582,0
34362,1
37410,0
43958,1
6854,0
14232,0
25890,1
4457,0
44547,0
37821,0
14220,0
48907,1
41452,0
21192,0
13479,0
24087,0
9927,0
44824,0
959,0
37550,0
24574,1
44355,0
34682,0
20856,0
32741,1
11903,0
48471,0
4391,0
49790,1
22002,0
3185,0
23652,0
36280,0
3576,0
21140,0
34852,1
41614,0
9018,0
23539,0
1276,0
5565,0
42264,0
17025,0
2789,0
49080,0
17463,0
31293,0
26809,0
35601,0
12535,1
9488,0
17672,1
34991,0
8416,0
42911,0
21031,0
29354,0
5089,0
40160,0
12851,0
48631,0
18546,0
34380,0
36695,0
28518,0
21637,0
7914,0
1338,0
49325,0
46202,0
17633,0
22673,0
22345,1
15384,0
37297,0
10767,0
16808,0
26618,0
14815,0
20845,0
9125,0
12533,0
23008,0
17749,1
48751,0
3780,0
38582,0
32711,1
40029,0
41357,1
22605,0
417,0
33690,1
44701,1
23938,0
16662,0
20553,0
1922,0
31912,1
13797,0
2219,0
31614,0
42624,0
42584,0
35706,1
41896,1
22320,0
42672,0
5615,0
9611,0
8406,0
40899,0
24156,0
16547,0
178,0
38540,0
45632,0
46669,0
20869,0
2436,0
20056,0
5746,0
11290,0
32975,0
1175,0
15606,0
33313,0
17092,0
36475,0
11302,0
25613,1
33568,1
35829,0
2263,0
24440,0
32901,0
29842,0
45510,0
21930,0
9635,0
38684,0
36119,0
13431,0
10535,0
47993,1
11312,0
22826,1
27296,1
35695,1
45042,1
19891,0
30410,0
25665,1
8519,0
5359,0
39123,0
23482,0
10115,0
33054,0
41211,1
34212,0
13056,0
13226,0
48668,1
17840,0
29792,0
43287,0
22134,0
22591,0
37737,0
18276,0
10416,0
35818,1
28614,0
32814,0
16835,0
14122,0
29030,0
29651,0
48965,0
3440,0
2575,0
10871,1
33982,0
5804,0
18502,0
28734,0
23835,0
48929,0
13339,0
23633,0
2254,0
40006,0
11727,0
42249,0
46789,0
39023,0
29910,0
25066,1
3133,0
40872,0
34217,1
40590,0
45094,0
25680,0
10032,0
6588,0
43771,0
47624,0
25043,0
44259,0
3858,0
38935,1
8053,0
12047,0
37544,0
28613,1
12006,1
33645,0
1599,0
32129,0
45941,0
48947,0
31338,0
19158,0
42366,0
42047,0
21274,0
862,0
40869,0
10735,0
16899,0
29394,1
31007,0
34088,0
46538,0
10056,0
18834,0
28800,0
30673,0
19105,0
27527,0
11030,0
1859,0
8179,0
42322,1
24554,0
46011,0
46675,0
40123,0
26545,0
47267,0
9591,0
5550,0
22566,0
24537,0
22897,0
22618,0
39526,0
44560,0
7721,0
15413,0
20603,0
28780,0
19941,0
9049,0
33413,0
6329,0
39455,0
10097,1
15365,1
16514,0
7710,0
42914,0
40578,1
25114,0
23747,0
48188,1
28326,0
35910,0
23814,0
2479,0
42975,1
32697,0
38875,0
34147,0
1784,0
29830,0
25815,0
39192,1
15673,1
9308,0
43805,0
11766,0
44183,0
17983,0
26030,0
27129,0
37679,0
710,0
4280,0
17371,0
12125,0
9681,0
35573,1
6325,0
39011,0
21729,0
2174,0
10944,0
18853,0
20754,0
39398,0
17269,0
9983,0
22736,1
43299,0
44435,1
45606,0
25076,0
4503,0
19481,0
21055,0
11734,1
10517,1
31188,0
48334,0
36307,0
23368,0
20242,0
27114,0
13159,0
31607,0
33470,0
13563,0
46154,0
36626,0
3681,0
18790,0
47759,1
48875,0
30603,0
6829,1
8235,0
26391,0
38529,0
14016,0
21278,0
48614,0
5686,0
36232,1
16722,0
21045,0
45912,0
25970,0
33802,0
12094,0
43593,0
33614,0
46299,0
39863,0
30316,0
1992,0
30189,0
46827,0
37044,1
36419,0
32034,0
45763,1
20910,0
13981,0
30259,0
26515,0
37296,0
19151,0
28661,0
21135,0
7442,0
35110,0
38553,0
43696,0
18818,1
27458,0
23018,0
5387,0
31270,0
41103,0
40195,1
13775,0
34364,1
22391,0
41805,0
29991,0
19732,1
45918,1
48394,1
18250,0
20825,0
25621,0
7006,0
33549,0
46312,1
40552,0
689,0
49656,1
24482,0
3617,0
17058,0
4406,0
16474,0
36344,0
29319,1
16571,0
42306,0
36686,0
47754,0
49955,1
46160,0
13064,0
6822,0
33812,0
42525,0
40511,0
21876,0
8199,0
34666,0
34324,0
22465,0
41365,0
27595,0
39037,1
35654,0
19430,0
20901,0
31013,0
38087,1
40152,0
24298,0
46469,0
19384,0
37586,1
6181,0
20689,0
31161,0
2837,0
43015,0
13729,0
36783,1
27171,0
20823,0
9020,1
20988,0
29764,1
40527,0
26302,0
47760,0
7708,0
24410,0
33721,1
41833,0
13055,0
20565,0
22555,0
49301,1
11702,0
16290,0
29229,0
41393,1
29682,1
30469,0
11963,0
19043,0
30230,0
16369,0
17166,0
551,0
16347,1
49520,0
19704,0
45450,0
24401,0
7886,0
9002,0
26612,0
40383,1
8361,0
37475,0
9312,0
47172,0
5323,0
13759,0
45285,1
27606,0
44342,0
22990,1
49512,0
42855,0
21105,0
30406,1
11039,0
40718,0
45098,1
40315,1
23203,0
17898,0
39337,0
13112,0
4611,0
2825,0
28095,0
36444,0
2096,0
5306,0
49471,0
34339,0
3141,0
46636,0
12890,0
26663,0
34435,0
13957,0
48963,0
5707,0
25697,0
10953,0
14668,0
40502,0
24965,0
13045,0
1471,0
39,0
44258,0
25523,0
40852,0
40819,0
38204,0
48407,0
12268,0
16695,0
20779,0
41221,0
27363,0
20359,0
46526,0
43319,0
22975,0
8936,1
13087,0
29193,0
31562,0
20245,0
8742,0
29331,0
33114,0
6886,0
19969,0
37541,0
34565,0
16081,0
47904,0
3143,0
14024,0
35462,1
39576,0
11938,0
41502,1
28433,1
29316,1
13235,0
49521,0
31913,0
41355,0
45838,0
34334,0
49271,1
26085,0
35576,1
47981,0
42606,0
24463,0
6324,0
24349,0
40428,0
5118,0
20123,0
22734,1
12808,0
7957,0
67,0
16267,0
42291,0
35223,0
139,0
19181,0
21439,0
25507,0
46800,0
49241,0
8764,0
10604,0
31967,0
20231,0
40149,0
29573,1
4754,0
3362,0
17663,0
4931,0
35146,0
29112,0
27976,0
30786,0
21964,1
15409,0
30222,0
21341,0
22974,0
6070,0
3087,0
35071,0
16857,0
49747,0
45925,0
13131,0
44330,0
46053,0
17173,0
39947,0
3172,0
28383,1
19295,0
25811,1
39240,1
19112,0
1118,1
19389,0
44361,0
28340,0
26611,0
4203,0
20293,0
6727,0
15177,0
34445,1
3874,1
41584,1
40001,0
34027,1
15300,0
3591,0
16907,0
45626,0
30676,0
45330,0
8635,0
25694,1
23481,0
24248,0
13652,0
46992,1
8381,0
39940,0
24661,0
45435,0
12269,0
44608,1
2089,0
25389,0
43558,0
811,0
6081,0
3970,0
34514,0
15158,0
12307,0
40646,0
19932,0
1173,0
39558,0
42237,0
13677,0
22507,1
12332,0
41687,0
12705,0
37977,1
33877,0
24779,0
35157,0
34493,0
34406,1
43237,0
39562,0
2166,0
8697,0
36764,0
34629,0
49988,0
13025,0
6823,0
31578,1
42432,1
20723,0
44588,0
36212,0
10909,0
25470,0
41287,0
11567,0
13072,0
46642,0
26399,0
509,0
21730,0
38315,0
49256,0
48788,0
3331,0
30039,1
2888,0
10144,0
40592,0
6380,0
24493,0
16559,0
15874,1
21382,0
39045,0
26975,0
13397,0
859,0
12521,0
22293,0
13663,0
17987,0
20961,0
46125,0
48148,1
44589,0
13653,0
23982,0
14326,0
5097,0
3640,0
20164,0
44322,0
2996,0
30873,0
30776,0
42580,0
39668,0
18901,0
22656,0
39711,0
39207,1
31380,0
40222,0
2877,0
9524,0
10524,0
395,0
19409,0
21206,0
11575,0
14640,0
26982,0
8589,0
23559,0
35356,1
28718,0
29634,0
17747,0
3799,0
18881,0
6637,1
48732,0
16639,0
37175,0
23372,0
25758,0
3764,0
44815,0
16336,0
13695,0
7560,0
28325,0
14171,0
5463,0
32196,0
20327,0
40714,0
5025,0
22350,0
16640,0
28480,0
11141,0
11247,1
16851,0
38196,0
20935,0
22443,0
30895,0
46596,0
1186,0
43758,0
13416,0
20619,0
11941,0
35861,0
13918,0
6665,0
48843,0
18070,0
18260,0
45804,0
39607,0
46511,0
42920,0
24421,0
26298,0
7238,0
29127,0
9255,0
23875,0
19591,0
16816,0
9314,0
35290,0
12722,0
15022,0
11507,1
19281,0
29914,0
14344,0
9094,0
49374,0
36490,0
28737,0
10513,0
9732,0
36659,0
26099,0
45809,0
45054,1
41444,0
47571,0
3243,1
3935,0
26362,0
49104,0
1364,0
27972,0
34540,0
46328,0
49549,0
41548,1
29202,0
7131,0
2132,0
44284,1
12442,0
6806,0
15213,1
29550,1
33876,0
11523,0
1237,0
37215,0
47003,0
47763,0
44437,0
14360,1
29434,0
13323,0
18428,0
33391,0
22442,0
26264,0
20284,0
27847,0
10242,0
48411,1
1744,1
21692,0
46901,0
44961,0
19914,0
11482,0
951,0
7907,0
41101,0
2139,0
15096,0
22952,0
49407,0
10568,0
47823,0
998,0
14811,0
1681,1
6405,1
9835,0
23347,0
20759,0
27150,0
47695,0
3787,0
26748,0
36865,0
12793,0
49829,0
35907,1
14169,0
13300,0
38621,0
49311,0
40605,1
34778,0
4376,1
1528,0
44226,1
5978,0
2706,0
18265,0
16381,0
1596,0
36231,0
34518,0
27452,1
37322,0
38393,1
27701,0
850,0
3849,0
18847,0
33234,0
14708,0
20374,0
4211,0
16979,0
7796,0
6971,0
15675,0
7593,1
20533,0
17964,0
19522,0
44970,0
30143,0
13619,0
28185,0
36259,1
11220,1
6940,0
11699,0
17185,0
39575,0
10250,0
24853,0
1311,0
32857,0
49934,0
15644,0
12398,0
9498,0
40934,0
31142,0
12157,0
3915,0
34400,0
3198,0
2450,1
38264,0
25893,0
39618,0
39128,0
40007,0
18499,0
25023,0
3056,0
42320,1
19189,0
31662,1
16413,0
19474,0
38974,0
43627,0
43368,0
49843,1
10052,1
14738,0
2218,0
38390,0
13956,0
25848,0
242,0
22338,0
5726,0
49654,0
4901,0
37286,0
3250,0
37767,0
16744,1
45206,0
45953,0
35808,0
42134,0
44213,1
39036,0
23183,0
33598,0
7207,0
22854,0
30060,0
6818,0
31282,0
13309,0
35323,0
18478,0
34442,1
2570,0
8460,0
40589,0
27239,0
16563,0
35666,0
1794,1
4853,0
27281,0
38670,0
29340,0
19957,0
45431,0
49428,0
34912,0
26244,0
48914,0
3959,1
45862,0
19977,0
34006,1
35647,1
38932,1
13675,0
3880,0
43884,0
46694,0
18396,0
23880,0
41475,0
27877,0
12921,0
12315,0
17847,0
3255,0
47422,1
14654,0
33851,0
15103,0
2876,0
46579,0
8836,0
15310,0
31184,0
37951,0
3038,0
45224,0
40896,0
10622,0
5133,0
27208,1
20356,1
11871,0
35814,0
18195,0
27313,0
13747,0
44498,0
11069,0
17829,1
41442,1
40747,0
36439,0
26009,0
40431,0
4989,0
23354,0
23440,1
16933,0
48035,0
27094,0
34892,0
24618,0
10371,0
9227,0
3639,0
6474,1
44731,0
41474,1
8864,0
38037,0
40295,0
4718,0
2153,0
45680,0
49755,0
43397,0
17305,0
36970,0
21976,0
19946,0
36005,0
9809,0
8438,0
36284,0
19433,0
30290,0
20851,0
33238,0
39185,0
5834,0
11390,0
43621,0
21511,0
33838,0
28909,0
7620,0
7611,0
23166,0
13219,0
48709,0
15326,1
14307,0
43821,1
39679,0
31006,0
14321,0
19335,0
15984,0
32716,0
11974,0
25057,0
3442,0
41799,0
39406,0
14653,0
19628,0
432,0
42965,0
26615,0
20538,0
294,0
9664,0
25752,0
12600,0
28050,1
23743,0
43346,1
8666,0
908,0
5377,0
27127,1
10508,0
833,0
789,0
45725,0
3441,0
27521,0
45888,0
14514,0
23346,1
18430,0
31897,0
37320,1
8483,0
10514,0
39415,0
48315,1
27029,0
31335,0
8667,0
17674,1
43914,0
38879,0
25014,0
34427,0
49440,0
11580,0
33253,0
46797,0
31916,0
35010,0
30657,0
3774,0
5079,0
49731,0
24101,1
8452,0
31678,0
27264,0
45331,1
15244,0
47484,1
42803,1
10778,0
22494,0
33737,0
11984,0
35934,0
3371,0
42765,0
26937,0
9199,0
918,0
2198,0
69,0
18950,0
12822,0
40112,0
42156,0
26012,0
34102,0
34023,0
20790,0
24451,0
35500,1
22473,0
10148,0
6346,0
26355,0
17395,0
34175,0
42990,0
24564,0
14029,1
4943,0
46987,0
32229,1
17107,0
27686,0
34552,0
5657,0
25234,0
22474,1
49825,0
27146,0
5430,0
48961,0
37631,0
6161,0
44712,0
2950,0
28147,0
43768,1
36684,0
38821,0
33976,0
15619,0
11698,0
48102,0
16577,0
33720,0
26630,0
27106,0
16624,0
7511,0
25087,0
38770,0
49642,0
13145,0
47829,0
38212,0
8174,0
5896,0
6127,0
39104,0
42123,0
38866,0
41916,0
41621,0
15007,0
28425,0
39109,0
48089,0
31305,0
4742,0
22251,1
46441,1
33047,0
668,1
45455,1
7741,0
3157,0
2870,1
13006,0
10918,0
24430,0
2521,0
26044,0
15778,0
13078,0
35946,0
17645,0
28936,0
1861,0
17951,0
30848,0
17262,0
44999,0
26686,0
520,1
30752,0
42629,1
38711,0
732,0
23468,0
4998,0
10358,0
42427,0
37055,0
38370,0
38612,1
25282,0
49213,0
44729,0
44966,0
7941,0
39515,0
43451,0
38139,0
25787,0
39543,0
36376,1
20181,0
47804,0
28096,0
39416,0
31028,0
24320,0
5099,0
44505,0
14498,0
28684,0
25822,1
21462,0
5147,0
43687,0
41538,1
30092,0
39822,1
36510,0
45770,0
22537,1
23215,0
95,0
39600,0
36621,0
34992,1
27989,0
46929,1
29732,0
18046,0
47607,0
26020,0
24708,0
40456,0
25683,0
10617,0
24426,0
5847,0
4061,0
8308,0
35594,0
39442,0
25343,0
24615,0
20937,0
48493,0
36286,1
38307,1
11755,0
40964,0
34626,0
25291,0
34635,0
17733,0
21583,0
47282,0
30780,0
28653,0
25048,0
42669,1
23515,0
11674,0
8114,1
29523,1
14867,0
10575,0
47929,1
49492,1
33394,1
37827,0
44887,0
24502,0
26336,0
5113,0
18082,0
16968,0
29049,0
17309,0
19571,0
49879,1
7600,0
25708,0
40754,0
32051,0
35793,0
29253,0
14075,0
25718,0
49463,0
1474,0
5985,0
44662,0
33475,0
530,0
32488,0
29091,1
40931,0
32007,0
14197,0
9266,0
48371,1
44013,1
1033,0
8910,0
28567,0
20758,0
28639,0
47941,0
36265,0
22516,0
31157,0
15650,1
7512,1
41207,0
6029,0
37075,0
1527,1
41020,1
39118,0
19782,0
23026,0
42064,0
4672,0
27306,1
30241,0
3757,0
24740,0
41117,0
45078,0
2331,1
13315,0
30978,0
27538,0
10374,0
21455,0
2503,0
10182,0
2381,0
33194,0
19029,0
42498,1
25331,0
8275,0
41240,0
14359,0
14928,0
23722,0
30730,0
43684,0
27269,0
40814,0
430,0
41113,0
37229,0
29214,1
48302,0
667,0
13175,0
4225,0
42703,1
27479,1
43191,1
12538,0
16390,0
39186,0
35877,0
35054,0
37761,1
946,1
40900,0
41745,0
49488,0
5818,0
37813,0
7163,0
22326,0
30536,0
49230,0
6254,0
19231,0
44960,0
31996,0
14073,0
26452,0
42356,0
20955,0
14886,0
32888,0
26175,0
34245,0
43996,0
42785,0
49431,1
19180,0
30450,0
9014,0
36269,0
29940,0
33486,0
22763,0
35607,0
2234,1
29327,1
22877,0
22216,0
26852,0
28817,0
42477,0
790,0
6965,0
22003,0
45814,1
24566,0
43985,0
15982,0
2857,0
49896,0
46857,0
43692,0
39619,0
17817,1
4083,0
30584,1
47640,0
22692,1
27935,0
12013,0
38702,0
28474,0
14051,0
17359,0
30309,0
19235,0
19748,0
27495,0
13054,0
32141,0
31825,0
5036,0
10106,0
32604,1
24061,0
19779,0
9810,0
5918,0
29956,1
20802,0
27320,1
43465,0
35658,0
42409,0
34021,0
35544,1
37538,0
26349,0
48552,0
23190,0
36872,0
3200,0
1994,0
41913,0
4600,0
6608,0
8419,0
26835,0
49796,0
36974,1
884,0
14612,0
26573,1
7969,0
18640,0
48288,0
38934,0
44162,0
31103,0
4766,0
32357,1
45339,0
403,0
29135,0
7850,0
34333,0
2684,1
36803,1
32466,0
48042,0
30854,0
11817,0
376,0
46207,0
27693,0
15397,1
13142,0
15378,1
21764,0
38552,0
9996,0
31239,0
237,0
20382,1
40316,0
7194,0
40652,0
19509,0
5618,0
5950,0
18457,0
46342,0
35967,0
25293,0
28594,0
33180,0
10218,0
5535,0
1710,0
22351,0
32862,0
26144,0
38265,0
31708,0
34133,0
2453,1
35667,0
48229,0
46612,0
38559,0
26352,0
14142,0
35038,1
30134,0
49803,1
20958,0
27846,0
20633,0
24434,0
217,0
45248,0
39338,0
7307,0
29874,0
1852,0
3197,0
29980,1
35094,0
36106,0
42610,0
37628,0
14777,1
34602,0
20139,0
37973,0
12942,0
12113,1
32496,0
23687,0
10637,0
19276,0
36645,0
32305,1
7748,0
13135,0
4554,0
10586,0
45791,0
39647,0
4409,0
14317,1
17475,0
3523,0
40451,0
42938,0
42395,1
17339,0
21650,0
16987,0
2907,0
29507,0
36711,1
31413,0
5806,0
7206,0
22758,0
10839,0
10861,0
92,0
40484,0
2348,0
28387,1
46994,0
16141,0
16545,0
25395,0
28328,0
30214,1
4047,0
8699,0
286,0
13905,0
48101,0
3277,0
48569,0
28058,1
33987,0
30231,0
38254,0
31855,0
10763,0
17851,1
34205,0
18113,0
7777,0
14820,0
14216,0
34529,0
31262,0
3388,0
16581,1
2901,0
35981,0
21036,0
42296,0
38865,0
43309,1
23705,0
28338,0
43087,0
8016,0
44367,0
35519,0
16536,0
916,0
38828,0
39423,0
9472,0
14642,0
48752,1
47967,0
24245,0
40377,0
26485,0
1089,1
13396,0
10297,0
15548,0
46388,0
35951,0
12873,1
46006,0
45997,0
15450,0
7828,0
41554,0
35892,0
42222,1
3811,0
8812,0
49026,0
37039,0
14191,0
14798,0
16980,0
3435,0
34639,0
27077,0
42523,0
3148,0
49148,1
2937,0
49223,0
24219,0
12693,0
18384,0
37182,0
47919,0
7815,0
22745,0
2629,0
27553,0
47758,1
48430,0
31383,0
12170,0
42684,0
41336,1
33711,0
4906,0
47770,1
204,0
40813,1
34989,1
34471,1
46434,0
9423,1
8090,0
49490,0
35812,0
49918,0
4535,0
1914,1
16705,1
13469,0
22062,0
13780,0
32934,0
41550,1
1631,0
47063,0
19629,0
43679,0
19368,0
31092,1
383,0
10048,0
2980,1
37970,0
33542,1
6666,0
1430,0
30761,0
48688,1
39075,1
22286,0
45381,0
44807,1
18461,0
10070,0
15205,1
48483,0
9339,0
5370,0
10178,0
29871,1
18765,0
4735,0
16856,0
21480,0
2752,0
15542,0
16490,0
10477,0
21852,0
15902,0
36648,0
43386,0
44493,0
25313,0
47176,0
43101,0
30098,0
13588,1
733,0
26983,1
43573,0
28897,0
8774,0
8031,0
41433,0
11033,0
36451,0
20444,0
43640,0
16013,0
31096,0
9687,0
43190,0
43406,0
6953,0
25831,0
1440,0
18231,0
43697,1
11397,0
21996,0
7555,1
34275,0
38221,0
30050,0
4656,0
24324,0
29339,1
33578,0
37062,0
11691,0
49349,0
16341,0
40070,0
40055,0
1333,1
23375,1
29636,1
2790,0
44624,1
2197,0
41685,0
42715,1
21760,0
14817,0
38720,0
44039,1
3968,0
44756,0
27191,1
12485,0
43819,0
14745,0
11739,0
38156,0
9408,0
6282,0
37040,0
6300,1
11842,0
39636,0
45854,0
45987,0
48792,0
16436,1
2692,0
12796,0
26730,1
6102,0
7169,0
6410,0
17056,0
11798,0
48252,0
38511,0
12044,0
49082,0
12558,0
6048,0
32692,1
36604,0
7320,0
12323,0
4895,0
26546,0
17825,0
2368,0
38596,0
29464,1
27483,0
36396,0
5210,0
33499,0
31844,0
18296,0
17165,0
23110,0
36324,0
8725,0
40565,0
2555,0
16010,0
12735,0
1317,0
46545,0
16457,0
16297,1
20987,0
32538,0
25154,0
49506,0
1421,1
8640,0
35286,0
18274,0
7609,0
20539,0
48581,1
36091,0
47093,0
5353,0
14479,0
33735,0
2421,0
6799,0
31918,0
2527,0
35380,0
31671,0
33212,0
38993,1
34002,0
46153,0
3431,0
21870,0
3137,0
37711,0
47895,1
45693,0
46204,0
34857,0
43862,1
6913,1
26513,1
25836,0
11080,0
25928,0
12377,0
31668,0
44472,0
20725,0
21139,0
43911,1
45970,1
24171,0
12825,0
18605,0
15832,0
30293,0
24980,0
17879,0
6675,0
12897,0
46393,0
8396,0
42708,0
41809,0
28093,0
9759,0
36492,0
47477,0
42301,0
8924,0
2141,0
21174,0
20032,0
7754,0
32719,0
9501,0
13751,0
25691,0
48737,0
43225,0
22891,0
26177,0
28883,1
34085,0
18697,0
39743,0
6507,0
40423,0
27378,0
10959,0
14461,0
30129,0
13181,0
9766,0
5282,0
39944,0
49254,1
14126,0
13850,0
18750,0
643,0
43631,0
26052,1
17627,0
43837,0
41696,0
39808,0
37800,0
12596,0
30115,0
26736,1
16212,0
21295,0
16092,0
23317,0
34731,0
13662,0
11470,0
47771,0
8068,0
29217,0
13383,0
14355,0
5906,0
15203,1
46862,1
3689,0
43929,0
42810,0
27043,1
1312,0
26547,0
49948,1
11103,0
41506,0
2361,0
21270,0
18680,0
40084,0
13466,0
47392,0
4677,0
31702,1
41866,0
15875,0
4957,0
27066,1
28151,0
43013,1
33320,1
40465,0
6858,0
30376,0
46867,0
26713,0
43643,0
21795,0
27206,0
8152,0
28611,0
36471,0
10725,0
41879,0
45468,0
41100,0
17321,0
32195,0
29513,1
38180,0
25146,0
33531,0
37460,0
4937,0
27145,0
24277,0
45005,0
32795,0
31035,0
20528,0
18903,0
23520,0
21609,0
20724,0
31957,0
45604,0
6594,0
7704,0
7785,0
28687,1
13975,0
15298,0
41068,1
8146,0
17390,0
38850,1
49673,0
32704,0
25180,0
4559,0
2265,0
39469,0
32113,0
49617,0
27071,0
4622,0
33378,0
34786,0
40692,0
3358,0
46734,0
23656,0
6479,0
48342,0
38936,0
42747,0
33373,0
24403,0
1395,0
46280,0
3929,0
17198,0
36193,0
31180,0
36997,1
26176,1
25782,0
19534,0
8781,0
39343,0
44191,1
13767,0
20777,0
35135,0
17273,0
28463,1
6572,0
26445,0
20841,0
40623,0
22201,0
37125,0
18281,0
21368,1
39189,0
22915,0
16969,0
16117,0
3536,0
43296,1
20956,0
30313,1
42625,0
11237,0
31833,0
18208,0
20439,0
32437,0
25339,0
43626,0
6687,0
7415,0
31921,0
11960,0
44106,0
49076,0
35377,0
349,0
22825,0
30560,0
19784,0
11097,0
35320,1
3131,0
37683,0
49981,0
44249,0
47406,0
3307,1
4582,0
44862,0
7860,0
1350,1
46344,0
45672,0
991,0
32478,0
20965,0
44617,0
12505,0
27017,0
39229,0
13322,0
209,0
33963,1
22796,0
9270,0
41119,0
17230,0
28245,0
29876,0
20757,1
4476,0
17211,0
22192,0
16355,0
49183,0
1515,0
9417,0
26697,0
40201,0
2651,0
40302,0
6035,0
26040,0
13364,0
8498,0
1879,0
11438,1
25790,0
27401,0
37429,0
29296,0
10046,0
3065,0
7670,0
28267,1
31886,0
48925,0
3438,1
35185,0
17940,0
38290,0
20943,0
13496,0
25430,0
31875,0
44754,0
34973,1
34008,0
39896,0
36456,0
45006,0
35738,1
47248,1
49631,0
11957,0
43127,0
30165,0
41674,0
5449,0
10785,0
3945,0
32714,0
27765,0
24295,0
18387,0
39894,0
42036,0
14977,0
9412,0
4413,0
39402,0
18370,0
16095,0
8192,0
25232,0
16749,0
44154,0
4116,0
16410,0
31847,0
14066,0
29847,0
37524,0
12198,0
25567,0
43128,0
29778,0
8159,0
42095,0
25576,0
43647,0
38219,0
28600,1
23324,0
4420,0
15340,1
18809,0
24229,0
25777,0
20888,0
12778,0
38343,1
43774,0
42349,0
15824,0
537,0
29789,0
28556,0
39342,0
25955,0
36405,0
41013,0
3289,1
45075,0
27742,0
8320,0
42946,0
17410,1
38638,0
31501,0
14250,0
25054,0
47385,0
16229,1
3775,0
47729,0
15443,1
9276,0
16847,0
35853,1
30768,0
22063,0
7574,0
29947,0
44893,0
24481,0
2598,0
30679,0
45655,0
32426,0
3684,0
48676,0
37300,0
28381,0
27260,0
4054,0
3380,0
24204,0
2264,0
39399,0
14003,0
5680,1
47649,0
21395,0
18827,0
32213,0
36425,1
20315,0
33852,0
28848,0
47276,1
46902,0
13167,0
41937,0
28699,0
4345,0
26953,0
35784,1
48964,0
20926,0
23063,1
21865,0
42438,0
35411,1
8021,0
277,0
27804,1
42466,0
28250,0
37708,0
46111,0
7630,0
11309,0
36350,0
3281,0
28378,1
7357,0
46698,0
41158,0
40280,0
7963,0
47212,0
46199,0
13735,0
287,0
2954,0
22816,0
22886,1
35091,0
12433,1
38358,0
14788,0
10574,0
15666,0
35370,0
38346,0
17989,0
19777,0
24760,0
12289,0
36326,0
13891,0
20714,0
36168,0
48068,0
35817,0
37110,0
45034,0
35381,1
23542,0
26369,0
46093,0
11121,1
21110,0
30041,0
31003,0
35991,0
2925,0
22313,1
13727,0
17587,1
5196,0
38325,0
41514,0
43282,1
24597,1
9513,0
4394,0
44889,0
27162,0
39666,0
7247,0
11378,1
5107,0
41929,0
10599,0
47528,0
28720,0
42949,0
14571,0
16022,0
42782,1
20344,0
1579,0
24267,0
22148,0
17189,0
18547,0
45343,0
37913,0
11632,0
41634,1
38526,1
26683,1
24091,1
31217,0
39621,0
34979,1
14932,0
16601,0
47189,0
48004,0
27882,0
8129,0
20446,0
34658,0
42302,0
23021,1
21912,0
27998,0
11563,1
43250,0
24123,0
27185,0
28317,0
27441,0
1563,1
42520,1
22397,1
33322,0
33248,0
24970,0
45076,1
19984,0
8879,0
20241,0
1539,0
990,0
7526,0
30085,0
31958,1
42862,0
46519,0
21566,0
11434,1
29093,0
11981,0
30982,1
46043,1
27915,0
32571,0
16300,1
3,0
14801,0
45019,0
22501,0
19200,0
16239,0
40746,0
15715,0
39290,0
45971,0
2727,0
9496,0
18634,1
11228,1
24682,0
48739,0
7342,0
11706,0
22496,0
11305,0
44008,1
13674,0
42075,0
26122,0
25587,0
29919,0
32146,0
47198,0
12052,0
33452,0
32586,0
26700,0
39746,0
21116,0
2661,0
8691,0
10435,0
37820,0
49692,0
48074,1
13363,1
19147,0
27073,1
5693,1
9758,0
44466,0
27431,0
25285,0
17629,0
30562,0
21862,0
2982,1
19528,0
24902,0
5441,0
6121,0
45334,0
786,0
34439,1
43585,0
47547,0
30296,1
39713,0
34902,0
24545,0
43957,0
36740,0
41649,0
42788,1
18439,0
28285,1
31618,0
44377,0
36073,0
8170,1
10930,0
30582,0
40143,0
5319,1
26121,1
25791,0
33368,0
27303,0
25622,0
32855,0
23634,0
8413,0
12560,0
29723,0
6489,0
13931,0
16145,0
13640,0
25802,0
32853,0
42892,0
13845,0
25849,0
45360,1
36318,0
46583,1
21390,0
23027,0
19441,0
32881,0
32917,1
38403,0
3663,0
7753,0
39559,0
46038,0
13293,0
10662,0
14048,0
11536,1
35213,1
32429,0
41647,1
34895,0
3500,0
7279,0
8975,0
26048,1
31919,0
42760,0
23007,0
41961,1
46580,0
19517,0
28213,0
1277,0
34343,0
1521,0
401,0
4120,0
13132,0
20302,1
5238,0
16996,0
14901,0
18277,0
22105,0
19962,0
17854,1
40741,0
31036,0
28945,0
7464,0
39659,0
17457,0
5103,0
26224,0
34190,1
47286,0
6512,0
33082,0
26901,0
41313,0
16165,0
48691,0
2058,0
5637,0
175,0
17423,0
40361,0
35635,1
19677,0
48690,0
7601,0
1174,0
32815,0
41655,0
7508,0
7017,0
37795,0
37658,0
5947,0
12175,0
42357,1
42886,0
15704,0
30966,0
2540,0
47980,0
37428,0
47412,0
42050,0
14504,0
24841,0
49725,1
3190,0
40615,0
6879,0
25571,0
21471,0
39196,0
47948,0
3821,0
12258,0
25967,1
44585,0
9325,0
17116,0
30465,0
35973,0
6786,0
32918,0
31487,0
49786,0
18099,0
19085,0
31155,0
14976,0
670,0
5060,0
31868,0
46444,0
37661,1
38755,0
31207,0
41897,0
42281,0
19362,0
27018,0
23503,0
33018,0
23792,0
28557,0
31695,0
28837,1
23356,0
12621,0
27916,0
30323,0
48003,0
1606,0
8467,0
13049,0
47025,0
25192,0
34586,0
49858,1
26259,0
28085,0
44289,0
14576,0
22405,1
17443,1
17812,1
19287,0
921,0
35602,0
16777,1
33127,0
49281,0
14506,0
45477,0
889,0
40150,0
13422,0
11028,0
27899,0
42904,0
41340,1
35129,1
34331,1
39461,0
21134,0
43731,0
31468,0
45297,0
20436,0
2894,0
14276,0
19434,1
15354,0
49510,0
43773,0
26672,0
47256,0
5662,0
37471,0
32527,1
25756,0
5218,0
14996,0
3762,0
20450,0
11731,0
6347,0
28881,0
28871,0
26478,0
39025,1
8765,0
47815,1
10920,0
24490,0
26807,0
17714,0
37122,0
42004,0
40775,1
14766,0
28889,1
46310,0
5434,0
39954,1
10258,0
3556,0
30176,0
8891,0
46294,0
20584,0
5239,0
36939,1
3019,0
24114,0
30359,0
48360,0
39913,0
46496,0
14615,0
19647,0
39624,0
18308,0
14064,0
24179,0
1709,0
43328,1
23360,0
43095,1
6083,0
9935,0
41312,0
27052,0
26740,0
11660,0
21035,0
4427,0
31802,0
14872,0
375,0
11203,0
10310,0
34525,0
18526,0
24611,0
11733,1
33196,1
34416,0
3726,0
25254,0
40413,0
29720,1
16255,0
31043,0
33024,0
30185,0
43806,0
10608,0
3348,0
25973,0
1955,0
46288,0
30861,1
26343,0
22878,0
34597,0
1918,0
12182,0
42373,0
46680,0
6461,0
4161,0
29930,0
42897,0
21698,0
32183,0
45476,0
27724,0
42088,0
27278,0
26569,1
36353,0
42256,0
37053,0
40081,1
28012,1
21209,1
4700,0
42077,0
28389,0
5728,0
11374,0
12050,0
28101,0
6767,0
4495,0
12666,0
6033,0
38794,1
18105,0
6366,1
8630,0
22057,0
21308,0
44422,0
22914,0
34371,0
20314,0
49686,1
37698,0
16597,0
20589,0
3471,0
49661,0
21928,0
49005,0
44732,0
12291,0
23491,0
49395,1
12570,0
36737,0
17256,0
17569,0
25065,0
14922,0
23669,0
19692,1
31824,0
39210,1
24637,0
44929,0
26738,0
13553,1
23189,0
47926,0
22889,1
13739,0
23439,1
2398,0
7905,0
39742,0
26922,0
2291,0
12441,1
31126,1
25491,1
45466,0
45388,0
15876,0
43530,0
41622,1
34098,0
48923,0
34476,0
8610,0
49249,0
22682,1
18088,0
49801,0
4270,0
39314,1
40113,0
10447,0
17244,0
48467,0
3429,0
41564,0
47285,0
37665,0
28689,0
11862,1
9800,0
33527,0
25377,0
31906,0
40179,0
28439,0
15877,0
36957,0
33541,1
45490,0
30171,0
49792,0
39631,1
6606,0
7903,0
38148,0
31355,0
20511,0
36155,0
41434,1
9440,0
6268,0
477,0
10306,0
42651,0
10858,0
43613,0
38042,0
24862,0
4176,0
8401,0
33672,0
45721,0
4799,0
13815,0
3407,0
11143,0
12116,0
37589,0
24588,0
22147,0
8590,0
39865,1
47201,0
6539,0
11042,0
34314,0
207,0
24034,0
24317,1
7501,0
31105,0
23168,0
1274,0
20811,0
12224,0
2502,0
37208,0
33317,0
9480,0
11534,1
34860,0
2302,0
12254,0
43796,0
36820,1
25336,0
34132,0
1252,0
28427,0
42391,0
21856,0
24993,0
5631,0
47950,0
12466,0
17284,0
11498,1
20031,1
47174,0
34137,0
45683,0
19148,0
36162,0
8027,0
5584,0
45678,0
45529,0
36105,0
10733,0
5745,0
14940,0
30537,0
38604,1
38048,0
29529,1
31757,0
35365,0
27235,0
7671,0
42489,1
6376,0
20017,0
31523,0
41754,0
14155,0
1882,0
25905,0
35825,0
38904,0
27285,0
3827,0
34701,0
40739,0
12709,0
45048,0
45735,0
23518,0
35131,0
18224,0
36930,0
15171,1
3035,0
28485,0
1877,1
38668,0
25917,0
24630,0
43864,0
38306,0
49439,0
18999,0
41151,0
36743,0
12583,0
22667,0
8873,0
16871,0
12842,1
43276,0
3135,0
11516,1
24232,0
43559,0
34256,0
1878,0
27270,1
25979,0
22693,0
4917,0
36826,0
33167,0
32576,0
23821,0
38731,0
5602,0
37189,0
49972,1
15094,0
23569,0
6364,0
24881,0
6014,0
24399,1
24721,0
27436,0
27739,0
9651,0
12915,0
37423,0
13903,0
19130,0
45782,1
6378,0
25370,0
30232,0
4304,0
16379,0
22802,0
38889,0
19322,1
2689,1
1604,0
49817,1
14573,0
16062,1
47167,0
35557,0
18454,0
3809,1
433,0
32803,0
18174,0
41081,0
15519,1
15945,0
19458,0
41850,0
16253,0
48087,0
43110,0
14235,0
14329,1
33861,1
687,1
37142,0
3074,0
9280,0
5903,1
40409,0
38716,0
20507,0
4144,0
23713,0
14486,0
1634,0
27295,0
16114,0
39199,0
37627,1
2478,0
10346,0
18245,0
24620,0
23256,0
5168,0
3347,0
19080,0
21580,0
41305,0
10559,0
14077,0
14061,1
19968,0
44219,0
5493,0
9534,0
39539,0
41486,1
15941,0
48053,1
5914,0
45669,0
41078,0
43775,0
16362,0
15392,0
23954,0
8857,0
13534,0
27159,1
28372,0
5142,0
47268,0
41591,0
24616,0
6550,0
25598,1
1319,0
37279,0
5723,0
40665,0
42042,0
15967,0
1214,0
11497,0
23376,0
8671,0
18994,0
7252,0
23371,0
41553,1
34880,0
31859,0
8489,0
39507,0
31812,0
24557,0
15612,0
18107,0
35810,0
42869,0
45375,1
37220,0
8499,0
18007,1
40220,1
42288,1
30935,0
30856,1
6438,0
10683,0
5563,0
27135,1
20427,0
4494,0
42976,1
29595,1
32579,0
46979,0
29125,0
29356,0
43478,1
20448,0
28056,0
37276,0
36486,0
49793,0
41392,0
31822,0
34513,0
4595,0
31367,1
35208,0
995,0
10963,0
40200,0
10434,0
31209,0
771,1
34846,1
23749,0
26571,0
37427,0
29237,0
35915,0
989,0
32147,0
15546,0
24556,0
6633,0
19057,0
7629,0
21314,0
26640,0
44062,0
16479,0
44392,0
16864,1
35329,1
13232,0
4659,0
25207,0
32961,0
47363,1
11972,0
46341,0
11899,0
16612,0
40731,0
33755,0
29249,0
14104,0
31076,0
40148,0
44720,0
15083,0
11597,0
6462,0
1551,1
5558,0
27036,0
28293,1
2610,0
20719,0
13,0
44402,0
14175,0
8695,0
7712,0
11150,0
3218,0
22085,0
29598,0
6401,0
27048,0
43246,0
42277,0
11371,0
46137,0
30364,0
16861,0
32673,0
45326,1
33594,0
40826,0
49678,1
32160,0
17864,0
4239,0
48236,0
20623,0
48322,1
21611,0
13783,0
36393,0
45509,0
21397,0
33122,0
26557,0
22277,0
44218,0
9030,0
30356,0
35334,1
34119,0
30204,0
28544,1
20089,0
6579,0
24093,0
35000,0
25965,0
19155,0
47596,0
24933,0
13387,0
4898,0
2640,0
46127,0
31673,0
33512,0
18130,0
12301,0
33220,0
48366,0
33279,0
6618,0
36990,0
13733,0
18930,0
42286,1
22807,0
19651,0
34772,0
3707,0
37136,0
18815,1
31979,0
5759,0
116,0
23952,0
44692,1
29482,1
32259,0
39485,0
30181,0
36409,0
30459,0
944,0
7405,0
37048,1
43920,0
48332,0
32783,0
28632,0
25275,0
4643,0
33365,0
19067,0
42778,0
14794,0
9985,0
49237,1
24923,0
35623,0
39389,0
24055,0
26620,0
7458,0
23329,0
28441,0
46839,0
47376,0
11385,0
3258,0
49465,0
33392,0
39556,0
15996,0
25726,0
26895,0
15632,0
24825,0
3782,0
42157,1
8164,0
46354,0
40061,0
22139,1
13592,0
23316,0
23307,0
674,1
7930,0
7241,0
31726,0
15246,0
48314,1
13156,0
45654,0
15930,0
42596,0
19315,0
8661,0
33572,0
31492,0
25060,0
48373,0
43711,0
6826,0
43268,0
14303,0
29221,0
44200,0
40321,0
18045,0
49461,0
40548,0
21874,0
21772,0
37061,0
8701,0
23206,0
32234,0
24953,0
25142,0
38097,1
17691,0
11453,1
32708,0
10968,0
2952,0
11288,0
27231,0
34216,0
31443,0
22573,0
47579,0
7135,0
46074,0
7589,0
46238,1
7847,0
37623,0
11905,0
17432,0
15149,0
37602,0
37889,0
48556,0
48612,0
44078,0
18326,0
21224,1
12604,0
11558,0
31811,0
30770,0
8121,0
37553,0
39550,0
4515,0
20183,0
36546,0
15809,0
13601,0
9649,0
16746,0
43940,0
30743,1
31873,0
39170,0
422,0
8260,0
29878,0
9251,0
47229,0
8108,0
6647,0
43106,1
30736,0
37083,0
49043,0
21077,0
18771,0
45771,0
32058,0
49839,1
8373,0
21713,0
49191,0
25183,0
33073,0
23281,0
7745,0
47230,0
6919,0
13788,0
32171,0
43054,0
23574,0
37533,0
22492,0
38216,0
1420,0
46266,1
45135,0
43953,1
10716,0
41204,0
45907,0
10741,0
8534,0
24080,0
11475,0
27650,0
28452,0
30117,0
46993,1
45083,0
19060,0
20117,0
18611,0
24845,0
21907,0
30801,0
15279,1
8678,0
3249,0
17544,0
29149,0
42740,0
14572,0
36026,0
42066,0
47161,1
25547,0
29562,0
27594,0
36832,0
13185,0
2011,0
22220,1
21410,0
9176,0
8325,0
27990,0
12800,0
39893,0
46854,0
48022,0
27775,0
46997,0
41599,0
27636,0
17701,1
4526,0
12764,0
5656,0
5587,0
31998,0
32826,0
19722,0
13851,1
38169,0
26341,0
15337,1
32526,1
19877,0
33922,0
20232,0
11566,0
20070,0
39004,0
32420,0
46101,0
11711,1
4921,0
47513,0
38691,1
873,0
9604,0
24932,0
3422,1
46205,0
35142,0
12455,0
10768,0
16954,0
27910,0
4491,0
4489,0
42087,0
8410,0
14747,0
18579,1
16462,0
10887,0
18290,0
3736,1
12191,0
25880,1
49102,0
37975,1
25609,0
7055,0
49987,1
25407,0
44389,1
26079,0
44945,0
9639,0
33764,1
12729,0
5396,0
14246,0
39332,0
38649,0
23111,0
10772,0
38213,0
10160,0
13034,0
6691,0
18417,0
39341,1
20151,0
22420,0
14347,0
33919,0
12884,1
30438,0
13399,0
14265,0
34266,1
28001,0
44571,0
44487,0
39530,1
5549,0
1117,0
34240,0
18664,1
25913,0
33388,0
34489,0
4641,0
14129,0
18376,0
5195,0
10729,0
42399,0
22258,0
43362,0
34753,1
3499,0
17132,0
33924,0
36398,0
43803,0
8484,0
40673,0
2838,0
10548,0
15483,1
22518,0
43790,0
13784,0
31751,0
25862,0
7113,0
4687,0
30201,0
36992,0
23702,0
5130,0
44562,0
9924,0
43141,1
10723,0
46300,0
16339,0
23676,0
44625,0
36628,1
17162,0
49911,0
46445,0
2216,0
41315,1
10757,0
7693,0
48205,1
10356,1
16056,0
45813,0
23214,0
46073,0
47573,0
24625,0
12500,0
34531,0
20085,0
5051,0
26164,0
45182,0
24919,0
35402,0
2569,0
40550,0
19082,0
25397,0
24768,0
27898,0
28595,0
7232,0
40180,0
18653,0
39477,0
32703,0
40838,0
41219,0
44953,1
10153,0
3528,0
40404,1
17967,0
47110,0
42696,1
14469,0
47023,0
44573,1
975,0
39681,0
29201,1
7313,0
31371,0
13682,0
30724,1
36522,0
12928,0
4271,0
38838,0
24955,0
31051,0
44066,0
39649,0
17716,0
33496,0
11456,0
29773,0
14950,0
24155,0
15070,0
8714,0
15716,1
32611,0
28515,0
1990,0
9352,0
14812,0
25117,0
39829,0
21886,0
31401,0
1363,0
17470,0
32655,0
15071,0
25222,0
19437,0
31068,0
30345,0
26034,1
18115,0
29704,0
22269,0
41789,0
17427,0
13949,0
47424,1
38695,0
6955,0
10731,0
27966,0
33535,0
42043,0
25977,0
8217,0
10792,0
30053,0
1227,0
8920,0
42434,0
28922,0
14000,0
48204,0
16317,0
49050,0
2682,1
1874,0
30407,1
4828,0
13576,0
41308,0
11843,0
41217,0
16890,0
26800,0
44910,0
23757,0
17914,1
36109,0
10083,0
12453,0
30284,0
12982,0
42988,0
46457,1
17593,0
4699,0
18761,0
870,1
806,0
27473,0
105,0
1282,0
18310,0
14545,0
14718,0
4985,0
49558,0
33325,0
27601,0
31639,0
31947,0
43990,0
29648,1
15181,0
18504,0
22557,0
33463,1
49920,0
32468,0
11579,1
19827,0
44373,0
15031,0
9216,0
9817,0
28592,1
16883,0
23888,0
12518,0
28686,1
30836,0
18471,0
754,1
26231,1
2764,1
40871,1
553,0
24359,0
5233,0
44,0
6508,0
15343,0
4266,0
34146,1
11973,0
34642,0
40442,1
26619,0
1075,0
2690,0
40399,0
7882,0
44780,0
30023,0
30726,0
25702,0
8602,0
24820,0
36661,0
8481,0
4651,0
31532,0
14134,0
14963,0
43650,0
28612,0
38050,1
46744,0
33436,1
30932,0
37998,1
15658,1
21802,0
27923,0
41605,0
1092,1
48567,0
48011,0
48325,0
28469,0
33182,0
28825,0
44372,0
38605,0
22411,0
18395,0
41187,0
21340,1
36951,1
44060,0
24516,0
31724,0
844,0
7866,0
11024,0
22653,1
2190,0
1860,0
39381,0
37527,0
21672,0
27200,0
19848,0
4979,0
1765,0
8702,0
36534,0
2403,0
33217,0
31801,0
35499,0
10809,0
45924,0
28862,1
33539,0
46522,0
3516,0
42336,0
18048,0
44180,0
930,0
35102,0
39707,0
20957,0
37014,1
34320,0
38296,1
38613,0
10312,0
30276,0
23987,0
48803,0
31215,0
30280,0
15065,0
22176,0
2781,0
27154,0
48265,0
30967,0
5797,0
24541,0
10359,0
8606,0
24104,0
45989,1
10074,0
25989,0
611,0
4418,0
31329,0
39204,0
25595,0
48930,0
34598,0
32867,0
44745,0
5416,0
11176,1
32819,0
32312,1
27779,0
18399,0
41979,0
9495,0
21801,0
3920,0
4851,0
36736,0
2288,0
39799,1
13178,0
34218,0
42579,1
21556,0
32268,0
30598,0
30585,0
5173,0
22213,0
10317,0
44853,0
6511,0
35017,0
6132,0
46940,1
29745,1
41600,1
8151,0
22567,0
48851,1
6656,0
22829,0
43363,0
16406,0
42878,0
32347,0
33850,0
3072,1
11696,0
9752,0
38052,0
42418,0
13013,0
33580,0
22830,0
5182,0
21604,0
13201,0
12280,0
14063,1
7499,1
26691,0
37417,0
13882,0
7563,1
18870,0
39351,0
9825,0
11822,0
23674,0
43545,0
42430,1
1576,1
33808,1
29916,0
24437,0
42711,1
24572,0
33029,0
46092,0
47897,0
32405,0
8434,0
35128,1
3357,0
28211,0
14249,0
33098,0
42178,0
29519,0
35933,1
21655,0
33244,0
23942,0
42439,0
12960,0
25821,1
46952,0
19615,0
34710,0
7216,0
36873,0
36584,0
17600,1
31340,0
27291,0
10167,0
876,0
1693,0
469,0
6847,0
6825,0
30915,1
25238,0
36479,0
38931,0
30262,0
35843,0
13276,0
9062,0
32153,0
11298,0
46370,0
39983,0
48685,0
362,1
43504,0
1447,1
29689,1
21531,0
19053,0
24088,0
43140,0
1602,0
36129,0
19942,0
23427,0
34558,0
32249,0
14492,0
21215,0
29021,1
2766,0
17353,0
32966,0
36225,1
44912,0
6756,0
4791,0
29056,0
28466,0
39288,1
19803,0
49061,0
26957,0
1797,0
42689,1
23524,1
32327,0
30070,0
38886,0
38269,0
46247,0
48791,1
36656,0
38900,0
462,0
44544,0
3793,0
17732,0
13889,0
29685,0
9607,1
32646,0
2542,0
15214,0
16234,0
19485,0
22498,0
9447,0
38573,0
11740,0
11886,0
27999,1
7915,0
30519,0
49173,0
29526,1
17710,1
24289,0
27574,0
5988,0
14858,0
4492,0
26069,0
44582,0
22595,0
11967,0
25820,0
3961,0
9871,0
16569,0
6870,0
46927,0
17110,0
16527,0
47867,0
38739,0
10454,0
29821,0
22907,0
29044,1
10014,0
8102,0
4332,0
97,0
37880,0
26578,1
42691,1
46520,0
17340,0
29548,0
47899,0
25413,0
13200,0
10701,0
11383,0
11369,0
46805,0
34833,0
24928,0
1741,1
5870,0
6935,0
39532,0
14701,0
47183,0
41900,0
34335,0
20839,0
8220,0
15651,1
27215,0
46178,0
2803,0
6094,0
29722,0
29421,0
7420,0
5010,0
39639,0
39592,0
557,0
45948,0
9286,0
46030,0
47783,0
13706,0
31627,0
20786,0
46690,0
7800,0
33171,0
8690,0
36660,0
14904,0
34183,0
34769,0
31613,0
15683,0
12554,0
48475,0
7892,0
3559,0
24823,1
31326,0
18437,0
42743,0
31871,0
40261,0
15453,1
5309,0
16360,0
20771,0
41790,0
12473,0
42895,0
15879,0
26821,1
19766,0
12832,0
41527,0
23526,0
43667,0
25369,0
2782,0
12757,0
33152,1
18929,0
34265,0
24648,0
25583,0
14602,0
2586,0
4458,1
16192,0
30298,0
4713,0
42358,0
7223,0
26604,1
37124,0
44810,1
21681,1
6604,0
5955,0
39222,0
3244,0
16151,0
3379,0
49999,0
32642,1
6228,0
14062,0
48846,0
21290,0
27523,0
49980,1
19556,0
43235,0
32607,1
48239,0
3742,0
35569,0
44830,0
38648,0
47557,1
23083,1
37621,0
35828,1
3075,1
25456,0
20583,0
24004,0
2410,0
30148,1
6615,0
13388,0
6501,0
38944,0
2860,0
37006,0
37309,0
18751,0
41396,1
27277,0
31944,0
28210,0
26316,0
33280,1
31387,0
24098,0
7347,0
47609,0
16930,0
8282,0
10266,1
8017,0
22472,0
36795,0
35646,0
37483,0
44223,0
9590,0
26689,0
18188,0
8156,0
33191,1
18924,0
2213,0
22827,0
43066,0
41104,0
40567,1
38245,0
45757,0
36170,0
25143,0
20732,0
46652,0
12633,0
43954,0
6669,0
5623,0
15681,0
38896,0
16843,0
41206,0
33202,1
2641,0
48719,0
32893,0
41795,1
2778,0
30687,0
4557,0
46858,0
14896,0
46066,1
20163,0
17429,0
35176,1
7218,0
3578,0
3058,0
31593,0
35862,0
5076,0
37028,0
41327,0
35846,0
11490,1
45625,0
39443,1
43350,0
15989,0
19964,0
19633,0
20324,0
8979,0
27413,0
12194,0
14742,0
39148,0
3077,1
49924,1
48587,1
40922,0
14934,0
9294,0
18458,0
29680,0
2553,0
11574,0
46822,0
30358,0
9004,0
9334,0
10894,0
31526,0
41252,1
45534,0
34953,1
3162,0
40894,0
27728,0
6415,0
29324,0
27673,0
48377,0
1125,0
24474,0
29851,0
41593,1
29907,0
4431,0
36506,0
20098,0
27496,0
11342,0
10098,0
44293,0
7899,0
1425,0
26091,0
29079,0
3393,0
5464,0
41667,1
7032,0
16554,0
28700,0
38635,0
36469,0
30216,0
35799,0
43727,0
30032,0
30249,0
35741,0
32863,0
9189,0
6730,0
25634,1
18559,0
48821,0
7539,0
37325,0
21362,0
13375,0
36107,0
47354,1
22316,0
2364,0
31473,0
38618,0
49266,0
19996,0
46106,0
33254,0
44111,0
46455,0
5355,0
38038,0
39908,1
4423,0
3965,0
17129,0
15833,1
42493,0
21535,0
283,0
44091,0
10915,0
21484,0
6701,1
15594,1
46848,1
12449,0
18012,0
33438,0
35367,1
43816,0
21494,0
11604,0
30675,0
31643,0
49208,0
8181,0
16098,0
22778,0
30016,0
10338,0
49564,0
13585,0
32834,0
4567,0
39076,1
31201,0
16836,0
13254,0
48387,1
2099,1
9624,0
47873,1
23475,0
4157,1
36143,0
39470,0
30725,0
34950,0
35743,0
16519,0
13865,0
48532,1
47479,0
11017,0
49134,0
1998,0
19346,0
40434,0
31901,0
40523,0
27040,0
32157,0
8422,0
1069,0
12465,0
47463,0
13821,0
25976,0
9479,0
42727,0
25645,0
17254,1
9566,0
27013,0
39686,0
13480,0
36805,0
38642,0
30044,0
24443,0
7707,0
47439,0
45345,1
35475,0
2602,1
19014,1
14567,0
13037,0
35787,1
25333,0
41042,1
43334,0
16531,0
16902,0
25760,0
23045,0
38547,0
40077,0
42971,1
31586,0
5023,0
19497,0
18079,0
2344,0
8802,0
43959,0
36219,0
39226,0
36573,0
24438,0
6803,0
16605,0
40202,0
25906,0
8041,0
7613,0
17068,0
3061,0
15271,1
35257,0
31312,0
26430,0
27353,0
37915,0
34095,0
3761,0
9310,1
10973,0
2814,0
48212,1
10274,0
41775,0
30013,0
46809,0
46476,0
43034,0
5786,0
41005,0
17045,0
11094,0
21415,0
36978,0
15333,0
14787,0
3720,0
40860,0
16162,0
3168,0
15751,1
37045,0
33442,0
41958,0
15609,0
25147,0
42772,0
9377,0
4269,1
2242,0
5512,0
29534,0
16066,0
2386,0
46316,0
47368,0
22570,0
30327,0
42757,0
37391,0
26380,0
41440,0
14743,0
35272,0
3081,0
18618,0
35977,0
49704,1
9376,0
29484,0
36822,0
23846,0
33074,0
26967,0
19415,0
17842,0
13559,0
43243,0
33125,1
13763,0
676,0
31888,0
8131,0
23031,0
1989,0
24050,0
26179,0
30135,0
27286,0
42211,0
7928,0
9656,0
25058,0
32891,0
45516,0
43366,0
19233,0
35530,1
10230,0
39964,0
5050,0
33095,0
48142,1
33546,0
48480,0
32081,1
44630,0
1819,0
39375,0
46450,0
12721,0
41307,0
23091,1
27559,0
25214,0
19850,0
32598,1
30491,0
24009,0
37225,0
32029,0
2918,0
1962,1
10956,0
6408,0
28939,0
49552,0
2654,0
19274,0
48186,0
20272,0
29233,0
25582,0
36054,0
3220,0
12653,0
29289,0
13710,0
25371,0
29057,0
21050,1
39154,0
10420,0
48902,0
22113,0
33553,0
9707,0
42890,0
19802,1
24424,0
37786,0
12635,0
48989,0
1480,0
9940,0
19193,0
3138,1
14698,0
14500,0
34092,1
17774,0
8842,0
3704,1
11362,0
30245,0
7198,0
17411,0
1142,1
42293,1
32931,0
44075,1
4982,0
32252,1
8797,0
10024,0
3553,0
33294,1
31769,0
6125,0
13301,0
45641,0
20417,0
47173,0
32569,1
11610,0
7961,0
37234,0
6723,0
29972,0
16127,0
31493,0
13890,0
38030,0
38023,0
6601,0
21182,0
27933,0
9910,0
9886,0
44388,1
47983,0
38975,0
28668,1
8747,0
28605,0
31276,0
33967,1
43301,0
1279,0
1397,0
1870,0
17207,0
10897,0
10580,0
7334,0
2742,0
48268,0
18409,0
35409,0
17159,0
41885,0
42316,0
19443,0
22831,1
183,0
31976,0
33315,0
24441,0
41218,0
49580,0
44340,0
29487,1
27138,0
42830,0
29834,0
2101,0
27630,0
27516,0
32813,0
37188,0
24917,0
32094,0
17183,0
35831,0
44353,0
15843,0
38824,1
13350,0
14096,0
14791,0
30540,0
40495,0
22706,0
16773,0
4693,0
27468,0
20640,0
41232,0
43537,0
18721,1
36982,1
952,0
35605,0
5541,0
7021,0
43233,0
628,0
6884,0
37099,0
46286,0
31287,0
414,0
30644,0
10711,0
14181,0
11250,1
24345,0
45306,0
5727,0
1270,0
24209,0
25078,0
49723,0
12551,0
49634,1
39951,0
22626,0
2552,0
12126,0
37376,0
32563,0
11545,1
43064,0
29246,0
49205,1
48522,0
10382,0
3182,0
16697,0
37810,1
28717,0
42342,1
16182,0
14674,0
37663,0
40418,0
33343,0
8007,0
7602,0
38433,0
24950,0
36535,0
4808,0
39868,0
47524,0
43071,0
25502,0
31648,0
41007,0
45077,0
37601,0
32892,0
42742,0
23925,0
49604,0
25332,0
47880,0
43722,0
35744,0
11472,0
41399,0
4891,0
29109,1
7202,0
36416,0
46536,0
23311,0
36436,0
48195,0
939,0
45190,0
34192,1
12022,1
28926,0
49000,1
9223,0
48470,0
28259,0
26120,0
49140,0
35643,1
9637,0
4685,1
26503,1
36454,0
28471,0
20378,0
48659,0
47764,1
37448,0
27247,0
4300,0
2504,0
33230,0
41703,0
13053,0
36821,0
3714,1
25573,0
34533,0
20608,0
8898,0
19993,0
4786,0
41989,0
30430,0
9658,0
40147,0
32435,0
41899,0
35797,0
5875,0
34882,0
21248,0
10609,0
21699,0
47180,0
2203,0
27131,0
13816,0
43924,0
20626,0
29690,0
24644,1
27611,0
24681,0
30544,0
17504,1
8036,0
24848,0
13945,0
12086,0
10452,0
41999,0
38451,0
47323,1
4841,0
11011,0
20192,0
17927,0
31372,1
47725,0
7734,0
49594,0
47688,0
32308,0
35307,1
13904,0
43529,0
23592,1
21385,0
3988,0
9188,0
23879,0
47017,0
40969,0
37132,0
45629,1
597,0
37081,0
7913,0
43116,1
22010,1
13497,0
28397,1
31409,0
49143,0
10376,0
28565,0
49846,1
40993,0
19283,0
12356,0
1684,0
38049,0
30266,0
6743,1
21859,0
8530,0
23837,0
22312,0
36752,0
29225,0
9876,1
30072,1
15437,0
9073,0
48331,0
41509,1
16171,0
32291,1
15789,1
40262,0
12434,0
30334,0
43010,0
21015,0
3538,0
2863,0
8103,0
44695,0
26550,0
21916,0
41824,0
37660,0
23043,0
18962,0
22481,0
39502,0
48032,0
20011,0
48355,1
19271,0
49857,1
30674,0
10532,0
5110,0
16523,0
1172,1
42858,0
45716,1
34568,0
9271,0
9888,0
5961,0
49509,0
28331,0
14021,0
13097,0
446,0
17430,1
9404,0
484,0
11347,1
3889,0
20063,0
34305,0
33398,0
27530,0
47324,1
11758,0
22150,0
30984,0
11064,0
31509,0
11427,1
40096,1
45463,1
14460,0
40371,0
21075,1
48400,0
1808,0
1307,0
43800,0
16064,0
33289,0
7659,0
12767,0
4807,0
6395,0
10666,0
8704,0
42602,0
46241,0
33281,0
16678,0
31442,0
22310,1
15747,0
47599,0
18148,0
8642,0
14380,1
21817,0
27202,0
28527,0
11749,0
21423,0
48729,0
21000,0
25810,0
4272,0
9757,0
49181,0
24415,0
30791,1
46674,0
1381,0
19603,0
38399,0
48513,1
24020,0
12790,0
37585,1
18665,0
14529,0
24496,0
26173,0
1008,0
14739,0
6985,0
3002,0
30753,0
36600,0
12620,0
4719,0
24002,0
12557,0
43875,0
27005,0
599,0
6700,0
18313,0
34645,1
43950,1
46464,0
11193,0
19075,0
21934,0
7841,0
19897,0
13450,0
15236,0
22259,0
27355,0
37840,0
38059,0
7971,1
12003,1
46597,0
29786,0
22488,0
33827,0
34486,0
41657,1
39057,0
13250,0
27158,0
22810,0
46177,0
37406,0
18322,0
48075,0
46402,0
44614,1
25129,0
18166,0
15569,0
45421,0
17083,0
8767,0
37323,0
41334,0
17800,1
35431,1
26146,1
40604,0
5932,0
35041,1
11625,0
21819,0
37728,0
10077,0
41523,1
24241,0
38183,0
9741,0
30763,0
28900,0
3772,0
19076,0
32778,0
42746,0
38883,0
47502,0
28902,1
12454,1
49179,0
30857,1
17515,1
19834,1
20510,0
20264,0
12871,0
7281,0
48298,0
27059,0
34384,0
17878,1
35173,0
18323,0
34346,0
29386,0
47115,0
24580,0
42315,0
23873,0
28952,0
3076,0
30946,0
28861,1
31570,0
6024,0
6975,0
42533,1
8338,0
37063,0
7236,0
40466,0
44674,0
37897,0
33249,0
35945,1
15369,0
15082,0
36717,0
37811,0
30221,0
46314,0
49735,0
1816,1
39716,0
19225,1
30553,0
8120,0
18542,1
26712,0
26662,0
31823,0
6354,0
37250,0
33626,1
182,0
22211,0
16887,0
15602,1
40801,0
2460,0
25753,0
37950,0
13096,0
49355,0
43007,0
47094,1
11190,0
7909,0
8376,0
13084,0
43576,0
32374,0
34461,0
5425,0
36032,0
44109,1
1851,0
26894,0
4512,1
32544,0
46234,0
8636,0
3261,1
45523,0
34881,0
20254,0
41274,0
8646,0
29664,0
47315,1
16770,0
11254,0
41329,0
41473,1
41487,1
38398,0
48000,0
27849,0
22404,0
3349,0
44122,0
2796,0
15119,0
6558,0
18242,1
7480,0
34538,0
4232,0
38302,0
17947,0
22074,0
29203,1
49913,1
48667,0
28533,0
47004,0
490,0
41997,0
46990,1
8229,0
12414,0
45988,1
49676,0
26317,0
35470,0
25029,0
18571,0
4880,0
16084,0
34068,1
42901,1
325,0
47536,1
21734,0
6267,0
44090,1
36669,0
43216,0
25164,0
43955,0
25959,0
31406,0
19924,0
6167,0
13828,0
15786,0
21861,0
26797,1
7932,0
41547,1
223,0
16603,0
11267,1
13779,0
4033,1
21608,0
32947,0
45288,0
39013,0
49932,1
1938,0
49637,1
30150,0
39404,0
33411,0
33097,0
36887,1
42368,0
23531,0
43659,0
34484,0
34036,0
8622,0
13714,0
14824,0
39986,0
40009,0
7095,0
10200,0
20400,0
45425,0
1263,0
19592,0
37582,0
34782,1
46075,1
2080,0
32115,0
3795,0
18735,0
37425,0
49598,0
32753,0
32255,0
16898,0
17521,0
2655,0
28167,0
46961,0
5258,0
27565,0
15622,0
35585,0
37408,0
33875,0
43168,0
8204,0
48200,0
26074,0
24151,1
47432,1
948,0
38647,0
26214,0
3669,0
2768,0
15725,0
17482,0
12708,0
30924,0
36146,0
17855,0
40171,0
26288,0
7192,0
45514,0
22478,0
7950,0
36615,1
34325,1
38317,0
29560,1
31874,0
12369,0
45578,0
5860,0
38234,0
15901,0
28281,1
5345,0
5984,0
1200,0
3046,0
2873,0
33272,0
701,0
47828,1
12807,0
18841,0
3094,0
27522,0
25375,0
34813,0
41690,0
38709,0
5632,0
21769,0
44901,0
8167,0
12971,0
41358,0
13755,0
30120,0
38575,0
7261,0
17241,0
19141,0
13277,0
10440,0
18087,0
13193,0
17580,1
30712,0
46281,0
7551,0
11248,0
8094,0
48543,0
30767,0
19756,0
22198,0
36878,1
21346,0
27258,0
41606,1
15978,0
24264,0
22440,1
31587,1
10296,0
12247,0
44643,0
17968,0
40040,0
42816,0
47312,1
20080,1
32672,0
27170,0
15475,0
4705,1
7951,0
44622,0
32889,0
14729,0
36355,0
28559,0
43912,0
44601,0
38576,0
38597,1
39018,0
23586,0
22206,0
17910,0
46883,1
6243,0
15294,1
18637,0
45004,1
34999,0
2122,1
1386,0
49991,0
6531,0
32713,1
16049,0
15750,1
28492,0
40687,0
40586,0
14578,0
46916,0
43247,1
40535,0
26877,0
4521,0
6088,0
42497,0
971,0
25575,0
33297,1
10063,0
19096,1
38913,0
8763,0
48601,0
18077,0
38938,1
20110,0
41436,1
38488,0
10911,0
24790,0
19098,0
43824,1
11690,0
13831,0
23112,0
31261,0
30592,0
34029,0
28807,0
16154,1
39791,0
20806,0
49151,0
43449,1
32785,0
26095,0
18531,0
4118,1
46290,0
40460,0
7641,0
21673,0
28122,0
16045,0
42153,0
34587,0
11708,0
31369,0
25497,0
49740,0
48234,0
18492,0
40644,0
27666,0
29976,1
28493,1
18704,0
6629,0
1869,1
40740,1
43712,0
29300,1
34172,0
1892,1
24874,0
2676,0
14018,0
17382,0
2406,0
46625,0
12394,0
41668,1
30021,0
32143,0
28698,1
36842,0
48263,0
16014,0
12102,1
36577,0
22751,0
33911,0
39347,0
48081,0
18736,0
2459,0
2809,0
22757,0
43208,0
316,0
17959,0
19739,0
11238,0
45522,0
27340,0
20186,0
9906,0
9161,0
43859,0
41293,0
4325,0
762,0
1384,0
28104,0
1375,0
4770,0
1353,1
40769,0
48563,0
12200,0
36071,0
11421,0
8707,0
38791,0
19361,1
11032,0
30253,0
23276,0
43769,0
42083,0
26529,0
9575,1
21029,0
17492,1
4953,0
34523,0
13493,0
13824,0
35541,0
7804,0
32839,0
19637,0
45996,0
36187,0
34340,0
37616,0
47279,0
12370,0
45903,1
45397,0
13709,0
39750,0
19684,0
30141,0
2475,0
22754,0
36968,1
19407,0
47452,0
14893,0
15061,0
18862,0
45956,0
306,0
1814,1
4192,1
49854,1
10926,0
42289,0
22178,0
15981,0
5934,0
28988,0
43206,0
41589,1
12949,0
6896,0
3803,1
46440,0
248,0
29308,0
4972,0
27609,0
47361,0
48958,0
11415,0
7908,0
11382,0
47388,0
27060,0
27697,0
13554,0
34789,0
35603,0
3602,0
43474,0
21276,0
40758,0
19236,0
11404,0
20226,1
35215,0
20598,0
44215,1
15089,0
31392,0
25918,0
20872,0
37485,0
33886,0
38339,0
2914,0
44497,0
26825,0
15906,0
10618,0
11284,0
26625,1
17302,1
23330,0
18528,0
33567,0
44298,0
10846,0
32471,1
47888,0
42701,0
27082,0
12549,1
169,0
1105,0
48482,0
21523,0
44950,0
28030,0
18669,0
10318,0
31778,0
36074,0
39901,0
44089,1
6861,0
1018,1
29922,1
5736,0
25858,0
36883,1
45484,1
2483,0
47802,0
42480,1
11406,1
28034,0
40218,1
33271,0
32858,0
39881,0
40667,0
40802,1
19611,0
9335,0
1106,0
43939,0
11848,0
20922,0
5925,0
10507,1
18038,0
27795,0
41537,1
6157,0
33044,0
22752,0
17908,1
30243,1
44750,0
1704,0
20266,1
29899,0
48235,0
23561,0
9863,0
13568,0
14042,1
41534,0
189,1
44468,1
44688,0
8475,0
12272,0
22704,1
14634,0
8818,0
46739,0
6688,0
32960,0
44973,0
33494,0
43218,0
30903,0
23454,0
23234,0
19983,0
31118,0
18391,0
17664,1
7283,0
24172,0
30827,0
44480,0
16642,0
5247,0
113,0
35660,0
42565,0
21234,0
30819,0
17599,0
31520,0
8585,0
12974,0
5272,0
27448,0
23038,0
42045,0
22530,0
41228,0
34722,0
28297,0
17257,0
47074,0
36427,0
10536,0
9465,0
40882,0
48017,0
17062,0
41773,0
49176,0
37851,1
34606,0
22946,0
31534,0
23199,0
24780,0
39547,0
19831,0
13896,0
17466,1
23871,0
13968,0
36089,0
19814,0
33223,1
5959,0
34177,0
27892,0
16100,1
48635,0
42397,1
6066,1
34286,0
9586,0
31588,0
29988,0
33559,1
10890,0
12021,0
9573,0
47647,0
25139,1
19795,0
30515,0
46770,1
17935,0
47232,0
7852,0
44093,0
48121,1
4026,1
24807,0
1821,0
41603,0
14193,0
39580,0
16687,0
38676,0
19933,0
41935,0
2116,0
46517,0
13734,0
34756,0
35201,0
45520,1
32566,0
26306,0
42025,0
41161,0
17901,0
22342,1
7633,0
43858,1
35491,1
19652,0
29556,0
4520,0
35221,1
7615,0
35277,0
12820,0
2486,0
21567,0
25845,0
34515,0
40631,0
14862,0
4410,0
6643,0
20461,0
46887,0
48498,0
29040,0
19835,0
48173,0
36836,0
25608,0
42679,1
23292,0
29232,1
37318,0
31756,0
24253,0
6109,1
23571,0
19332,0
19625,0
4209,1
32382,1
39265,0
5211,0
26389,0
7374,1
4893,0
32483,0
3105,1
664,0
31175,0
30700,1
34158,0
24707,0
5967,0
41449,0
48258,0
38664,0
9517,0
19378,0
9051,0
493,0
19657,0
34316,0
32390,0
31776,0
5013,0
34998,1
30303,1
5945,1
6446,0
11426,0
21064,0
11491,0
40643,0
42983,0
47471,0
24575,0
6524,0
42599,0
13607,0
25972,0
16540,0
13979,0
203,0
39380,0
41800,0
38704,0
19685,0
429,0
23012,1
6323,0
39079,1
45372,0
17506,0
42566,0
1109,1
23844,0
8685,0
30389,0
18422,0
13326,0
15231,0
14202,0
10964,0
44904,0
33517,0
29309,0
20503,0
30717,1
41230,0
29095,0
45567,0
20654,0
35771,0
35768,0
29457,0
21521,0
28399,0
28516,0
42099,0
31820,0
3933,0
13632,0
43577,0
10219,0
8394,0
26394,1
17378,0
7686,0
18926,0
6079,0
49328,0
31101,0
21525,0
20544,0
11283,0
32083,0
11269,0
49926,1
46967,1
35765,1
577,0
42644,0
33523,0
32687,0
8214,0
30530,0
3532,0
34625,0
5378,0
48364,0
25744,0
40583,0
25853,0
25351,0
18181,0
19066,1
1134,1
8584,0
5575,0
17144,1
22862,0
16091,0
29943,1
23198,0
49732,1
9338,0
12179,0
8907,0
41280,0
49674,1
34139,0
7301,0
37262,0
2034,0
36806,1
30904,0
22454,0
38086,0
10453,0
30255,0
41183,0
12498,0
45215,0
4590,0
1512,0
5552,0
48596,0
14689,0
3801,1
49874,0
9915,0
34744,0
12153,0
15806,0
5152,1
11180,0
9966,0
42139,0
8727,0
23003,0
41996,0
2534,0
38955,0
16169,0
1781,0
35172,0
6492,0
8183,0
44426,0
43132,0
12101,0
44799,0
17285,0
37130,0
19626,0
27339,0
37591,0
30132,0
743,1
29836,0
8889,0
17882,0
23265,0
16788,0
792,0
28241,0
44635,0
19557,0
12234,0
19735,0
4320,0
36785,0
11838,0
11985,0
48397,0
30555,0
21490,0
13106,0
13578,0
7433,0
49226,0
19764,0
41044,1
29197,0
29635,1
17425,0
3814,0
24515,0
33667,0
2220,0
30746,1
1054,1
15959,0
33563,0
35936,0
4664,0
49449,0
28935,0
28811,1
25599,0
3695,0
22765,0
8459,0
19775,0
6642,0
40846,0
35884,1
13992,0
25897,0
43471,0
3570,0
14013,1
28385,1
43379,0
4037,0
11277,1
22045,1
32457,1
40933,0
28188,0
41889,0
22191,0
46637,0
24683,0
17913,0
48769,0
42421,1
40650,1
49309,0
3732,0
38428,0
16703,0
44671,1
32694,0
8494,0
11594,0
36530,0
42828,1
33096,0
10742,0
44500,0
10497,0
44033,1
12029,0
20525,0
10732,0
13067,0
44125,0
34094,0
44538,1
6343,0
23055,0
36433,0
37615,0
31139,0
39142,0
40797,0
16665,0
8263,0
2725,0
20748,0
11680,0
17355,0
9160,1
23441,0
17608,0
24540,0
35137,0
36104,0
39271,0
43736,0
21102,0
46313,0
4876,0
45396,0
32809,0
3511,0
11070,0
43751,0
46783,0
22602,0
29582,0
29758,0
31303,0
17476,1
16254,0
26167,0
40301,1
10045,0
15817,0
37288,1
12989,0
28390,0
15764,0
32583,0
45486,0
4810,0
24012,0
40848,0
44126,0
6842,0
3327,0
9326,0
7091,0
18176,0
7377,0
8342,0
43424,0
25300,0
47605,0
20796,0
42586,0
5207,0
48801,0
17403,1
48774,0
4997,0
44791,0
22354,0
15703,0
5513,0
14156,0
23830,0
42585,1
25512,0
48920,0
33265,1
24954,0
15604,0
18941,0
44070,0
956,1
38474,1
38723,1
7404,0
8919,1
33579,0
31116,0
14089,0
18628,0
30370,0
18604,0
13163,0
3623,0
32654,0
28152,0
17835,1
31898,0
36819,0
487,0
13603,0
20006,0
7473,0
32593,0
30653,0
24789,0
43639,0
3195,1
2269,0
13028,0
31575,0
1774,0
47426,0
45018,1
43261,1
1888,0
37438,0
27107,1
17445,0
36980,0
21178,0
26872,0
32046,0
15694,0
49908,1
23059,0
34545,0
30468,0
49517,0
1310,0
33991,1
39297,1
31691,0
26107,1
25,0
40742,0
34674,0
7844,0
25012,0
5920,0
45047,0
9056,0
1589,0
30911,0
17415,0
35474,1
17452,0
41310,1
8099,0
21668,0
10164,0
18390,0
41011,0
19134,0
31973,0
39295,0
36771,0
24524,0
2339,0
9348,0
35822,1
47106,0
24627,0
38814,1
22606,1
5277,0
12594,0
4903,0
39175,0
28796,0
10392,0
3414,0
19164,0
46379,0
46643,0
15003,0
31400,0
3236,0
45196,0
7591,0
41908,0
22477,0
25167,0
30175,1
44054,1
4020,0
717,0
46340,0
10866,0
17290,1
5468,0
7623,0
5515,0
31848,0
16995,0
19649,1
24642,0
26388,0
25345,0
7000,1
17180,0
48782,0
15633,0
27304,1
46970,0
41133,0
30146,0
33046,0
38973,0
33163,0
36808,1
27298,0
17751,1
28218,0
5236,0
5261,0
267,0
19828,0
24513,0
16740,0
44479,0
8411,0
40333,0
48593,0
15497,0
14417,0
46971,0
34050,0
3748,0
14284,0
30164,0
17934,0
25445,0
23304,1
39299,1
38646,0
26279,0
39245,0
6943,0
49453,1
3498,0
13248,0
27623,0
17255,0
12220,0
20248,0
18346,0
32781,0
1824,1
13608,0
26351,0
28806,1
39909,0
28161,0
8034,0
42852,0
13210,0
25267,0
46935,0
40990,0
2289,0
3047,0
5948,0
36096,0
2272,0
42231,0
40092,1
7292,0
20755,0
27332,0
46089,0
4506,1
38820,0
35948,0
48767,0
30523,0
11530,0
29153,0
5317,0
9842,0
30125,0
15403,0
36599,0
4991,0
32751,0
41898,0
33380,0
40656,0
33417,0
36325,1
37949,0
6244,0
47331,1
49764,1
2515,1
20281,0
22837,0
11114,1
2833,0
2394,0
38323,0
44173,0
31749,0
8721,0
11364,1
24858,0
26651,0
39990,0
40236,0
41575,1
23967,0
10936,0
49888,0
9801,0
30043,0
13672,0
12078,0
34918,0
39906,1
18912,0
23733,0
39752,0
2600,0
25847,0
22133,0
36649,0
25627,0
6456,0
6443,0
12692,0
35633,1
17024,0
3387,0
13409,0
3836,0
12373,0
47521,0
13412,0
24303,0
20152,0
9905,0
34353,0
45934,0
17383,0
31457,0
6769,0
39598,0
30084,0
5998,0
24609,1
49859,0
4175,0
22441,0
31777,0
36209,0
27660,0
5146,0
17115,0
25176,0
45844,0
38948,0
38310,0
34510,0
18257,0
45538,0
46727,0
24076,0
38918,0
5772,1
20740,1
2568,0
21647,0
14803,0
45883,0
30766,0
22273,0
16275,0
28353,0
34596,0
5938,0
25151,0
44905,0
29451,1
26287,0
25284,0
20115,0
6833,0
26777,0
2596,0
46988,0
26384,1
33988,0
25975,0
48185,1
47163,0
32568,0
17719,0
30756,0
10759,0
2228,0
8425,0
13609,0
27713,1
49118,0
21555,0
7475,0
38589,0
47996,0
24517,0
8593,0
13477,0
24633,0
34849,0
43340,1
44863,0
11620,0
37558,0
29793,0
17493,0
40729,1
23077,0
32325,0
40433,0
13482,0
31,0
7045,0
38411,0
36044,0
31743,0
44848,0
1786,1
7023,0
10225,0
13455,0
3384,0
33473,0
44432,0
12140,0
9170,1
37150,0
40978,0
14973,0
3466,0
49679,0
3142,0
43648,0
18269,0
7270,0
21272,0
42337,1
43100,1
40374,0
19494,0
13982,0
48077,0
34941,0
26042,0
12677,0
44519,0
37504,0
41125,0
22991,1
21720,0
24776,0
10746,0
18621,1
15348,0
25779,0
46129,0
38803,1
17007,0
47395,0
27137,1
49856,0
36133,0
23389,1
26664,0
10643,1
46833,1
20180,0
41956,1
831,0
44963,1
26073,0
20390,0
23608,0
5880,0
25135,0
45393,0
16917,0
15635,1
24743,0
49398,1
20134,0
20328,0
24962,0
36034,0
18155,0
25509,0
47330,0
2074,0
43683,0
31809,0
5348,0
4621,0
8133,0
38603,0
14810,0
3991,0
7312,1
12936,0
36943,0
38227,0
33704,0
39513,0
36638,0
10438,0
25482,0
25235,0
39446,0
40425,0
24202,1
35766,0
24578,0
25437,0
9362,0
16471,0
30206,0
7625,1
33036,0
36674,0
8876,0
36725,0
8771,0
19318,0
47726,0
17792,0
5006,0
955,1
8863,0
40019,0
12480,0
11880,0
47503,0
12999,0
26554,0
36559,0
9414,0
1077,1
46019,0
19330,0
41002,0
35642,0
9883,0
6530,0
44593,0
15788,0
19937,0
22917,0
40412,1
31185,1
1724,1
1465,0
12045,0
30058,0
41938,0
12888,0
41384,0
48879,0
33731,0
17328,0
915,0
43380,0
15758,0
41766,0
28116,0
28726,0
21557,0
1314,0
31499,0
28476,0
31243,0
30152,0
38729,0
21205,0
37287,0
21434,0
49566,0
7092,0
30661,0
43195,0
21873,1
49279,1
40300,0
15988,0
16520,0
36314,1
38548,0
13128,0
48795,1
5446,0
42748,1
20578,0
41585,0
8968,0
41670,1
33326,0
9105,0
38680,0
22402,0
49142,0
17652,1
31636,0
45277,0
14595,0
49822,0
24129,1
44843,0
46540,0
12275,0
32362,0
33902,0
43316,0
16775,0
35688,0
42882,0
5601,0
6717,0
11333,0
33625,1
46638,0
10955,0
35418,0
23288,0
30270,0
43870,0
46383,0
45359,0
11327,1
32276,0
10054,0
41281,0
33724,0
16348,0
39520,0
23690,0
19468,0
6772,0
7427,0
41500,0
11955,0
34542,0
21327,0
7818,0
26239,0
20103,0
26707,0
16378,0
28200,0
19013,0
6510,0
33816,0
2660,0
4417,0
12297,0
1452,0
14392,0
23066,1
38,0
34469,0
46641,0
10611,0
13598,1
4297,0
819,1
19866,0
20429,0
15018,0
5365,0
20798,0
41528,1
40756,0
9212,0
8991,0
22801,0
38260,0
21291,0
7375,0
37919,0
40863,0
23795,0
36595,0
22639,0
24078,0
29733,0
6104,0
25190,0
30951,0
227,0
13943,0
41987,0
8703,0
14183,0
3651,0
22222,0
26284,0
49352,0
31977,0
6658,0
34618,0
3636,0
19824,0
41676,0
19870,0
11419,0
21292,0
31773,0
39661,0
25809,0
37419,0
4543,0
34189,0
41892,1
32232,0
1189,0
3658,0
36945,0
34108,0
9887,0
17614,1
6977,0
21509,0
48224,0
37699,0
5394,0
13487,0
25162,0
40292,0
11169,0
11085,0
42159,0
45619,0
31517,0
19219,0
33347,0
33622,0
24454,0
14825,0
46834,0
14890,0
14650,0
26474,0
49436,0
35755,0
32916,0
7119,0
43681,0
42208,0
11408,0
37331,0
47049,0
339,0
14070,0
51,0
12732,0
46164,0
46381,0
26703,0
8789,0
24259,0
23766,0
36311,0
16334,0
5597,0
24235,0
32547,0
11688,0
1417,1
26881,0
4633,0
24985,0
42276,0
35914,0
4461,0
23172,0
24829,0
5155,0
10284,0
1268,0
15892,0
46655,0
41675,1
44669,1
39232,1
22506,0
379,0
27750,0
1304,0
10794,0
18933,0
27189,1
28224,0
35109,0
29514,0
31352,0
31100,0
34450,1
43673,0
29646,0
46705,0
22055,0
26018,0
46903,0
21533,0
4278,0
42591,0
10443,0
29188,1
22585,0
28983,0
25302,0
9236,0
15011,0
19215,0
39281,1
29031,1
16401,0
17342,0
49542,0
29737,0
11881,0
29121,0
35689,0
10976,0
15851,0
3352,0
1239,0
7554,0
26001,0
15854,0
12525,0
16246,0
10837,0
28725,0
36538,0
540,1
22341,0
21002,0
34975,1
8871,0
39653,0
38277,0
28450,0
23129,0
43847,1
23504,0
2891,0
2027,1
7870,0
39989,0
12336,0
24876,0
2589,0
6959,0
42411,1
7716,0
44790,0
32020,0
14019,0
49945,1
6504,0
22559,0
42510,0
40831,0
13436,0
32452,0
42556,0
8753,0
16365,1
1983,0
27828,0
31150,0
14978,0
3908,1
27442,1
36569,0
44184,1
40395,0
47935,0
9191,1
39112,1
15867,1
35501,1
18444,0
45130,0
9238,0
41826,0
44751,0
28854,0
25353,0
43729,0
40698,0
36620,0
38525,0
10465,0
22789,0
11605,0
41682,0
15008,0
29367,0
7155,0
26848,0
38019,0
28607,0
24071,0
739,0
5271,0
355,0
34837,1
40163,1
31037,0
26754,0
26438,0
24974,0
24598,0
37600,0
12970,0
591,0
30317,0
11593,0
27752,0
15256,0
49497,0
10512,1
38953,0
8965,0
6071,0
37526,0
17227,1
48687,1
31090,0
2847,0
32138,0
21765,0
15357,1
2510,1
37221,0
28558,0
4723,0
15389,1
6206,0
4796,0
24254,0
9806,0
30353,1
26283,1
45545,1
37317,0
23950,0
19632,0
47522,1
6242,0
31849,0
4018,0
42572,1
42313,0
47666,0
15721,1
41706,0
27550,0
48607,0
291,0
38436,1
5981,0
20942,0
43339,0
15773,0
39313,0
43541,0
3156,0
43524,0
34600,0
29938,1
37901,0
41372,0
41021,0
45439,1
23856,0
47061,0
6958,0
28736,0
13996,0
34365,0
20120,0
9977,0
20685,0
35672,1
7943,0
15834,0
3992,1
33146,1
29064,0
43123,0
6113,0
6190,0
20799,0
43284,0
6781,0
41227,0
6994,0
28630,0
4389,0
42375,0
37411,1
23204,0
43481,0
8724,0
43564,0
43089,0
2260,0
44189,0
21118,0
40014,0
1313,1
35264,1
15006,0
29750,0
13418,0
20534,0
9144,0
19056,0
11633,0
47252,1
13914,0
9670,0
33257,0
47162,1
24192,0
39824,0
48554,0
18851,0
37966,0
37507,0
18076,0
15268,0
10661,0
48476,0
45699,0
46433,1
8840,0
44145,1
47984,0
10384,0
49864,1
25317,0
11982,0
10975,0
24634,0
48531,0
32067,1
17624,0
43139,0
386,0
44159,0
32894,0
12109,0
9214,0
42262,0
39843,0
23891,0
26621,1
9745,0
39174,0
34997,1
30319,1
38127,0
19526,0
2307,0
2051,0
46860,0
10691,0
32674,1
35234,0
27315,0
21762,0
41973,0
42909,0
45239,0
25136,0
43426,0
5109,0
43909,0
35504,0
21016,0
31806,0
1759,0
18388,0
17361,0
26103,0
9539,0
48805,0
28824,0
20912,0
22257,0
41758,1
45132,0
22515,0
32798,0
44026,0
7203,0
21803,0
33556,0
10361,0
35890,1
37395,0
11092,0
4148,0
23028,1
8225,0
3854,0
37340,0
25860,0
35854,1
34432,1
36995,0
31606,0
21921,0
17350,0
19090,0
31033,0
23930,0
35649,0
19298,1
4605,0
48,0
26750,0
37012,0
5200,0
33145,1
43845,1
24570,0
43688,0
16738,0
22589,1
17911,1
9482,0
22923,1
2956,0
44916,0
32533,0
4956,0
4318,0
26061,0
48423,0
15052,0
24011,0
41536,0
31210,0
4749,0
17323,0
43702,0
4764,0
40647,0
29628,0
30775,0
15580,1
35438,1
3294,0
49737,0
38455,0
17994,0
12544,0
40144,1
39982,0
32802,0
29516,0
28563,0
41516,0
13083,0
28955,1
21805,0
41012,0
36180,0
6256,0
10402,0
37374,0
34091,0
29310,0
7694,0
9211,0
30086,0
26431,0
19713,0
12515,0
39239,0
19404,0
22248,0
13944,0
18036,0
3598,0
28496,0
23,0
27762,0
8776,0
9823,1
42443,1
40472,0
47243,0
21965,1
34065,0
13566,1
2882,0
26366,0
7492,1
40192,0
36919,1
2563,0
16507,0
37324,0
41849,0
22637,0
48054,0
48429,1
7333,0
43136,0
8084,0
16888,0
39223,0
13550,0
45096,1
48772,0
42359,1
19564,0
39738,0
25710,0
3903,0
46165,0
7812,0
17055,0
16363,1
34403,1
33069,0
24436,0
25956,0
36848,0
33250,0
47281,0
32095,0
30136,0
9788,0
2225,0
31296,0
4626,0
30408,0
9709,0
14522,0
23447,0
31168,0
9865,0
43547,0
7284,0
40020,0
5576,0
38673,0
6527,0
1720,0
20629,0
555,0
13863,0
29585,0
12824,0
24290,0
40560,0
5302,0
6581,0
36665,0
18569,1
22246,0
12912,0
20813,0
37512,0
21884,0
38093,1
4756,0
30312,0
25684,0
11,0
31158,0
48005,1
4508,0
27254,0
5768,0
25672,0
13569,0
6755,0
35004,1
49870,0
23601,0
22041,0
7737,0
23903,0
17398,0
44748,1
37562,1
19301,0
24536,0
21900,0
6241,0
18985,1
38567,0
43759,0
9461,0
45740,0
43879,1
25674,0
43118,0
27407,1
41245,0
45947,0
24046,0
31519,1
3703,0
48995,0
1555,0
45801,1
27782,1
1501,0
21009,0
30998,1
34207,0
10827,0
18793,0
31670,0
48898,1
17613,0
15125,0
21452,1
26743,0
45834,0
28793,0
10862,0
24832,0
6233,0
46063,0
28646,1
19690,0
1623,0
18984,0
49569,0
16681,0
1788,1
43919,0
37289,0
21948,0
41651,0
30471,0
19643,0
23238,0
3174,0
23377,0
21488,0
48708,0
49373,0
19326,0
4341,1
33515,0
6281,0
19257,0
39616,0
20617,0
29827,0
1587,0
9319,1
8672,0
48847,0
41708,0
29978,0
36864,0
32762,0
38492,0
11993,1
33867,0
5145,0
5522,0
5021,0
14222,0
11851,0
16643,0
10196,0
28473,0
34938,0
6894,0
31219,1
30067,0
39165,0
5562,0
26722,1
27919,1
15419,1
16585,1
41109,0
155,0
21911,1
9661,0
12333,0
4482,0
17918,0
37359,0
44049,0
11780,0
40362,0
5117,0
36702,0
46794,0
20936,0
23032,0
724,0
4455,0
7617,1
47429,0
38954,0
27984,1
26486,0
43464,0
49011,1
44974,0
49438,0
45748,1
43598,0
22262,0
23210,0
9734,0
43661,0
5913,0
28305,0
22787,0
9690,0
30619,0
23019,1
12425,0
7808,0
12547,0
24208,1
9297,0
21967,1
41608,1
36246,0
16810,1
1961,1
9079,0
14746,0
10248,0
13888,0
5692,0
25489,0
32588,0
46722,1
28519,0
14490,0
10712,0
2008,0
1328,1
21387,1
37568,0
17358,1
5682,0
43402,0
44214,1
29399,0
9311,0
39277,0
30595,1
36066,0
35511,0
16439,0
31416,0
45861,0
6771,0
49572,0
2964,0
34107,0
49132,0
24624,0
7449,0
43669,0
3852,0
37856,0
3592,0
34636,0
6449,0
15890,0
34768,0
34831,1
8718,0
9519,0
28524,0
26590,0
36422,0
2106,0
45046,0
38359,0
17675,0
30413,0
206,0
23605,0
19206,0
20921,0
49666,0
41742,0
14291,1
46465,0
18330,0
10485,1
8040,0
49178,0
40411,0
24660,0
19068,0
49236,0
22713,0
47501,0
662,0
32663,0
9516,0
17203,0
32379,1
31893,0
8693,0
49058,1
5294,0
33458,0
45772,0
1165,0
6745,0
5280,0
29481,0
17853,0
16120,0
28993,1
40888,0
45961,0
26200,0
192,0
31943,0
40237,0
259,0
26843,0
2439,1
29791,0
10954,0
45816,0
40892,0
34366,0
2066,1
35056,0
44043,1
13895,0
11757,0
14415,0
41977,0
35715,0
6934,0
15900,1
7399,0
10940,0
35228,1
18475,0
34397,0
25418,0
14128,0
26886,0
36488,0
18560,0
44482,1
25546,0
4801,0
26266,0
14828,0
47813,0
34238,1
26161,1
12265,0
13644,0
1791,0
23721,0
20091,0
15894,0
34579,0
40610,0
40637,0
44554,1
31799,0
17112,0
34611,0
48913,1
35393,1
9291,0
48640,1
22329,1
8614,0
5354,0
7267,0
4615,0
15216,0
16322,0
20148,0
32073,0
40174,0
29388,0
16924,1
10231,0
8516,0
7530,0
10555,0
32628,0
26356,0
47007,0
40454,0
13517,0
37770,0
15766,0
47972,0
46085,1
41832,0
43977,0
44287,0
33797,0
9593,0
13965,0
24815,0
5439,0
19711,0
43931,0
38759,0
23062,0
20518,0
48406,0
37914,0
8713,0
26411,0
31186,0
8971,0
42008,0
19939,0
38009,0
12826,0
25727,0
21550,0
25444,0
19498,0
42398,0
8613,0
31946,0
18711,0
518,0
13217,0
38177,0
9891,0
5352,0
28588,1
7076,0
45753,1
32865,0
32389,1
2335,1
33610,0
3526,0
43335,1
32929,0
42284,1
35057,0
11626,0
30630,0
27035,0
48673,0
42568,0
47930,0
31787,0
46326,0
18377,0
22666,1
1247,0
44110,0
8790,0
14173,0
36262,1
4824,0
42621,0
31354,0
49317,0
30055,0
48170,0
41203,0
29594,1
33524,1
6063,0
20329,0
48647,0
39366,0
7389,0
33480,0
40115,1
20760,0
28114,0
38420,0
29241,0
45395,0
38799,1
1757,0
43780,0
39664,0
32102,0
27981,1
33565,0
14295,0
18635,0
41262,0
11276,0
655,1
32959,0
46747,0
45236,0
35046,0
42500,0
32546,0
35889,0
44569,0
554,0
36892,0
17801,1
11989,0
28022,0
31635,0
43112,0
6156,0
19161,0
35840,1
34585,0
9484,0
13460,1
22020,0
13272,0
23157,0
29035,0
15315,1
16805,1
17182,0
2917,0
46162,0
13933,0
48281,1
3579,0
26328,0
39336,1
23113,0
20622,0
2648,0
40041,0
36346,0
33921,0
23107,0
36038,0
5761,0
23528,0
34428,1
45944,0
18782,0
7765,0
4453,0
28847,0
13873,0
9184,0
25305,0
7651,0
28589,0
2949,0
34134,0
35717,0
39596,0
45661,0
36716,0
12481,0
44820,0
10008,0
1133,0
28615,0
28489,0
29545,1
7706,0
10795,0
26986,1
35192,0
44739,0
2984,0
8953,0
41448,1
30960,0
46431,0
20567,0
42771,0
8119,0
19496,0
26277,0
49982,0
16689,0
43500,0
12197,0
40240,0
21792,0
32475,0
36515,0
16489,0
43494,1
37335,0
36921,1
31565,0
40723,1
49353,0
17280,0
33147,0
29979,0
4850,0
19006,0
12004,0
47433,0
49280,0
17831,0
2897,0
44882,0
10262,0
23853,0
12419,0
15620,0
12088,0
37522,0
49184,0
2588,1
37319,0
36272,1
25292,0
18083,0
8578,0
18557,0
28136,0
1626,1
44220,1
708,1
694,0
16647,0
21250,0
40360,1
16036,1
39527,0
29231,0
46061,0
27494,0
4408,0
21974,0
37266,0
30008,0
29716,0
6571,0
47570,0
12226,0
5544,0
24350,0
35195,0
13803,0
5848,0
3630,0
21504,0
19741,0
13414,0
32050,0
